date,SPY
1993-01-29,24.175390243530273
1993-02-01,24.34733009338379
1993-02-02,24.39891242980957
1993-02-03,24.656827926635742
1993-02-04,24.76000213623047
1993-02-05,24.742807388305664
1993-02-08,24.742807388305664
1993-02-09,24.57085418701172
1993-02-10,24.605247497558594
1993-02-11,24.72559356689453
1993-02-12,24.536466598510742
1993-02-16,23.917465209960938
1993-02-17,23.900264739990234
1993-02-18,23.88308334350586
1993-02-19,23.969053268432617
1993-02-22,24.05502700805664
1993-02-23,24.037832260131836
1993-02-24,24.34733009338379
1993-02-25,24.39891242980957
1993-02-26,24.433305740356445
1993-03-01,24.36452293395996
1993-03-02,24.72559356689453
1993-03-03,24.828781127929688
1993-03-04,24.691213607788086
1993-03-05,24.62244415283203
1993-03-08,25.172672271728516
1993-03-09,25.086681365966797
1993-03-10,25.138277053833008
1993-03-11,25.06950569152832
1993-03-12,24.811573028564453
1993-03-15,24.931947708129883
1993-03-16,24.931947708129883
1993-03-17,24.77718734741211
1993-03-18,24.931947708129883
1993-03-19,24.894203186035156
1993-03-22,24.755996704101562
1993-03-23,24.807830810546875
1993-03-24,24.807830810546875
1993-03-25,24.963302612304688
1993-03-26,24.825105667114258
1993-03-29,24.928762435913086
1993-03-30,24.99787139892578
1993-03-31,24.980592727661133
1993-04-01,24.894203186035156
1993-04-02,24.37592315673828
1993-04-05,24.496864318847656
1993-04-06,24.427780151367188
1993-04-07,24.51414680480957
1993-04-08,24.479598999023438
1993-04-12,24.825105667114258
1993-04-13,24.876935958862305
1993-04-14,24.842374801635742
1993-04-15,24.842374801635742
1993-04-16,24.842374801635742
1993-04-19,24.73872947692871
1993-04-20,24.6177921295166
1993-04-21,24.600509643554688
1993-04-22,24.289562225341797
1993-04-23,24.18589210510254
1993-04-26,23.995878219604492
1993-04-27,24.255014419555664
1993-04-28,24.203182220458984
1993-04-29,24.30682945251465
1993-04-30,24.341384887695312
1993-05-03,24.496864318847656
1993-05-04,24.5832576751709
1993-05-05,24.652347564697266
1993-05-06,24.565980911254883
1993-05-07,24.51414680480957
1993-05-10,24.565980911254883
1993-05-11,24.66962432861328
1993-05-12,24.635074615478516
1993-05-13,24.341384887695312
1993-05-14,24.324113845825195
1993-05-17,24.410491943359375
1993-05-18,24.393205642700195
1993-05-19,24.894203186035156
1993-05-20,24.963302612304688
1993-05-21,24.73872947692871
1993-05-24,24.842374801635742
1993-05-25,24.894203186035156
1993-05-26,25.205163955688477
1993-05-27,25.118793487548828
1993-05-28,24.99787139892578
1993-06-01,25.239713668823242
1993-06-02,25.205163955688477
1993-06-03,25.118793487548828
1993-06-04,25.032413482666016
1993-06-07,24.946046829223633
1993-06-08,24.721445083618164
1993-06-09,24.807830810546875
1993-06-10,24.825105667114258
1993-06-11,24.928762435913086
1993-06-14,24.894203186035156
1993-06-15,24.842374801635742
1993-06-16,24.894203186035156
1993-06-17,24.980592727661133
1993-06-18,24.774850845336914
1993-06-21,24.827075958251953
1993-06-22,24.84445571899414
1993-06-23,24.618297576904297
1993-06-24,24.94886016845703
1993-06-25,24.93144416809082
1993-06-28,25.2098331451416
1993-06-29,25.088029861450195
1993-06-30,25.088029861450195
1993-07-01,25.018442153930664
1993-07-02,24.8792667388916
1993-07-06,24.618297576904297
1993-07-07,24.687881469726562
1993-07-08,24.966232299804688
1993-07-09,25.03584861755371
1993-07-12,25.018442153930664
1993-07-13,25.001039505004883
1993-07-14,25.088029861450195
1993-07-15,24.9836368560791
1993-07-16,24.914051055908203
1993-07-19,24.896656036376953
1993-07-20,24.966232299804688
1993-07-21,24.94886016845703
1993-07-22,24.774850845336914
1993-07-23,24.896656036376953
1993-07-26,25.03584861755371
1993-07-27,25.018442153930664
1993-07-28,24.966232299804688
1993-07-29,25.105426788330078
1993-07-30,24.966232299804688
1993-08-02,25.03584861755371
1993-08-03,25.053234100341797
1993-08-04,25.053234100341797
1993-08-05,25.001039505004883
1993-08-06,25.03584861755371
1993-08-09,25.175025939941406
1993-08-10,25.157625198364258
1993-08-11,25.157625198364258
1993-08-12,25.088029861450195
1993-08-13,25.122833251953125
1993-08-16,25.262027740478516
1993-08-17,25.348997116088867
1993-08-18,25.488178253173828
1993-08-19,25.488178253173828
1993-08-20,25.505592346191406
1993-08-23,25.453399658203125
1993-08-24,25.731765747070312
1993-08-25,25.749168395996094
1993-08-26,25.76656150817871
1993-08-27,25.749168395996094
1993-08-30,25.85355567932129
1993-08-31,25.923147201538086
1993-09-01,25.888341903686523
1993-09-02,25.801361083984375
1993-09-03,25.818744659423828
1993-09-07,25.644775390625
1993-09-08,25.55778694152832
1993-09-09,25.609983444213867
1993-09-10,25.836137771606445
1993-09-13,25.85355567932129
1993-09-14,25.749168395996094
1993-09-15,25.818744659423828
1993-09-16,25.7143611907959
1993-09-17,25.664512634277344
1993-09-20,25.454439163208008
1993-09-21,25.366897583007812
1993-09-22,25.576969146728516
1993-09-23,25.71703338623047
1993-09-24,25.646991729736328
1993-09-27,25.927095413208008
1993-09-28,25.87458038330078
1993-09-29,25.78705406188965
1993-09-30,25.734533309936523
1993-10-01,25.85709571838379
1993-10-04,25.892086029052734
1993-10-05,25.85709571838379
1993-10-06,25.839570999145508
1993-10-07,25.769542694091797
1993-10-08,25.804569244384766
1993-10-11,25.85709571838379
1993-10-12,25.892086029052734
1993-10-13,25.892086029052734
1993-10-14,26.224716186523438
1993-10-15,26.364765167236328
1993-10-18,26.29473876953125
1993-10-19,26.102163314819336
1993-10-20,26.137197494506836
1993-10-21,26.102163314819336
1993-10-22,25.979631423950195
1993-10-25,26.04964828491211
1993-10-26,26.032154083251953
1993-10-27,26.04964828491211
1993-10-28,26.242216110229492
1993-10-29,26.242216110229492
1993-11-01,26.312246322631836
1993-11-02,26.29473876953125
1993-11-03,25.96212387084961
1993-11-04,25.682010650634766
1993-11-05,25.804569244384766
1993-11-08,25.839570999145508
1993-11-09,25.85709571838379
1993-11-10,26.04964828491211
1993-11-11,25.979631423950195
1993-11-12,26.102163314819336
1993-11-15,26.08466148376465
1993-11-16,26.207199096679688
1993-11-17,26.067153930664062
1993-11-18,25.99713706970215
1993-11-19,25.944610595703125
1993-11-22,25.78705406188965
1993-11-23,25.927095413208008
1993-11-24,26.032154083251953
1993-11-26,26.04964828491211
1993-11-29,25.944610595703125
1993-11-30,25.96212387084961
1993-12-01,25.99713706970215
1993-12-02,26.067153930664062
1993-12-03,26.172189712524414
1993-12-06,26.259742736816406
1993-12-07,26.242216110229492
1993-12-08,26.242216110229492
1993-12-09,26.154699325561523
1993-12-10,26.102163314819336
1993-12-13,26.259742736816406
1993-12-14,26.067153930664062
1993-12-15,26.032154083251953
1993-12-16,26.11968994140625
1993-12-17,26.263225555419922
1993-12-20,26.298490524291992
1993-12-21,26.21035385131836
1993-12-22,26.386600494384766
1993-12-23,26.368989944458008
1993-12-27,26.509998321533203
1993-12-28,26.56287956237793
1993-12-29,26.527620315551758
1993-12-30,26.42185401916504
1993-12-31,26.28084945678711
1994-01-03,26.21035385131836
1994-01-04,26.316116333007812
1994-01-05,26.368989944458008
1994-01-06,26.368989944458008
1994-01-07,26.527620315551758
1994-01-10,26.844890594482422
1994-01-11,26.79201889038086
1994-01-12,26.703886032104492
1994-01-13,26.633373260498047
1994-01-14,26.739137649536133
1994-01-17,26.739137649536133
1994-01-18,26.774385452270508
1994-01-19,26.703886032104492
1994-01-20,26.774385452270508
1994-01-21,26.721515655517578
1994-01-24,26.615741729736328
1994-01-25,26.615741729736328
1994-01-26,26.686246871948242
1994-01-27,26.933015823364258
1994-01-28,27.003528594970703
1994-01-31,27.197416305541992
1994-02-01,27.056396484375
1994-02-02,27.232677459716797
1994-02-03,27.109283447265625
1994-02-04,26.49236297607422
1994-02-07,26.615741729736328
1994-02-08,26.633373260498047
1994-02-09,26.739137649536133
1994-02-10,26.509998321533203
1994-02-11,26.598125457763672
1994-02-14,26.633373260498047
1994-02-15,26.774385452270508
1994-02-16,26.75676727294922
1994-02-17,26.598125457763672
1994-02-18,26.43950080871582
1994-02-22,26.703886032104492
1994-02-23,26.633373260498047
1994-02-24,26.28084945678711
1994-02-25,26.40423583984375
1994-02-28,26.40423583984375
1994-03-01,26.298490524291992
1994-03-02,26.333736419677734
1994-03-03,26.263225555419922
1994-03-04,26.333736419677734
1994-03-07,26.474742889404297
1994-03-08,26.368989944458008
1994-03-09,26.49236297607422
1994-03-10,26.28084945678711
1994-03-11,26.42185401916504
1994-03-14,26.457124710083008
1994-03-15,26.43950080871582
1994-03-16,26.6509952545166
1994-03-17,26.6509952545166
1994-03-18,26.645193099975586
1994-03-21,26.57427978515625
1994-03-22,26.645193099975586
1994-03-23,26.6274471282959
1994-03-24,26.308351516723633
1994-03-25,26.0601749420166
1994-03-28,26.095619201660156
1994-03-29,25.581510543823242
1994-03-30,25.226951599121094
1994-03-31,25.2978572845459
1994-04-04,24.907838821411133
1994-04-05,25.421958923339844
1994-04-06,25.421958923339844
1994-04-07,25.54606819152832
1994-04-08,25.351036071777344
1994-04-11,25.457399368286133
1994-04-12,25.421958923339844
1994-04-13,25.28900146484375
1994-04-14,25.2978572845459
1994-04-15,25.2978572845459
1994-04-18,25.12944793701172
1994-04-19,25.164901733398438
1994-04-20,25.1383113861084
1994-04-21,25.475143432617188
1994-04-22,25.448545455932617
1994-04-25,25.7144775390625
1994-04-26,25.687870025634766
1994-04-28,25.501724243164062
1994-04-29,25.581510543823242
1994-05-02,25.741056442260742
1994-05-03,25.7144775390625
1994-05-04,25.670154571533203
1994-05-05,25.63470458984375
1994-05-06,25.38650131225586
1994-05-09,25.164901733398438
1994-05-10,25.359914779663086
1994-05-11,25.12944793701172
1994-05-12,25.253538131713867
1994-05-13,25.253538131713867
1994-05-16,25.262399673461914
1994-05-17,25.63470458984375
1994-05-18,25.820837020874023
1994-05-19,25.944931030273438
1994-05-20,25.84743309020996
1994-05-23,25.803104400634766
1994-05-24,25.909475326538086
1994-05-25,25.98038673400879
1994-05-26,25.998119354248047
1994-05-27,26.024709701538086
1994-05-31,25.989261627197266
1994-06-01,26.1044864654541
1994-06-02,26.077896118164062
1994-06-03,26.228580474853516
1994-06-06,26.219722747802734
1994-06-07,26.184274673461914
1994-06-08,25.97151756286621
1994-06-09,26.11335563659668
1994-06-10,26.157670974731445
1994-06-13,26.193132400512695
1994-06-14,26.396991729736328
1994-06-15,26.290634155273438
1994-06-16,26.34382438659668
1994-06-17,26.196773529052734
1994-06-20,25.973695755004883
1994-06-21,25.750625610351562
1994-06-22,25.848793029785156
1994-06-23,25.697107315063477
1994-06-24,25.161760330200195
1994-06-27,25.598962783813477
1994-06-28,25.474042892456055
1994-06-29,25.554346084594727
1994-06-30,25.39374351501465
1994-07-01,25.44727897644043
1994-07-05,25.581117630004883
1994-07-06,25.545421600341797
1994-07-07,25.652498245239258
1994-07-08,25.643569946289062
1994-07-11,25.554346084594727
1994-07-12,25.590044021606445
1994-07-13,25.63465690612793
1994-07-14,25.9112548828125
1994-07-15,25.920164108276367
1994-07-18,25.964778900146484
1994-07-19,25.9112548828125
1994-07-20,25.79525375366211
1994-07-21,25.848793029785156
1994-07-22,25.893400192260742
1994-07-25,25.929092407226562
1994-07-26,25.90233039855957
1994-07-27,25.90233039855957
1994-07-28,25.955842971801758
1994-07-29,26.21460723876953
1994-08-01,26.339529037475586
1994-08-02,26.375211715698242
1994-08-03,26.3841495513916
1994-08-04,26.232465744018555
1994-08-05,26.143230438232422
1994-08-08,26.20570182800293
1994-08-09,26.25030517578125
1994-08-10,26.34845542907715
1994-08-11,26.25030517578125
1994-08-12,26.455524444580078
1994-08-15,26.446592330932617
1994-08-16,26.63397979736328
1994-08-17,26.61613655090332
1994-08-18,26.526914596557617
1994-08-19,26.50905418395996
1994-08-22,26.482295989990234
1994-08-23,26.63397979736328
1994-08-24,26.91950035095215
1994-08-25,26.848119735717773
1994-08-26,27.231788635253906
1994-08-29,27.213958740234375
1994-08-30,27.285329818725586
1994-08-31,27.213958740234375
1994-09-01,27.124727249145508
1994-09-02,27.008716583251953
1994-09-06,27.01764678955078
1994-09-07,26.990886688232422
1994-09-08,27.124727249145508
1994-09-09,26.839191436767578
1994-09-12,26.758899688720703
1994-09-13,26.839191436767578
1994-09-14,26.865968704223633
1994-09-15,27.205020904541016
1994-09-16,27.011409759521484
1994-09-19,27.038339614868164
1994-09-20,26.52665138244629
1994-09-21,26.52665138244629
1994-09-22,26.463817596435547
1994-09-23,26.374042510986328
1994-09-26,26.508703231811523
1994-09-27,26.49075698852539
1994-09-28,26.697223663330078
1994-09-29,26.562572479248047
1994-09-30,26.52665138244629
1994-10-03,26.463817596435547
1994-10-04,26.0688533782959
1994-10-05,26.07780647277832
1994-10-06,25.99703598022461
1994-10-07,26.113706588745117
1994-10-10,26.392011642456055
1994-10-11,26.787002563476562
1994-10-12,26.822891235351562
1994-10-13,26.91266632080078
1994-10-14,27.029373168945312
1994-10-17,26.97550392150879
1994-10-18,26.91266632080078
1994-10-19,27.038339614868164
1994-10-20,26.85881233215332
1994-10-21,26.75108528137207
1994-10-24,26.52665138244629
1994-10-25,26.5535945892334
1994-10-26,26.65233612060547
1994-10-27,26.813932418823242
1994-10-28,27.379474639892578
1994-10-31,27.280719757080078
1994-11-01,26.97550392150879
1994-11-02,26.822891235351562
1994-11-03,26.966520309448242
1994-11-04,26.616432189941406
1994-11-07,26.697223663330078
1994-11-08,26.9036922454834
1994-11-09,26.94858741760254
1994-11-10,26.760046005249023
1994-11-11,26.661298751831055
1994-11-14,26.91266632080078
1994-11-15,26.822891235351562
1994-11-16,26.91266632080078
1994-11-17,26.733129501342773
1994-11-18,26.697223663330078
1994-11-21,26.42791748046875
1994-11-22,25.853395462036133
1994-11-23,25.99703598022461
1994-11-25,26.122697830200195
1994-11-28,26.239404678344727
1994-11-29,26.230417251586914
1994-11-30,26.19451141357422
1994-12-01,25.934188842773438
1994-12-02,26.176559448242188
1994-12-05,26.203487396240234
1994-12-06,26.221433639526367
1994-12-07,26.032930374145508
1994-12-08,25.781564712524414
1994-12-09,25.880334854125977
1994-12-12,26.050891876220703
1994-12-13,26.149627685546875
1994-12-14,26.284284591674805
1994-12-15,26.365087509155273
1994-12-16,26.493867874145508
1994-12-19,26.53005027770996
1994-12-20,26.4486141204834
1994-12-21,26.729116439819336
1994-12-22,26.647674560546875
1994-12-23,26.674835205078125
1994-12-27,26.819591522216797
1994-12-28,26.683868408203125
1994-12-29,26.701982498168945
1994-12-30,26.385271072387695
1995-01-03,26.511938095092773
1995-01-04,26.638635635375977
1995-01-05,26.638635635375977
1995-01-06,26.665782928466797
1995-01-09,26.692935943603516
1995-01-10,26.72006607055664
1995-01-11,26.7381649017334
1995-01-12,26.74720573425293
1995-01-13,27.06391143798828
1995-01-16,27.226774215698242
1995-01-17,27.235816955566406
1995-01-18,27.208681106567383
1995-01-19,27.05486297607422
1995-01-20,26.955337524414062
1995-01-23,27.03675651550293
1995-01-24,27.072959899902344
1995-01-25,27.145355224609375
1995-01-26,27.1724910736084
1995-01-27,27.281049728393555
1995-01-30,27.1634578704834
1995-01-31,27.272018432617188
1995-02-01,27.26296043395996
1995-02-02,27.42583656311035
1995-02-03,27.814922332763672
1995-02-06,27.93256378173828
1995-02-07,27.968738555908203
1995-02-08,27.968738555908203
1995-02-09,27.968738555908203
1995-02-10,28.004945755004883
1995-02-13,28.01400375366211
1995-02-14,28.050189971923828
1995-02-15,28.204017639160156
1995-02-16,28.167821884155273
1995-02-17,28.059221267700195
1995-02-21,28.050189971923828
1995-02-22,28.258298873901367
1995-02-23,28.30354118347168
1995-02-24,28.37592315673828
1995-02-27,28.149715423583984
1995-02-28,28.38498878479004
1995-03-01,28.204017639160156
1995-03-02,28.240192413330078
1995-03-03,28.249252319335938
1995-03-06,28.267343521118164
1995-03-07,28.050189971923828
1995-03-08,28.122583389282227
1995-03-09,28.113525390625
1995-03-10,28.52975845336914
1995-03-13,28.502605438232422
1995-03-14,28.710723876953125
1995-03-15,28.656429290771484
1995-03-16,28.828359603881836
1995-03-17,28.85702896118164
1995-03-20,28.85702896118164
1995-03-21,28.784244537353516
1995-03-22,28.811542510986328
1995-03-23,28.82973289489746
1995-03-24,29.239110946655273
1995-03-27,29.357389450073242
1995-03-28,29.357389450073242
1995-03-29,29.3482723236084
1995-03-30,29.2937068939209
1995-03-31,29.175443649291992
1995-04-03,29.248212814331055
1995-04-04,29.439260482788086
1995-04-05,29.439260482788086
1995-04-06,29.548437118530273
1995-04-07,29.52114486694336
1995-04-10,29.57572364807129
1995-04-11,29.475650787353516
1995-04-12,29.57572364807129
1995-04-13,29.73948097229004
1995-04-17,29.566640853881836
1995-04-18,29.46656036376953
1995-04-19,29.439260482788086
1995-04-20,29.48472785949707
1995-04-21,29.63032341003418
1995-04-24,29.97601318359375
1995-04-25,29.894128799438477
1995-04-26,29.921422958374023
1995-04-27,29.99419593811035
1995-04-28,30.039674758911133
1995-05-01,29.95781898498535
1995-05-02,30.021503448486328
1995-05-03,30.439973831176758
1995-05-04,30.421789169311523
1995-05-05,30.385395050048828
1995-05-08,30.603740692138672
1995-05-09,30.576438903808594
1995-05-10,30.612834930419922
1995-05-11,30.694725036621094
1995-05-12,30.712902069091797
1995-05-15,30.85846710205078
1995-05-16,30.876651763916016
1995-05-17,30.758398056030273
1995-05-18,30.312604904174805
1995-05-19,30.330808639526367
1995-05-22,30.66741371154785
1995-05-23,30.94942855834961
1995-05-24,30.931249618530273
1995-05-25,30.958534240722656
1995-05-26,30.603740692138672
1995-05-30,30.594629287719727
1995-05-31,31.23145866394043
1995-06-01,31.14958381652832
1995-06-02,31.176864624023438
1995-06-05,31.36790657043457
1995-06-06,31.31332778930664
1995-06-07,31.14958381652832
1995-06-08,31.076814651489258
1995-06-09,30.894845962524414
1995-06-12,31.067707061767578
1995-06-13,31.404315948486328
1995-06-14,31.37701988220215
1995-06-15,31.513469696044922
1995-06-16,31.607027053833008
1995-06-19,31.963918685913086
1995-06-20,31.881555557250977
1995-06-21,31.863258361816406
1995-06-22,32.284202575683594
1995-06-23,32.22013473510742
1995-06-26,31.83579444885254
1995-06-27,31.771751403808594
1995-06-28,31.936464309692383
1995-06-29,31.881555557250977
1995-06-30,31.863258361816406
1995-07-03,31.982227325439453
1995-07-05,32.1011848449707
1995-07-06,32.512969970703125
1995-07-07,32.659393310546875
1995-07-10,32.677703857421875
1995-07-11,32.52211380004883
1995-07-12,32.92475891113281
1995-07-13,32.85157012939453
1995-07-14,32.8241081237793
1995-07-17,33.00711441040039
1995-07-18,32.723453521728516
1995-07-19,32.36655807495117
1995-07-20,32.48554229736328
1995-07-21,32.448917388916016
1995-07-24,32.686832427978516
1995-07-25,32.93389892578125
1995-07-26,32.90644836425781
1995-07-27,33.18096923828125
1995-07-28,32.97051239013672
1995-07-31,32.888153076171875
1995-08-01,32.8332633972168
1995-08-02,32.760047912597656
1995-08-03,32.750885009765625
1995-08-04,32.787498474121094
1995-08-07,32.860694885253906
1995-08-08,32.860694885253906
1995-08-09,32.85157012939453
1995-08-10,32.778350830078125
1995-08-11,32.595340728759766
1995-08-14,32.888153076171875
1995-08-15,32.8241081237793
1995-08-16,32.91559982299805
1995-08-17,32.860694885253906
1995-08-18,32.89728927612305
1995-08-21,32.80580520629883
1995-08-22,32.869850158691406
1995-08-23,32.750885009765625
1995-08-24,32.787498474121094
1995-08-25,32.97051239013672
1995-08-28,32.85157012939453
1995-08-29,32.93389892578125
1995-08-30,33.00711441040039
1995-08-31,33.03455352783203
1995-09-01,33.18096923828125
1995-09-05,33.49209976196289
1995-09-06,33.556182861328125
1995-09-07,33.574466705322266
1995-09-08,33.702598571777344
1995-09-11,33.794090270996094
1995-09-12,33.94965362548828
1995-09-13,34.10521697998047
1995-09-14,34.416351318359375
1995-09-15,34.40684509277344
1995-09-18,34.27806091308594
1995-09-19,34.44365310668945
1995-09-20,34.6092529296875
1995-09-21,34.32406234741211
1995-09-22,34.33326721191406
1995-09-25,34.27806091308594
1995-09-26,34.26884460449219
1995-09-27,34.241268157958984
1995-09-28,34.49884796142578
1995-09-29,34.43446731567383
1995-10-02,34.2596435546875
1995-10-03,34.296451568603516
1995-10-04,34.2596435546875
1995-10-05,34.360862731933594
1995-10-06,34.388458251953125
1995-10-09,34.103275299072266
1995-10-10,34.084877014160156
1995-10-11,34.195255279541016
1995-10-12,34.40684509277344
1995-10-13,34.51725769042969
1995-10-16,34.35165023803711
1995-10-17,34.581661224365234
1995-10-18,34.682838439941406
1995-10-19,34.84843444824219
1995-10-20,34.63684844970703
1995-10-23,34.563255310058594
1995-10-24,34.60005187988281
1995-10-25,34.31487274169922
1995-10-26,34.00206756591797
1995-10-27,34.2596435546875
1995-10-30,34.48045349121094
1995-10-31,34.33326721191406
1995-11-01,34.6092529296875
1995-11-02,34.8300666809082
1995-11-03,34.876041412353516
1995-11-06,34.756439208984375
1995-11-07,34.62763977050781
1995-11-08,34.94041442871094
1995-11-09,35.0692253112793
1995-11-10,35.05084991455078
1995-11-13,35.01401901245117
1995-11-14,34.784034729003906
1995-11-15,35.13361740112305
1995-11-16,35.32680892944336
1995-11-17,35.43720626831055
1995-11-20,35.253211975097656
1995-11-21,35.53839111328125
1995-11-22,35.428035736083984
1995-11-24,35.52001953125
1995-11-27,35.52922439575195
1995-11-28,35.90640640258789
1995-11-29,35.943199157714844
1995-11-30,35.86040496826172
1995-12-01,35.90640640258789
1995-12-04,36.34799575805664
1995-12-05,36.58716583251953
1995-12-06,36.669979095458984
1995-12-07,36.476776123046875
1995-12-08,36.59638595581055
1995-12-11,36.75276184082031
1995-12-12,36.642364501953125
1995-12-13,36.87236785888672
1995-12-14,36.60558319091797
1995-12-15,36.61897659301758
1995-12-18,35.91547775268555
1995-12-19,36.29500198364258
1995-12-20,35.94325637817383
1995-12-21,36.12837219238281
1995-12-22,36.257957458496094
1995-12-26,36.43385696411133
1995-12-27,36.415340423583984
1995-12-28,36.37831497192383
1995-12-29,36.424598693847656
1996-01-02,36.81337356567383
1996-01-03,36.91518783569336
1996-01-04,36.56343460083008
1996-01-05,36.489376068115234
1996-01-08,36.62824249267578
1996-01-09,35.99878692626953
1996-01-10,35.526695251464844
1996-01-11,35.73961639404297
1996-01-12,35.68405532836914
1996-01-15,35.61002731323242
1996-01-16,36.045066833496094
1996-01-17,35.933998107910156
1996-01-18,36.05433654785156
1996-01-19,36.29500198364258
1996-01-22,36.30427169799805
1996-01-23,36.38755798339844
1996-01-24,36.683773040771484
1996-01-25,36.55418395996094
1996-01-26,36.868900299072266
1996-01-29,37.01701736450195
1996-01-30,37.33174133300781
1996-01-31,37.72051239013672
1996-02-01,37.8593635559082
1996-02-02,37.70201110839844
1996-02-05,38.007469177246094
1996-02-06,38.36848068237305
1996-02-07,38.590633392333984
1996-02-08,39.007164001464844
1996-02-09,38.9979248046875
1996-02-12,39.29413604736328
1996-02-13,39.21080780029297
1996-02-14,38.868324279785156
1996-02-15,38.627662658691406
1996-02-16,38.47028732299805
1996-02-20,38.09076690673828
1996-02-21,38.56285095214844
1996-02-22,39.173805236816406
1996-02-23,39.062721252441406
1996-02-26,38.50732421875
1996-02-27,38.38698196411133
1996-02-28,38.21111297607422
1996-02-29,37.840843200683594
1996-03-01,38.4425163269043
1996-03-04,38.664695739746094
1996-03-05,39.02571487426758
1996-03-06,38.68317413330078
1996-03-07,38.877567291259766
1996-03-08,37.61868667602539
1996-03-11,38.05376052856445
1996-03-12,37.757537841796875
1996-03-13,38.01673126220703
1996-03-14,38.183353424072266
1996-03-15,38.15766906738281
1996-03-18,38.89220428466797
1996-03-19,38.808509826660156
1996-03-20,38.76201629638672
1996-03-21,38.66907501220703
1996-03-22,38.771331787109375
1996-03-25,38.69693374633789
1996-03-26,38.88290023803711
1996-03-27,38.529579162597656
1996-03-28,38.678321838378906
1996-03-29,38.492408752441406
1996-04-01,38.93868637084961
1996-04-02,39.013092041015625
1996-04-03,39.013092041015625
1996-04-04,38.98517608642578
1996-04-08,38.31574249267578
1996-04-09,38.1669807434082
1996-04-10,37.488250732421875
1996-04-11,37.44175338745117
1996-04-12,37.91593933105469
1996-04-15,38.23207092285156
1996-04-16,38.34364700317383
1996-04-17,38.25063705444336
1996-04-18,38.30641555786133
1996-04-19,38.39942169189453
1996-04-22,38.69693374633789
1996-04-23,38.817806243896484
1996-04-24,38.678321838378906
1996-04-25,38.854984283447266
1996-04-26,38.93868637084961
1996-04-29,38.93868637084961
1996-04-30,38.9107780456543
1996-05-01,38.99445724487305
1996-05-02,38.32504653930664
1996-05-03,38.269248962402344
1996-05-06,38.23207092285156
1996-05-07,38.07400131225586
1996-05-08,38.54818344116211
1996-05-09,38.52029037475586
1996-05-10,38.901485443115234
1996-05-13,39.48725128173828
1996-05-14,39.72896957397461
1996-05-15,39.68251037597656
1996-05-16,39.76618194580078
1996-05-17,39.98002624511719
1996-05-20,40.24967956542969
1996-05-21,40.19387435913086
1996-05-22,40.57508087158203
1996-05-23,40.40768814086914
1996-05-24,40.56576919555664
1996-05-28,40.156681060791016
1996-05-29,39.887054443359375
1996-05-30,40.09160232543945
1996-05-31,39.794071197509766
1996-06-03,39.90564727783203
1996-06-04,40.1845817565918
1996-06-05,40.53787612915039
1996-06-06,40.2403564453125
1996-06-07,40.2403564453125
1996-06-10,40.11018371582031
1996-06-11,40.072994232177734
1996-06-12,39.998626708984375
1996-06-13,39.998626708984375
1996-06-14,39.83127212524414
1996-06-17,39.80337142944336
1996-06-18,39.477970123291016
1996-06-19,39.65459442138672
1996-06-20,39.6267204284668
1996-06-21,39.96754455566406
1996-06-24,40.042327880859375
1996-06-25,39.99559783935547
1996-06-26,39.724510192871094
1996-06-27,40.00492858886719
1996-06-28,40.1451301574707
1996-07-01,40.490966796875
1996-07-02,40.34140396118164
1996-07-03,40.25730514526367
1996-07-05,39.22913360595703
1996-07-08,39.07023239135742
1996-07-09,39.22913360595703
1996-07-10,39.388031005859375
1996-07-11,38.59353256225586
1996-07-12,38.621578216552734
1996-07-15,37.48127365112305
1996-07-16,37.57471466064453
1996-07-17,38.02338790893555
1996-07-18,38.546817779541016
1996-07-19,38.266380310058594
1996-07-22,37.9859733581543
1996-07-23,37.499935150146484
1996-07-24,37.57471466064453
1996-07-25,37.91122055053711
1996-07-26,38.116844177246094
1996-07-29,37.69624710083008
1996-07-30,38.06076431274414
1996-07-31,38.341182708740234
1996-08-01,38.976768493652344
1996-08-02,39.81798553466797
1996-08-05,39.584312438964844
1996-08-06,39.705814361572266
1996-08-07,39.80864334106445
1996-08-08,39.74322509765625
1996-08-09,39.61237335205078
1996-08-12,39.902103424072266
1996-08-13,39.584312438964844
1996-08-14,39.724510192871094
1996-08-15,39.64975357055664
1996-08-16,39.98622512817383
1996-08-19,40.00492858886719
1996-08-20,39.976890563964844
1996-08-21,39.83668899536133
1996-08-22,40.210567474365234
1996-08-23,39.99559783935547
1996-08-26,39.79930877685547
1996-08-27,39.9488525390625
1996-08-28,39.883426666259766
1996-08-29,39.4908447265625
1996-08-30,39.07958984375
1996-09-03,39.33195495605469
1996-09-04,39.36934280395508
1996-09-05,38.89263916015625
1996-09-06,39.44411849975586
1996-09-09,39.911460876464844
1996-09-10,39.89277648925781
1996-09-11,40.117095947265625
1996-09-12,40.39750671386719
1996-09-13,41.014404296875
1996-09-16,41.16394805908203
1996-09-17,41.07046127319336
1996-09-18,40.967689514160156
1996-09-19,41.12654113769531
1996-09-20,41.272438049316406
1996-09-23,41.2630615234375
1996-09-24,41.25365447998047
1996-09-25,41.28182601928711
1996-09-26,41.2630615234375
1996-09-27,41.30064392089844
1996-09-30,41.2630615234375
1996-10-01,41.488521575927734
1996-10-02,41.770389556884766
1996-10-03,41.7327995300293
1996-10-04,42.296512603759766
1996-10-07,42.34349060058594
1996-10-08,42.174381256103516
1996-10-09,41.84556579589844
1996-10-10,41.76099395751953
1996-10-11,42.2777214050293
1996-10-14,42.33407974243164
1996-10-15,42.2777214050293
1996-10-16,42.48440170288086
1996-10-17,42.59715270996094
1996-10-18,42.822628021240234
1996-10-21,42.766265869140625
1996-10-22,42.46562576293945
1996-10-23,42.60655975341797
1996-10-24,42.240142822265625
1996-10-25,42.2777214050293
1996-10-28,41.99586868286133
1996-10-29,42.33407974243164
1996-10-30,42.19316101074219
1996-10-31,42.59715270996094
1996-11-01,42.44683074951172
1996-11-04,42.72866439819336
1996-11-05,42.97294998168945
1996-11-06,43.79972839355469
1996-11-07,43.90304183959961
1996-11-08,44.1473503112793
1996-11-11,44.10034942626953
1996-11-12,43.968814849853516
1996-11-13,44.166114807128906
1996-11-14,44.45737838745117
1996-11-15,44.51374435424805
1996-11-18,44.52313995361328
1996-11-19,44.84254837036133
1996-11-20,44.917747497558594
1996-11-21,44.85196304321289
1996-11-22,45.19957733154297
1996-11-25,45.772682189941406
1996-11-26,45.62234878540039
1996-11-27,45.537803649902344
1996-11-29,45.7069091796875
1996-12-02,45.72571563720703
1996-12-03,44.9459114074707
1996-12-04,45.068050384521484
1996-12-05,44.9459114074707
1996-12-06,44.682857513427734
1996-12-09,45.34053039550781
1996-12-10,45.12440490722656
1996-12-11,44.71104049682617
1996-12-12,43.968814849853516
1996-12-13,44.08156204223633
1996-12-16,43.51787185668945
1996-12-17,43.8654899597168
1996-12-18,44.21308898925781
1996-12-19,45.12440490722656
1996-12-20,45.22345733642578
1996-12-23,45.110137939453125
1996-12-24,45.44059371948242
1996-12-26,45.7899169921875
1996-12-27,45.8465576171875
1996-12-30,45.450008392333984
1996-12-31,44.61920928955078
1997-01-02,44.73247528076172
1997-01-03,45.37451171875
1997-01-06,44.97795867919922
1997-01-07,45.525550842285156
1997-01-08,45.129024505615234
1997-01-09,45.506656646728516
1997-01-10,45.997615814208984
1997-01-13,45.93151092529297
1997-01-14,46.507450103759766
1997-01-15,46.394168853759766
1997-01-16,46.58298873901367
1997-01-17,46.866207122802734
1997-01-20,46.9228630065918
1997-01-21,47.30051040649414
1997-01-22,47.6403923034668
1997-01-23,46.97950744628906
1997-01-24,46.375282287597656
1997-01-27,46.24308776855469
1997-01-28,46.375282287597656
1997-01-29,46.828407287597656
1997-01-30,47.43266296386719
1997-01-31,47.37605667114258
1997-02-03,47.51767349243164
1997-02-04,47.81032943725586
1997-02-05,46.913421630859375
1997-02-06,47.2249641418457
1997-02-07,47.86696243286133
1997-02-10,47.41379928588867
1997-02-11,47.96137237548828
1997-02-12,48.64117431640625
1997-02-13,49.16986846923828
1997-02-14,49.056583404541016
1997-02-18,49.47201156616211
1997-02-19,49.14152145385742
1997-02-20,48.546756744384766
1997-02-21,48.565616607666016
1997-02-24,49.14152145385742
1997-02-25,49.1793098449707
1997-02-26,48.69780731201172
1997-02-27,47.97083282470703
1997-02-28,47.82920837402344
1997-03-03,48.15022659301758
1997-03-04,47.88583755493164
1997-03-05,48.69780731201172
1997-03-06,48.41456985473633
1997-03-07,48.84885025024414
1997-03-10,49.35868453979492
1997-03-11,49.094329833984375
1997-03-12,48.660037994384766
1997-03-13,47.904720306396484
1997-03-14,48.15022659301758
1997-03-17,48.282405853271484
1997-03-18,47.76311492919922
1997-03-19,47.602622985839844
1997-03-20,47.35712432861328
1997-03-21,47.57642364501953
1997-03-24,48.23984146118164
1997-03-25,47.765968322753906
1997-03-26,47.9744758605957
1997-03-27,46.70452117919922
1997-03-31,45.7188720703125
1997-04-01,46.012664794921875
1997-04-02,45.1881103515625
1997-04-03,45.43455123901367
1997-04-04,46.003150939941406
1997-04-07,46.1832389831543
1997-04-08,46.51496124267578
1997-04-09,46.135860443115234
1997-04-10,45.96527862548828
1997-04-11,44.50576400756836
1997-04-14,45.10284423828125
1997-04-15,45.87049102783203
1997-04-16,46.4012336730957
1997-04-17,46.2116584777832
1997-04-18,46.43914031982422
1997-04-21,46.135860443115234
1997-04-22,47.14992904663086
1997-04-23,47.197330474853516
1997-04-24,46.960384368896484
1997-04-25,46.420188903808594
1997-04-28,46.87508773803711
1997-04-29,48.35356903076172
1997-04-30,48.581031799316406
1997-05-01,48.52414321899414
1997-05-02,49.39606857299805
1997-05-05,50.571285247802734
1997-05-06,50.53334045410156
1997-05-07,49.433982849121094
1997-05-08,49.77518081665039
1997-05-09,50.11634826660156
1997-05-12,50.95036315917969
1997-05-13,50.74186325073242
1997-05-14,50.83661651611328
1997-05-15,51.177818298339844
1997-05-16,50.47651672363281
1997-05-19,50.62813949584961
1997-05-20,51.23469161987305
1997-05-21,51.120967864990234
1997-05-22,50.95036315917969
1997-05-23,51.42423629760742
1997-05-27,51.632747650146484
1997-05-28,51.62323760986328
1997-05-29,51.31999588012695
1997-05-30,51.65171432495117
1997-06-02,51.42423629760742
1997-06-03,51.25364303588867
1997-06-04,51.19679641723633
1997-06-05,51.38630676269531
1997-06-06,52.39091873168945
1997-06-09,52.656288146972656
1997-06-10,52.8173942565918
1997-06-11,52.94060516357422
1997-06-12,53.964134216308594
1997-06-13,54.41909408569336
1997-06-16,54.438045501708984
1997-06-17,54.36220932006836
1997-06-18,54.17267608642578
1997-06-19,54.73183822631836
1997-06-20,54.54538345336914
1997-06-23,53.22285079956055
1997-06-24,54.57390594482422
1997-06-25,54.19331741333008
1997-06-26,53.92692947387695
1997-06-27,54.13624954223633
1997-06-30,53.77471923828125
1997-07-01,54.40262985229492
1997-07-02,55.2969856262207
1997-07-03,56.058109283447266
1997-07-07,55.48728561401367
1997-07-08,56.06760787963867
1997-07-09,55.44920349121094
1997-07-10,55.69656753540039
1997-07-11,55.8868522644043
1997-07-14,56.058109283447266
1997-07-15,56.34357452392578
1997-07-16,57.085670471191406
1997-07-17,56.800235748291016
1997-07-18,55.59193420410156
1997-07-21,55.60145568847656
1997-07-22,57.07611846923828
1997-07-23,57.02857971191406
1997-07-24,57.29499816894531
1997-07-25,57.256927490234375
1997-07-28,57.2188835144043
1997-07-29,57.409156799316406
1997-07-30,58.09420394897461
1997-07-31,58.037109375
1997-08-01,57.80876159667969
1997-08-04,57.96098709106445
1997-08-05,57.99903869628906
1997-08-06,58.4747428894043
1997-08-07,58.037109375
1997-08-08,56.85734176635742
1997-08-11,57.27596664428711
1997-08-12,56.36257553100586
1997-08-13,56.19131851196289
1997-08-14,56.40062713623047
1997-08-15,54.66904067993164
1997-08-18,55.8868522644043
1997-08-19,56.53386688232422
1997-08-20,57.3901481628418
1997-08-21,56.381614685058594
1997-08-22,56.36257553100586
1997-08-25,56.15327835083008
1997-08-26,55.32551956176758
1997-08-27,55.65851974487305
1997-08-28,54.8117561340332
1997-08-29,55.03057098388672
1997-09-02,56.81925582885742
1997-09-03,56.51480484008789
1997-09-04,56.8763542175293
1997-09-05,56.714595794677734
1997-09-08,56.96198272705078
1997-09-09,56.990535736083984
1997-09-10,55.810752868652344
1997-09-11,55.52532958984375
1997-09-12,56.41967010498047
1997-09-15,56.324527740478516
1997-09-16,57.732635498046875
1997-09-17,57.732635498046875
1997-09-18,57.97998809814453
1997-09-19,58.078086853027344
1997-09-22,58.402767181396484
1997-09-23,58.13539123535156
1997-09-24,57.65793991088867
1997-09-25,57.256866455078125
1997-09-26,57.734317779541016
1997-09-29,58.28817367553711
1997-09-30,57.677024841308594
1997-10-01,58.44095993041992
1997-10-02,58.765625
1997-10-03,59.0616569519043
1997-10-06,59.45320129394531
1997-10-07,60.00700759887695
1997-10-08,59.58686065673828
1997-10-09,59.37675094604492
1997-10-10,59.20488739013672
1997-10-13,59.26219940185547
1997-10-14,59.28127670288086
1997-10-15,59.147605895996094
1997-10-16,58.211795806884766
1997-10-17,57.61974334716797
1997-10-20,58.44095993041992
1997-10-21,59.57731246948242
1997-10-22,59.185813903808594
1997-10-23,58.02082824707031
1997-10-24,57.44780731201172
1997-10-27,53.28440475463867
1997-10-28,56.35923767089844
1997-10-29,56.20644760131836
1997-10-30,54.96504592895508
1997-10-31,56.263763427734375
1997-11-03,57.44780731201172
1997-11-04,57.44780731201172
1997-11-05,57.63885498046875
1997-11-06,57.41920471191406
1997-11-07,56.79853820800781
1997-11-10,56.454742431640625
1997-11-11,56.473838806152344
1997-11-12,55.3088493347168
1997-11-13,56.11097717285156
1997-11-14,56.874908447265625
1997-11-17,57.9253044128418
1997-11-18,57.56245803833008
1997-11-19,57.84891128540039
1997-11-20,58.727447509765625
1997-11-21,59.128517150878906
1997-11-24,58.05900192260742
1997-11-25,58.211795806884766
1997-11-26,58.38369369506836
1997-11-28,58.44095993041992
1997-12-01,59.94975280761719
1997-12-02,59.58686065673828
1997-12-03,59.75872039794922
1997-12-04,59.70146942138672
1997-12-05,60.46538162231445
1997-12-08,60.29352951049805
1997-12-09,59.93064880371094
1997-12-10,59.41499328613281
1997-12-11,58.402767181396484
1997-12-12,58.517372131347656
1997-12-15,59.109413146972656
1997-12-16,59.47225570678711
1997-12-17,59.16672897338867
1997-12-18,58.593772888183594
1997-12-19,58.15581130981445
1997-12-22,58.529727935791016
1997-12-23,57.484703063964844
1997-12-24,57.312129974365234
1997-12-26,57.5422248840332
1997-12-29,58.67351150512695
1997-12-30,59.5938720703125
1997-12-31,59.55549621582031
1998-01-02,59.86233901977539
1998-01-05,59.99651336669922
1998-01-06,59.037837982177734
1998-01-07,59.191219329833984
1998-01-08,58.67351150512695
1998-01-09,56.64103698730469
1998-01-12,57.67640686035156
1998-01-13,58.48177719116211
1998-01-14,58.750221252441406
1998-01-15,58.26125717163086
1998-01-16,59.09539031982422
1998-01-20,60.054073333740234
1998-01-21,59.47882843017578
1998-01-22,58.95154571533203
1998-01-23,58.865272521972656
1998-01-26,58.82693099975586
1998-01-27,59.42133331298828
1998-01-28,59.95821762084961
1998-01-29,60.2841682434082
1998-01-30,60.32251739501953
1998-02-02,61.319576263427734
1998-02-03,61.77973556518555
1998-02-04,61.703041076660156
1998-02-05,61.66471481323242
1998-02-06,62.35498809814453
1998-02-09,62.14409637451172
1998-02-10,62.73849105834961
1998-02-11,62.68101119995117
1998-02-12,62.949371337890625
1998-02-13,62.585079193115234
1998-02-17,62.89189910888672
1998-02-18,63.46708679199219
1998-02-19,63.13153839111328
1998-02-20,63.60134506225586
1998-02-23,63.850582122802734
1998-02-24,63.35206604003906
1998-02-25,64.1382064819336
1998-02-26,64.50253295898438
1998-02-27,64.50253295898438
1998-03-02,64.36830139160156
1998-03-03,64.73261260986328
1998-03-04,64.310791015625
1998-03-05,63.716346740722656
1998-03-06,65.00103759765625
1998-03-09,64.7709732055664
1998-03-10,65.384521484375
1998-03-11,65.69129943847656
1998-03-12,65.95977020263672
1998-03-13,65.71053314208984
1998-03-16,66.41999053955078
1998-03-17,66.61168670654297
1998-03-18,66.86096954345703
1998-03-19,67.03353118896484
1998-03-20,67.61075592041016
1998-03-23,67.4569091796875
1998-03-24,68.03378295898438
1998-03-25,67.78379821777344
1998-03-26,67.74530792236328
1998-03-27,67.4569091796875
1998-03-30,67.41845703125
1998-03-31,67.64918518066406
1998-04-01,68.19720458984375
1998-04-02,68.93757629394531
1998-04-03,69.28372955322266
1998-04-06,68.72602844238281
1998-04-07,68.26455688476562
1998-04-08,67.87992858886719
1998-04-09,68.41837310791016
1998-04-13,68.22605895996094
1998-04-14,68.80294799804688
1998-04-15,68.99523162841797
1998-04-16,68.1875991821289
1998-04-17,69.09138488769531
1998-04-20,69.07219696044922
1998-04-21,69.39905548095703
1998-04-22,69.59139251708984
1998-04-23,68.9183120727539
1998-04-24,68.1875991821289
1998-04-27,66.89922332763672
1998-04-28,66.80309295654297
1998-04-29,67.2646255493164
1998-04-30,68.51451110839844
1998-05-01,69.28372955322266
1998-05-04,69.11063385009766
1998-05-05,68.6298828125
1998-05-06,67.82223510742188
1998-05-07,67.28380584716797
1998-05-08,68.3799057006836
1998-05-11,68.14916229248047
1998-05-12,68.87982940673828
1998-05-13,69.05296325683594
1998-05-14,68.70682525634766
1998-05-15,68.32220458984375
1998-05-18,68.05301666259766
1998-05-19,68.51451110839844
1998-05-20,69.16831970214844
1998-05-21,68.72602844238281
1998-05-22,68.45677947998047
1998-05-26,67.36075592041016
1998-05-27,67.4569091796875
1998-05-28,67.76459503173828
1998-05-29,67.09151458740234
1998-06-01,67.39921569824219
1998-06-02,67.4569091796875
1998-06-03,66.38004302978516
1998-06-04,67.61075592041016
1998-06-05,68.9183120727539
1998-06-08,68.8414306640625
1998-06-09,69.05296325683594
1998-06-10,68.61066436767578
1998-06-11,67.32229614257812
1998-06-12,67.95682525634766
1998-06-15,66.16854095458984
1998-06-16,67.18770599365234
1998-06-17,68.5914077758789
1998-06-18,68.28370666503906
1998-06-19,67.94160461425781
1998-06-22,68.26956939697266
1998-06-23,69.07977294921875
1998-06-24,70.00572204589844
1998-06-25,69.88996124267578
1998-06-26,70.17933654785156
1998-06-29,70.4301528930664
1998-06-30,69.94786834716797
1998-07-01,70.7580337524414
1998-07-02,70.89305877685547
1998-07-06,71.6068344116211
1998-07-07,71.47183227539062
1998-07-08,71.9926528930664
1998-07-09,71.51042175292969
1998-07-10,71.89620208740234
1998-07-13,71.91549682617188
1998-07-14,72.72570037841797
1998-07-15,72.59066772460938
1998-07-16,73.09224700927734
1998-07-17,73.18865966796875
1998-07-20,73.18865966796875
1998-07-21,71.91549682617188
1998-07-22,71.91549682617188
1998-07-23,70.48798370361328
1998-07-24,70.4301528930664
1998-07-27,70.9316177368164
1998-07-28,69.73567199707031
1998-07-29,69.46559143066406
1998-07-30,70.50726318359375
1998-07-31,69.00263214111328
1998-08-03,68.71326446533203
1998-08-04,66.0511474609375
1998-08-05,66.95782470703125
1998-08-06,67.24713897705078
1998-08-07,67.36293029785156
1998-08-10,66.97709655761719
1998-08-11,65.97398376464844
1998-08-12,67.09283447265625
1998-08-13,66.28260803222656
1998-08-14,65.51101684570312
1998-08-17,66.89995574951172
1998-08-18,68.1344985961914
1998-08-19,67.96087646484375
1998-08-20,67.5558090209961
1998-08-21,67.01567840576172
1998-08-24,67.44007110595703
1998-08-25,67.59439849853516
1998-08-26,67.20854187011719
1998-08-27,64.04491424560547
1998-08-28,63.81341552734375
1998-08-31,59.260807037353516
1998-09-01,61.76862335205078
1998-09-02,61.324954986572266
1998-09-03,60.84267044067383
1998-09-04,60.341102600097656
1998-09-08,63.5818977355957
1998-09-09,62.038700103759766
1998-09-10,60.804080963134766
1998-09-11,62.7717399597168
1998-09-14,63.85198211669922
1998-09-15,64.23786163330078
1998-09-16,64.81652069091797
1998-09-17,62.96461486816406
1998-09-18,63.24509048461914
1998-09-21,63.20634460449219
1998-09-22,63.72907257080078
1998-09-23,66.28441619873047
1998-09-24,64.65829467773438
1998-09-25,64.58086395263672
1998-09-28,65.16163635253906
1998-09-29,65.00677490234375
1998-09-30,63.03216552734375
1998-10-01,61.21241760253906
1998-10-02,62.3933219909668
1998-10-05,61.135005950927734
1998-10-06,61.07693099975586
1998-10-07,60.16702651977539
1998-10-08,59.837982177734375
1998-10-09,61.0382080078125
1998-10-12,61.92871856689453
1998-10-13,61.71576690673828
1998-10-14,62.29655075073242
1998-10-15,65.64559936523438
1998-10-16,65.66496276855469
1998-10-19,65.89728546142578
1998-10-20,66.28441619873047
1998-10-21,66.0521011352539
1998-10-22,67.03943634033203
1998-10-23,66.18763732910156
1998-10-26,66.6716079711914
1998-10-27,66.28441619873047
1998-10-28,66.16829681396484
1998-10-29,67.77503204345703
1998-10-30,68.14288330078125
1998-11-02,69.30440521240234
1998-11-03,68.80108642578125
1998-11-04,69.5367431640625
1998-11-05,70.4853286743164
1998-11-06,70.69823455810547
1998-11-09,70.19496154785156
1998-11-10,70.0013427734375
1998-11-11,69.5367431640625
1998-11-12,69.45928955078125
1998-11-13,70.13683319091797
1998-11-16,70.65950012207031
1998-11-17,70.65950012207031
1998-11-18,71.08541870117188
1998-11-19,71.70490264892578
1998-11-20,72.24690246582031
1998-11-23,73.9505386352539
1998-11-24,73.48587799072266
1998-11-25,73.48587799072266
1998-11-27,74.02792358398438
1998-11-30,71.93717193603516
1998-12-01,72.86641693115234
1998-12-02,72.65345001220703
1998-12-03,71.45320129394531
1998-12-04,73.3310317993164
1998-12-07,73.67950439453125
1998-12-08,73.35039520263672
1998-12-09,73.48587799072266
1998-12-10,72.41146087646484
1998-12-11,72.55667877197266
1998-12-14,70.46597290039062
1998-12-15,72.28565979003906
1998-12-16,72.1888656616211
1998-12-17,73.34070587158203
1998-12-18,73.65235137939453
1998-12-21,74.6817398071289
1998-12-22,75.01197052001953
1998-12-23,76.58524322509766
1998-12-24,76.25503540039062
1998-12-28,76.0608139038086
1998-12-29,77.26502227783203
1998-12-30,76.64348602294922
1998-12-31,76.64348602294922
1999-01-04,76.46868896484375
1999-01-05,77.34271240234375
1999-01-06,79.20731353759766
1999-01-07,78.81888580322266
1999-01-08,79.40154266357422
1999-01-11,78.64404296875
1999-01-12,77.2261962890625
1999-01-13,76.68231964111328
1999-01-14,75.3421401977539
1999-01-15,77.3038558959961
1999-01-19,77.80886840820312
1999-01-20,78.4303970336914
1999-01-21,76.35212707519531
1999-01-22,76.17733764648438
1999-01-25,76.95427703857422
1999-01-26,78.35269927978516
1999-01-27,77.4398422241211
1999-01-28,78.74121856689453
1999-01-29,79.34329986572266
1999-02-01,78.87711334228516
1999-02-02,78.39159393310547
1999-02-03,79.1878890991211
1999-02-04,78.00313568115234
1999-02-05,77.1095962524414
1999-02-08,77.26502227783203
1999-02-09,75.53636932373047
1999-02-10,76.02195739746094
1999-02-11,77.77000427246094
1999-02-12,76.8377456665039
1999-02-16,76.37155151367188
1999-02-17,76.29387664794922
1999-02-18,76.89598083496094
1999-02-19,77.2261962890625
1999-02-22,79.2850112915039
1999-02-23,79.24617767333984
1999-02-24,77.84772491455078
1999-02-25,77.1095962524414
1999-02-26,76.7988510131836
1999-03-01,77.01249694824219
1999-03-02,76.33269500732422
1999-03-03,76.74058532714844
1999-03-04,77.7117919921875
1999-03-05,79.27531433105469
1999-03-08,79.7900161743164
1999-03-09,79.59577941894531
1999-03-10,80.29501342773438
1999-03-11,81.18846893310547
1999-03-12,80.41157531738281
1999-03-15,81.5575180053711
1999-03-16,81.24676513671875
1999-03-17,80.8971176147461
1999-03-18,82.19847869873047
1999-03-19,80.8012924194336
1999-03-22,80.95709228515625
1999-03-23,78.62061309814453
1999-03-24,79.06843566894531
1999-03-25,80.68451690673828
1999-03-26,80.10038757324219
1999-03-29,81.71640014648438
1999-03-30,81.28807067871094
1999-03-31,79.98352813720703
1999-04-01,80.58712768554688
1999-04-05,82.49520111083984
1999-04-06,82.30052185058594
1999-04-07,82.96249389648438
1999-04-08,84.01386260986328
1999-04-09,84.03338623046875
1999-04-12,84.92898559570312
1999-04-13,84.38382720947266
1999-04-14,82.96249389648438
1999-04-15,82.65101623535156
1999-04-16,81.9500503540039
1999-04-19,80.68451690673828
1999-04-20,81.69692993164062
1999-04-21,84.03338623046875
1999-04-22,84.83161926269531
1999-04-23,84.61747741699219
1999-04-26,85.10423278808594
1999-04-27,85.51309204101562
1999-04-28,84.34487915039062
1999-04-29,83.7023696899414
1999-04-30,83.02090454101562
1999-05-03,84.53956604003906
1999-05-04,83.3324203491211
1999-05-05,83.99446105957031
1999-05-06,83.47844696044922
1999-05-07,84.11119842529297
1999-05-10,83.69264221191406
1999-05-11,84.53956604003906
1999-05-12,85.2015609741211
1999-05-13,85.57154083251953
1999-05-14,83.3519058227539
1999-05-17,83.60504150390625
1999-05-18,83.44925689697266
1999-05-19,84.0528564453125
1999-05-20,83.54657745361328
1999-05-21,83.07930755615234
1999-05-24,81.69692993164062
1999-05-25,80.37296295166016
1999-05-26,81.26860809326172
1999-05-27,80.10038757324219
1999-05-28,81.12252044677734
1999-06-01,80.8402328491211
1999-06-02,80.9181137084961
1999-06-03,81.36595916748047
1999-06-04,83.0014419555664
1999-06-07,83.21561431884766
1999-06-08,82.39786529541016
1999-06-09,82.31998443603516
1999-06-10,81.56066131591797
1999-06-11,80.87921142578125
1999-06-14,80.95709228515625
1999-06-15,81.50228881835938
1999-06-16,83.05982208251953
1999-06-17,83.83866882324219
1999-06-18,83.93547821044922
1999-06-21,84.13082122802734
1999-06-22,83.54495239257812
1999-06-23,83.13482666015625
1999-06-24,82.50991821289062
1999-06-25,82.3048324584961
1999-06-28,83.31058502197266
1999-06-29,84.09174346923828
1999-06-30,85.614990234375
1999-07-01,86.25948333740234
1999-07-02,87.11871337890625
1999-07-06,87.0992431640625
1999-07-07,87.2164077758789
1999-07-08,87.28472900390625
1999-07-09,87.80229187011719
1999-07-12,87.41167449951172
1999-07-13,87.0992431640625
1999-07-14,87.58740997314453
1999-07-15,88.1440200805664
1999-07-16,88.62245178222656
1999-07-19,88.03659057617188
1999-07-20,86.23018646240234
1999-07-21,86.13255310058594
1999-07-22,84.99984741210938
1999-07-23,84.83382415771484
1999-07-26,84.20893096923828
1999-07-27,84.91194915771484
1999-07-28,85.18537139892578
1999-07-29,83.9941177368164
1999-07-30,82.9590835571289
1999-08-02,83.15437316894531
1999-08-03,82.7637710571289
1999-08-04,81.63108825683594
1999-08-05,82.37319946289062
1999-08-06,81.47486877441406
1999-08-09,81.29910278320312
1999-08-10,80.40076446533203
1999-08-11,81.37723541259766
1999-08-12,81.32841491699219
1999-08-13,83.21295166015625
1999-08-16,83.58397674560547
1999-08-17,84.13082122802734
1999-08-18,83.52538299560547
1999-08-19,82.8418960571289
1999-08-20,83.68165588378906
1999-08-23,85.28301239013672
1999-08-24,85.5954818725586
1999-08-25,86.47431182861328
1999-08-26,85.4392318725586
1999-08-27,84.40421295166016
1999-08-30,82.8418960571289
1999-08-31,82.52943420410156
1999-09-01,83.54495239257812
1999-09-02,82.5587158203125
1999-09-03,84.9705581665039
1999-09-07,84.6580810546875
1999-09-08,84.24799346923828
1999-09-09,84.20893096923828
1999-09-10,84.91194915771484
1999-09-13,84.33587646484375
1999-09-14,83.779296875
1999-09-15,82.45132446289062
1999-09-16,82.7735595703125
1999-09-17,83.81938171386719
1999-09-20,83.70186614990234
1999-09-21,81.9393539428711
1999-09-22,81.8511962890625
1999-09-23,80.13763427734375
1999-09-24,80.05926513671875
1999-09-27,80.5880355834961
1999-09-28,80.4313735961914
1999-09-29,79.47177124023438
1999-09-30,80.6859359741211
1999-10-01,80.50971984863281
1999-10-04,81.9393539428711
1999-10-05,81.86103057861328
1999-10-06,83.1143569946289
1999-10-07,82.64436340332031
1999-10-08,83.89773559570312
1999-10-11,83.76065063476562
1999-10-12,82.46810150146484
1999-10-13,80.33346557617188
1999-10-14,80.31388092041016
1999-10-15,78.25753021240234
1999-10-18,78.82549285888672
1999-10-19,79.58927154541016
1999-10-20,80.37264251708984
1999-10-21,80.8426742553711
1999-10-22,81.5280532836914
1999-10-25,81.11678314208984
1999-10-26,80.0984115600586
1999-10-27,81.5476303100586
1999-10-28,84.32862854003906
1999-10-29,85.85612487792969
1999-11-01,84.95526123046875
1999-11-02,84.34812927246094
1999-11-03,84.91612243652344
1999-11-04,85.5623550415039
1999-11-05,86.40450286865234
1999-11-08,86.48281860351562
1999-11-09,85.67009735107422
1999-11-10,86.30656433105469
1999-11-11,86.796142578125
1999-11-12,87.57952117919922
1999-11-15,87.78516387939453
1999-11-16,88.51956939697266
1999-11-17,88.75456237792969
1999-11-18,89.3812255859375
1999-11-19,89.30290985107422
1999-11-22,89.28331756591797
1999-11-23,88.49993896484375
1999-11-24,88.96997833251953
1999-11-26,88.63704681396484
1999-11-29,88.32372283935547
1999-11-30,87.2857666015625
1999-12-01,87.99082946777344
1999-12-02,88.51956939697266
1999-12-03,90.14505004882812
1999-12-06,89.47917175292969
1999-12-07,88.75456237792969
1999-12-08,88.1866455078125
1999-12-09,88.61748504638672
1999-12-10,88.91121673583984
1999-12-13,89.06787872314453
1999-12-14,88.20626068115234
1999-12-15,88.67622375488281
1999-12-16,89.06787872314453
1999-12-17,89.63993072509766
1999-12-20,88.99205017089844
1999-12-21,90.3466567993164
1999-12-22,90.58221435546875
1999-12-23,92.02518463134766
1999-12-27,91.89759826660156
1999-12-28,91.83872985839844
1999-12-29,92.2313003540039
1999-12-30,92.12338256835938
1999-12-31,92.27059936523438
2000-01-03,91.36753845214844
2000-01-04,87.79449462890625
2000-01-05,87.95154571533203
2000-01-06,86.53804016113281
2000-01-07,91.5638427734375
2000-01-10,91.87796783447266
2000-01-11,90.77855682373047
2000-01-12,89.87547302246094
2000-01-13,91.09266662597656
2000-01-14,92.32955169677734
2000-01-18,91.6031265258789
2000-01-19,92.34912109375
2000-01-20,90.93560791015625
2000-01-21,90.73929595947266
2000-01-24,88.16748809814453
2000-01-25,89.16873168945312
2000-01-26,88.46199798583984
2000-01-27,88.10857391357422
2000-01-28,85.36013793945312
2000-01-31,87.6767578125
2000-02-01,88.54051971435547
2000-02-02,88.61906433105469
2000-02-03,89.95402526855469
2000-02-04,89.58101654052734
2000-02-07,89.4435806274414
2000-02-08,90.66077423095703
2000-02-09,88.75647735595703
2000-02-10,88.93316650390625
2000-02-11,87.12699127197266
2000-02-14,87.63745880126953
2000-02-15,88.6288833618164
2000-02-16,87.32331848144531
2000-02-17,86.87178802490234
2000-02-18,85.00675964355469
2000-02-22,84.7907943725586
2000-02-23,85.79206848144531
2000-02-24,84.06441497802734
2000-02-25,83.76009368896484
2000-02-28,85.51718139648438
2000-02-29,86.34174346923828
2000-03-01,86.969970703125
2000-03-02,87.0288314819336
2000-03-03,88.65829467773438
2000-03-06,87.79449462890625
2000-03-07,86.09634399414062
2000-03-08,85.98834991455078
2000-03-09,88.50125885009766
2000-03-10,88.03007507324219
2000-03-13,87.06808471679688
2000-03-14,85.831298828125
2000-03-15,87.83377075195312
2000-03-16,91.9368896484375
2000-03-17,92.54444122314453
2000-03-20,92.07212829589844
2000-03-21,93.96156311035156
2000-03-22,94.53235626220703
2000-03-23,96.14629364013672
2000-03-24,96.71707153320312
2000-03-27,95.69358825683594
2000-03-28,95.14252471923828
2000-03-29,95.24088287353516
2000-03-30,93.64665985107422
2000-03-31,94.70951080322266
2000-04-03,95.26060485839844
2000-04-04,94.5520248413086
2000-04-05,93.96156311035156
2000-04-06,94.7783432006836
2000-04-07,95.37869262695312
2000-04-10,95.00474548339844
2000-04-11,94.72913360595703
2000-04-12,92.13114929199219
2000-04-13,90.85185241699219
2000-04-14,85.65582275390625
2000-04-17,88.64749908447266
2000-04-18,90.9896240234375
2000-04-19,90.14329528808594
2000-04-20,90.57625579833984
2000-04-24,89.5921859741211
2000-04-25,93.31201934814453
2000-04-26,92.25907897949219
2000-04-27,91.9540023803711
2000-04-28,91.38323211669922
2000-05-01,92.62318420410156
2000-05-02,90.77310943603516
2000-05-03,88.64749908447266
2000-05-04,89.3166275024414
2000-05-05,90.3991470336914
2000-05-08,89.72017669677734
2000-05-09,89.00175476074219
2000-05-10,86.9941635131836
2000-05-11,88.98204803466797
2000-05-12,89.94644165039062
2000-05-15,91.50133514404297
2000-05-16,92.38697814941406
2000-05-17,91.4225845336914
2000-05-18,90.30074310302734
2000-05-19,88.88362121582031
2000-05-22,88.21441650390625
2000-05-23,86.91544342041016
2000-05-24,88.33251953125
2000-05-25,86.8170394897461
2000-05-26,86.91544342041016
2000-05-30,89.74966430664062
2000-05-31,89.94644165039062
2000-06-01,91.52101135253906
2000-06-02,93.1152572631836
2000-06-05,92.66255950927734
2000-06-06,92.24925231933594
2000-06-07,92.88892364501953
2000-06-08,92.52481079101562
2000-06-09,92.32795715332031
2000-06-12,91.24546813964844
2000-06-13,92.95782470703125
2000-06-14,93.1152572631836
2000-06-15,93.31201934814453
2000-06-16,92.54536437988281
2000-06-19,93.72905731201172
2000-06-20,93.39366912841797
2000-06-21,93.35421752929688
2000-06-22,91.93376159667969
2000-06-23,91.14463806152344
2000-06-26,92.31845092773438
2000-06-27,91.63786315917969
2000-06-28,91.894287109375
2000-06-29,91.02628326416016
2000-06-30,91.7168197631836
2000-07-03,92.9793701171875
2000-07-05,91.30252838134766
2000-07-06,92.0127182006836
2000-07-07,93.4923095703125
2000-07-10,93.3344497680664
2000-07-11,93.53175354003906
2000-07-12,94.14336395263672
2000-07-13,94.55766296386719
2000-07-14,95.48492431640625
2000-07-17,95.32704162597656
2000-07-18,94.54777526855469
2000-07-19,93.78826141357422
2000-07-20,95.09033966064453
2000-07-21,93.23580932617188
2000-07-24,92.70313262939453
2000-07-25,92.99906921386719
2000-07-26,92.0915756225586
2000-07-27,91.77593994140625
2000-07-28,89.70443725585938
2000-07-31,90.2765884399414
2000-08-01,90.82901000976562
2000-08-02,91.2827377319336
2000-08-03,91.91405487060547
2000-08-04,92.40726470947266
2000-08-07,93.51205444335938
2000-08-08,93.86714172363281
2000-08-09,93.0780258178711
2000-08-10,92.62425231933594
2000-08-11,93.05831146240234
2000-08-14,94.24198150634766
2000-08-15,94.16303253173828
2000-08-16,93.82769012451172
2000-08-17,94.81415557861328
2000-08-18,94.49844360351562
2000-08-21,95.01141357421875
2000-08-22,94.85356140136719
2000-08-23,95.22840118408203
2000-08-24,95.52432250976562
2000-08-25,95.48492431640625
2000-08-28,95.81037139892578
2000-08-29,95.83010864257812
2000-08-30,94.91268920898438
2000-08-31,96.17534637451172
2000-09-01,96.27400970458984
2000-09-05,95.50457763671875
2000-09-06,94.41954803466797
2000-09-07,95.22840118408203
2000-09-08,94.57740783691406
2000-09-11,94.43928527832031
2000-09-12,93.74880981445312
2000-09-13,93.99539947509766
2000-09-14,94.46888732910156
2000-09-15,92.40210723876953
2000-09-18,91.55164337158203
2000-09-19,92.38229370117188
2000-09-20,91.70001220703125
2000-09-21,90.3056640625
2000-09-22,91.9472427368164
2000-09-25,91.29451751708984
2000-09-26,90.12761688232422
2000-09-27,90.60230255126953
2000-09-28,91.76915740966797
2000-09-29,90.8989486694336
2000-10-02,91.03739929199219
2000-10-03,90.18697357177734
2000-10-04,90.93853759765625
2000-10-05,91.2549819946289
2000-10-06,89.2771987915039
2000-10-09,88.60472869873047
2000-10-10,87.14120483398438
2000-10-11,86.4094009399414
2000-10-12,84.25360870361328
2000-10-13,87.0620346069336
2000-10-16,87.4576416015625
2000-10-17,85.28209686279297
2000-10-18,84.9655990600586
2000-10-19,88.16962432861328
2000-10-20,88.54539489746094
2000-10-23,88.94092559814453
2000-10-24,88.34764099121094
2000-10-25,86.27095031738281
2000-10-26,86.50829315185547
2000-10-27,88.14986419677734
2000-10-30,88.94092559814453
2000-10-31,90.47373962402344
2000-11-01,90.16716766357422
2000-11-02,90.31550598144531
2000-11-03,90.36495971679688
2000-11-06,90.99784088134766
2000-11-07,90.97805786132812
2000-11-08,88.96077728271484
2000-11-09,88.62451171875
2000-11-10,86.46873474121094
2000-11-13,85.79627227783203
2000-11-14,88.05096435546875
2000-11-15,88.32781219482422
2000-11-16,86.94341278076172
2000-11-17,86.47863006591797
2000-11-20,85.24249267578125
2000-11-21,85.6776123046875
2000-11-22,83.63057708740234
2000-11-24,85.34139251708984
2000-11-27,86.09294891357422
2000-11-28,84.6095962524414
2000-11-29,84.4513931274414
2000-11-30,83.71961212158203
2000-12-01,83.68003845214844
2000-12-04,84.39203643798828
2000-12-05,87.16091918945312
2000-12-06,85.76659393310547
2000-12-07,84.58979797363281
2000-12-08,84.78755187988281
2000-12-11,87.73452758789062
2000-12-12,87.35874938964844
2000-12-13,86.16214752197266
2000-12-14,85.06451416015625
2000-12-15,83.14317321777344
2000-12-18,84.25414276123047
2000-12-19,82.5381088256836
2000-12-20,80.14757537841797
2000-12-21,80.70299530029297
2000-12-22,83.12335205078125
2000-12-26,84.0160903930664
2000-12-27,84.63107299804688
2000-12-28,84.88896179199219
2000-12-29,83.28204345703125
2001-01-02,81.77433776855469
2001-01-03,85.70234680175781
2001-01-04,84.77983856201172
2001-01-05,82.01233673095703
2001-01-08,82.647216796875
2001-01-09,82.42903900146484
2001-01-10,83.877197265625
2001-01-11,83.95655059814453
2001-01-12,83.79785919189453
2001-01-16,84.33349609375
2001-01-17,84.72032165527344
2001-01-18,85.56346893310547
2001-01-19,85.0774154663086
2001-01-22,85.64282989501953
2001-01-23,86.31732177734375
2001-01-24,86.5752182006836
2001-01-25,86.35700988769531
2001-01-26,86.25785827636719
2001-01-29,86.71805572509766
2001-01-30,87.47990417480469
2001-01-31,86.9847183227539
2001-02-01,87.56246185302734
2001-02-02,85.57540893554688
2001-02-05,86.2038345336914
2001-02-06,85.94996643066406
2001-02-07,85.50555419921875
2001-02-08,84.50888061523438
2001-02-09,83.69625854492188
2001-02-12,84.65486145019531
2001-02-13,83.9629135131836
2001-02-14,83.83592987060547
2001-02-15,84.64849090576172
2001-02-16,82.78211212158203
2001-02-20,81.50611877441406
2001-02-21,79.74757385253906
2001-02-22,79.86824798583984
2001-02-23,79.32862091064453
2001-02-26,81.01728057861328
2001-02-27,80.2681884765625
2001-02-28,78.6874771118164
2001-03-01,79.10009765625
2001-03-02,78.47162628173828
2001-03-05,79.18897247314453
2001-03-06,80.0396499633789
2001-03-07,80.61099243164062
2001-03-08,80.69988250732422
2001-03-09,78.31292724609375
2001-03-12,74.96100616455078
2001-03-13,76.19257354736328
2001-03-14,74.68801879882812
2001-03-15,74.70706176757812
2001-03-16,73.20864868164062
2001-03-19,74.69815063476562
2001-03-20,72.69304656982422
2001-03-21,71.45819091796875
2001-03-22,70.73246002197266
2001-03-23,72.87129974365234
2001-03-26,73.8006362915039
2001-03-27,75.30924224853516
2001-03-28,73.22773742675781
2001-03-29,73.5078125
2001-03-30,74.27803802490234
2001-04-02,72.69304656982422
2001-04-03,70.26781463623047
2001-04-04,70.56060028076172
2001-04-05,73.23408508300781
2001-04-06,72.12015533447266
2001-04-09,72.92220306396484
2001-04-10,74.25257873535156
2001-04-11,74.30345916748047
2001-04-12,75.65296936035156
2001-04-16,74.85726165771484
2001-04-17,75.91394805908203
2001-04-18,78.93113708496094
2001-04-19,79.9814224243164
2001-04-20,79.24942779541016
2001-04-23,77.81082916259766
2001-04-24,77.3907241821289
2001-04-25,78.40283203125
2001-04-26,78.7529296875
2001-04-27,80.06420135498047
2001-04-30,80.62435150146484
2001-05-01,80.8725814819336
2001-05-02,80.72616577148438
2001-05-03,79.70135498046875
2001-05-04,81.05717468261719
2001-05-07,80.35701751708984
2001-05-08,80.31879425048828
2001-05-09,79.9814224243164
2001-05-10,80.2169189453125
2001-05-11,79.66313934326172
2001-05-14,79.82234191894531
2001-05-15,80.19149780273438
2001-05-16,82.0820541381836
2001-05-17,82.20934295654297
2001-05-18,82.58490753173828
2001-05-21,83.80069732666016
2001-05-22,83.69246673583984
2001-05-23,82.27296447753906
2001-05-24,82.51490020751953
2001-05-25,81.54095458984375
2001-05-29,80.89171600341797
2001-05-30,79.75865936279297
2001-05-31,80.17240142822266
2001-06-01,80.66887664794922
2001-06-04,81.05717468261719
2001-06-05,81.986572265625
2001-06-06,81.305419921875
2001-06-07,81.59821319580078
2001-06-08,80.84076690673828
2001-06-11,80.26786804199219
2001-06-12,80.12783813476562
2001-06-13,79.4404067993164
2001-06-14,77.65808868408203
2001-06-15,77.78319549560547
2001-06-18,77.40654754638672
2001-06-19,77.744873046875
2001-06-20,78.15345001220703
2001-06-21,79.04069519042969
2001-06-22,78.42152404785156
2001-06-25,77.70018768310547
2001-06-26,77.5916748046875
2001-06-27,77.54698944091797
2001-06-28,77.97467803955078
2001-06-29,78.26190948486328
2001-07-02,79.23863220214844
2001-07-03,79.21947479248047
2001-07-05,77.6746597290039
2001-07-06,75.99579620361328
2001-07-09,76.41072082519531
2001-07-10,75.4914779663086
2001-07-11,75.568115234375
2001-07-12,77.36186218261719
2001-07-13,78.03213500976562
2001-07-16,77.05548095703125
2001-07-17,77.77676391601562
2001-07-18,77.24697875976562
2001-07-19,77.92364501953125
2001-07-20,77.45758819580078
2001-07-23,75.93193817138672
2001-07-24,75.19784545898438
2001-07-25,76.0277099609375
2001-07-26,76.82561492919922
2001-07-27,77.1192855834961
2001-07-30,77.14481353759766
2001-07-31,77.4639892578125
2001-08-01,77.94913482666016
2001-08-02,78.26830291748047
2001-08-03,77.84062957763672
2001-08-06,76.79371643066406
2001-08-07,77.09375
2001-08-08,75.66385650634766
2001-08-09,75.88726806640625
2001-08-10,76.14898681640625
2001-08-13,76.16817474365234
2001-08-14,76.1362533569336
2001-08-15,75.47871398925781
2001-08-16,75.74044036865234
2001-08-17,74.52763366699219
2001-08-20,75.21699523925781
2001-08-21,73.93389892578125
2001-08-22,74.69993591308594
2001-08-23,74.43182373046875
2001-08-24,75.97663879394531
2001-08-27,75.5234375
2001-08-28,74.41907501220703
2001-08-29,73.75515747070312
2001-08-30,72.3380126953125
2001-08-31,72.86787414550781
2001-09-04,72.40190124511719
2001-09-05,72.58060455322266
2001-09-06,70.71018981933594
2001-09-07,69.40161895751953
2001-09-10,70.25065612792969
2001-09-17,66.58014678955078
2001-09-18,66.4205093383789
2001-09-19,65.07996368408203
2001-09-20,63.011722564697266
2001-09-21,62.33186340332031
2001-09-24,64.52323913574219
2001-09-25,65.19602966308594
2001-09-26,64.96534729003906
2001-09-27,65.52921295166016
2001-09-28,66.91964721679688
2001-10-01,66.81072235107422
2001-10-02,67.65007781982422
2001-10-03,68.78421020507812
2001-10-04,68.84188079833984
2001-10-05,68.70730590820312
2001-10-08,68.2587890625
2001-10-09,67.8935546875
2001-10-10,69.4057388305664
2001-10-11,70.4822006225586
2001-10-12,70.16183471679688
2001-10-15,70.03367614746094
2001-10-16,70.47576141357422
2001-10-17,68.97642517089844
2001-10-18,68.82904815673828
2001-10-19,68.78421020507812
2001-10-22,70.1426010131836
2001-10-23,69.78380584716797
2001-10-24,69.59796905517578
2001-10-25,70.84740447998047
2001-10-26,70.68724822998047
2001-10-29,68.8482894897461
2001-10-30,68.02169036865234
2001-10-31,67.79104614257812
2001-11-01,69.52751159667969
2001-11-02,70.00165557861328
2001-11-05,70.91788482666016
2001-11-06,72.01997375488281
2001-11-07,71.92382049560547
2001-11-08,72.14813995361328
2001-11-09,72.22502136230469
2001-11-12,71.78292083740234
2001-11-13,73.39759826660156
2001-11-14,73.46807861328125
2001-11-15,73.60263061523438
2001-11-16,73.27584075927734
2001-11-19,74.1792984008789
2001-11-20,73.55776977539062
2001-11-21,73.0708236694336
2001-11-23,74.12162780761719
2001-11-26,74.28180694580078
2001-11-27,73.96145629882812
2001-11-28,72.62229919433594
2001-11-29,73.60263061523438
2001-11-30,73.07723999023438
2001-12-03,72.64151763916016
2001-12-04,73.87174987792969
2001-12-05,75.22371673583984
2001-12-06,75.18524169921875
2001-12-07,74.68547821044922
2001-12-10,73.28865051269531
2001-12-11,73.14131927490234
2001-12-12,73.22457885742188
2001-12-13,71.80215454101562
2001-12-14,72.48771667480469
2001-12-17,73.23741912841797
2001-12-18,73.67308807373047
2001-12-19,74.19210052490234
2001-12-20,73.46167755126953
2001-12-21,73.90721130371094
2001-12-24,73.76580810546875
2001-12-26,74.17081451416016
2001-12-27,74.62089538574219
2001-12-28,74.58231353759766
2001-12-31,73.48928833007812
2002-01-02,74.28013610839844
2002-01-03,75.12240600585938
2002-01-04,75.62390899658203
2002-01-07,75.09025573730469
2002-01-08,74.91663360595703
2002-01-09,74.30584716796875
2002-01-10,74.63373565673828
2002-01-11,73.90079498291016
2002-01-14,73.43788146972656
2002-01-15,74.03579711914062
2002-01-16,72.53775787353516
2002-01-17,73.08422088623047
2002-01-18,72.7498779296875
2002-01-22,72.24842834472656
2002-01-23,72.80132293701172
2002-01-24,73.02642059326172
2002-01-25,73.00708770751953
2002-01-28,73.2063980102539
2002-01-29,70.90465545654297
2002-01-30,71.92692565917969
2002-01-31,72.76921081542969
2002-02-01,72.42842864990234
2002-02-04,70.628173828125
2002-02-05,70.1910171508789
2002-02-06,69.8887710571289
2002-02-07,69.45154571533203
2002-02-08,70.78250885009766
2002-02-11,71.65046691894531
2002-02-12,71.42545318603516
2002-02-13,72.18408203125
2002-02-14,72.04911041259766
2002-02-15,71.29682922363281
2002-02-19,69.92737579345703
2002-02-20,71.10393524169922
2002-02-21,69.63160705566406
2002-02-22,70.4931640625
2002-02-25,71.65691375732422
2002-02-26,71.509033203125
2002-02-27,71.78549194335938
2002-02-28,71.46400451660156
2002-03-01,73.12925720214844
2002-03-04,74.42160034179688
2002-03-05,74.18368530273438
2002-03-06,75.06454467773438
2002-03-07,74.9037857055664
2002-03-08,75.21882629394531
2002-03-11,75.37956237792969
2002-03-12,75.33458709716797
2002-03-13,74.6080322265625
2002-03-14,74.50518798828125
2002-03-15,75.215087890625
2002-03-18,75.22795867919922
2002-03-19,75.73092651367188
2002-03-20,74.30591583251953
2002-03-21,74.33818817138672
2002-03-22,74.17697143554688
2002-03-25,73.25492858886719
2002-03-26,73.68049621582031
2002-03-27,73.8739013671875
2002-03-28,73.84170532226562
2002-04-01,73.8739013671875
2002-04-02,73.46771240234375
2002-04-03,72.95185852050781
2002-04-04,72.64878845214844
2002-04-05,72.66169738769531
2002-04-08,72.81644439697266
2002-04-09,72.30708312988281
2002-04-10,73.1259765625
2002-04-11,71.3076400756836
2002-04-12,71.84280395507812
2002-04-15,71.29475402832031
2002-04-16,72.99056243896484
2002-04-17,72.8357925415039
2002-04-18,72.51983642578125
2002-04-19,72.78418731689453
2002-04-22,71.57200622558594
2002-04-23,71.26251220703125
2002-04-24,70.54676055908203
2002-04-25,70.58549499511719
2002-04-26,69.24430847167969
2002-04-29,68.90254974365234
2002-04-30,69.54737091064453
2002-05-01,70.3984603881836
2002-05-02,70.12764739990234
2002-05-03,69.36679077148438
2002-05-06,68.00630187988281
2002-05-07,67.76770782470703
2002-05-08,70.28889465332031
2002-05-09,69.47642517089844
2002-05-10,68.16748046875
2002-05-13,69.5538101196289
2002-05-14,71.06908416748047
2002-05-15,70.79180145263672
2002-05-16,71.15931701660156
2002-05-17,71.50755310058594
2002-05-20,70.73375701904297
2002-05-21,70.0889892578125
2002-05-22,70.24372100830078
2002-05-23,70.99166870117188
2002-05-24,70.08252716064453
2002-05-28,69.70207977294922
2002-05-29,69.18624877929688
2002-05-30,68.9928207397461
2002-05-31,69.13470458984375
2002-06-03,67.29704284667969
2002-06-04,67.46466064453125
2002-06-05,68.09658813476562
2002-06-06,66.71028900146484
2002-06-07,66.63289642333984
2002-06-10,66.89080810546875
2002-06-11,65.7430419921875
2002-06-12,66.14283752441406
2002-06-13,65.47869873046875
2002-06-14,65.38198852539062
2002-06-17,67.13584899902344
2002-06-18,67.68390655517578
2002-06-19,66.1041488647461
2002-06-20,65.25951385498047
2002-06-21,64.23904418945312
2002-06-24,64.5755615234375
2002-06-25,63.126155853271484
2002-06-26,63.22971725463867
2002-06-27,64.33614349365234
2002-06-28,64.03208923339844
2002-07-01,62.78321075439453
2002-07-02,61.4503059387207
2002-07-03,61.7996940612793
2002-07-05,64.25849151611328
2002-07-08,63.4561767578125
2002-07-09,61.857948303222656
2002-07-10,59.60621643066406
2002-07-11,60.09149932861328
2002-07-12,59.43149185180664
2002-07-15,59.7485466003418
2002-07-16,58.596824645996094
2002-07-17,58.71326446533203
2002-07-18,56.81095886230469
2002-07-19,54.811561584472656
2002-07-22,53.18748092651367
2002-07-23,51.73163604736328
2002-07-24,54.81802749633789
2002-07-25,54.352195739746094
2002-07-26,55.38742446899414
2002-07-29,58.085662841796875
2002-07-30,58.842708587646484
2002-07-31,58.98504638671875
2002-08-01,57.44507598876953
2002-08-02,56.1574592590332
2002-08-05,54.20333480834961
2002-08-06,56.028018951416016
2002-08-07,57.00505828857422
2002-08-08,58.84915542602539
2002-08-09,59.06916427612305
2002-08-12,58.635643005371094
2002-08-13,57.5679931640625
2002-08-14,59.67092514038086
2002-08-15,60.49917221069336
2002-08-16,60.317970275878906
2002-08-19,61.72853088378906
2002-08-20,61.074989318847656
2002-08-21,61.954994201660156
2002-08-22,62.55674743652344
2002-08-23,61.21084976196289
2002-08-26,61.637962341308594
2002-08-27,60.92618179321289
2002-08-28,59.59324645996094
2002-08-29,59.619163513183594
2002-08-30,59.38616943359375
2002-09-03,57.12154006958008
2002-09-04,57.93681335449219
2002-09-05,57.44507598876953
2002-09-06,58.23447036743164
2002-09-09,58.6614990234375
2002-09-10,59.33442687988281
2002-09-11,58.96562957763672
2002-09-12,57.87858963012695
2002-09-13,58.02095413208008
2002-09-16,58.16326141357422
2002-09-17,56.830387115478516
2002-09-18,56.260955810546875
2002-09-19,54.80511474609375
2002-09-20,54.82332229614258
2002-09-23,54.37482452392578
2002-09-24,53.497413635253906
2002-09-25,54.82332229614258
2002-09-26,55.72023010253906
2002-09-27,53.78336715698242
2002-09-30,53.15941619873047
2002-10-01,55.713741302490234
2002-10-02,54.04336166381836
2002-10-03,53.497413635253906
2002-10-04,52.51598358154297
2002-10-07,51.43056869506836
2002-10-08,52.23652648925781
2002-10-09,50.76111602783203
2002-10-10,52.40547180175781
2002-10-11,54.699832916259766
2002-10-14,55.00527572631836
2002-10-15,57.650577545166016
2002-10-16,56.25315475463867
2002-10-17,57.37111282348633
2002-10-18,57.611602783203125
2002-10-21,58.60600662231445
2002-10-22,58.18353271484375
2002-10-23,58.62550354003906
2002-10-24,57.429603576660156
2002-10-25,58.62550354003906
2002-10-28,58.2420539855957
2002-10-29,57.56612014770508
2002-10-30,58.125057220458984
2002-10-31,57.53357696533203
2002-11-01,58.6710205078125
2002-11-04,59.229957580566406
2002-11-05,59.69793701171875
2002-11-06,60.471370697021484
2002-11-07,58.9894905090332
2002-11-08,58.268070220947266
2002-11-11,57.364593505859375
2002-11-12,57.81957244873047
2002-11-13,57.878055572509766
2002-11-14,58.96997833251953
2002-11-15,59.40547561645508
2002-11-18,58.80752944946289
2002-11-19,58.7294921875
2002-11-20,60.03590393066406
2002-11-21,61.153812408447266
2002-11-22,60.71835708618164
2002-11-25,60.75734329223633
2002-11-26,59.60041427612305
2002-11-27,61.27729797363281
2002-11-29,61.082313537597656
2002-12-02,61.17981719970703
2002-12-03,60.360877990722656
2002-12-04,60.087894439697266
2002-12-05,59.42494201660156
2002-12-06,59.814910888671875
2002-12-09,58.17055130004883
2002-12-10,58.95051956176758
2002-12-11,59.00247573852539
2002-12-12,58.99597930908203
2002-12-13,58.066558837890625
2002-12-16,59.567928314208984
2002-12-17,59.0479621887207
2002-12-18,58.36552810668945
2002-12-19,57.94954299926758
2002-12-20,58.77643585205078
2002-12-23,58.79604721069336
2002-12-24,58.35843276977539
2002-12-26,58.38454055786133
2002-12-27,57.071746826171875
2002-12-30,57.54853439331055
2002-12-31,57.626914978027344
2003-01-02,59.48186111450195
2003-01-03,59.66470718383789
2003-01-06,60.71629333496094
2003-01-07,60.56605911254883
2003-01-08,59.69084930419922
2003-01-09,60.61830139160156
2003-01-10,60.78157043457031
2003-01-13,60.76200866699219
2003-01-14,60.95795822143555
2003-01-15,60.350528717041016
2003-01-16,60.10231018066406
2003-01-17,59.214046478271484
2003-01-21,58.29309844970703
2003-01-22,57.58772277832031
2003-01-23,57.94043731689453
2003-01-24,56.41860580444336
2003-01-27,55.64786911010742
2003-01-28,56.059383392333984
2003-01-29,56.48388671875
2003-01-30,55.14497756958008
2003-01-31,56.2095832824707
2003-02-03,56.32062911987305
2003-02-04,55.76543426513672
2003-02-05,55.4193115234375
2003-02-06,55.15802764892578
2003-02-07,54.48527145385742
2003-02-10,54.870635986328125
2003-02-11,54.49183654785156
2003-02-12,53.623130798339844
2003-02-13,53.78644561767578
2003-02-14,54.962059020996094
2003-02-18,55.92871856689453
2003-02-19,55.634830474853516
2003-02-20,55.079654693603516
2003-02-21,55.634830474853516
2003-02-24,54.73347473144531
2003-02-25,55.17109298706055
2003-02-26,54.36771774291992
2003-02-27,55.08617401123047
2003-02-28,55.451942443847656
2003-03-03,54.922908782958984
2003-03-04,54.04770278930664
2003-03-05,54.50486755371094
2003-03-06,54.04770278930664
2003-03-07,54.41996765136719
2003-03-10,53.11369705200195
2003-03-11,52.59116744995117
2003-03-12,52.94386672973633
2003-03-13,54.772682189941406
2003-03-14,54.94902038574219
2003-03-17,56.67987823486328
2003-03-18,57.0129280090332
2003-03-19,57.45058059692383
2003-03-20,57.57463455200195
2003-03-21,58.80358123779297
2003-03-24,56.849361419677734
2003-03-25,57.39365005493164
2003-03-26,57.10511779785156
2003-03-27,57.15100860595703
2003-03-28,56.86249923706055
2003-03-31,55.57059097290039
2003-04-01,56.423099517822266
2003-04-02,57.78712844848633
2003-04-03,57.51171875
2003-04-04,57.852718353271484
2003-04-07,57.74123764038086
2003-04-08,57.83303451538086
2003-04-09,57.072330474853516
2003-04-10,57.38712692260742
2003-04-11,57.15100860595703
2003-04-14,58.33139419555664
2003-04-15,58.87571334838867
2003-04-16,57.87236404418945
2003-04-17,58.73146438598633
2003-04-21,58.79047393798828
2003-04-22,59.89873504638672
2003-04-23,60.449588775634766
2003-04-24,59.91183853149414
2003-04-25,59.170799255371094
2003-04-28,60.1938362121582
2003-04-29,60.403663635253906
2003-04-30,60.27254104614258
2003-05-01,60.26596450805664
2003-05-02,61.12504577636719
2003-05-05,61.00700759887695
2003-05-06,61.584068298339844
2003-05-07,61.243045806884766
2003-05-08,60.62663650512695
2003-05-09,61.46602249145508
2003-05-12,62.220191955566406
2003-05-13,62.10867691040039
2003-05-14,61.977577209472656
2003-05-15,62.37102127075195
2003-05-16,62.21365737915039
2003-05-19,60.75782012939453
2003-05-20,60.6331901550293
2003-05-21,60.75782012939453
2003-05-22,61.361122131347656
2003-05-23,61.48574447631836
2003-05-27,62.561195373535156
2003-05-28,62.73822784423828
2003-05-29,62.57432556152344
2003-05-30,63.577632904052734
2003-06-02,63.8399658203125
2003-06-03,64.10227966308594
2003-06-04,65.02690887451172
2003-06-05,65.34825897216797
2003-06-06,65.0925064086914
2003-06-09,64.43016052246094
2003-06-10,65.08589935302734
2003-06-11,65.77452087402344
2003-06-12,65.9778060913086
2003-06-13,65.28924560546875
2003-06-16,66.66638946533203
2003-06-17,66.66638946533203
2003-06-18,66.60733795166016
2003-06-19,65.59085845947266
2003-06-20,65.44609832763672
2003-06-23,64.77477264404297
2003-06-24,64.840576171875
2003-06-25,64.18900299072266
2003-06-26,65.02487182617188
2003-06-27,64.27462005615234
2003-06-30,64.25483703613281
2003-07-01,64.84718322753906
2003-07-02,65.66325378417969
2003-07-03,64.98540496826172
2003-07-07,66.27532958984375
2003-07-08,66.57152557373047
2003-07-09,66.19640350341797
2003-07-10,65.3539810180664
2003-07-11,65.97262573242188
2003-07-14,66.29512023925781
2003-07-15,66.15031433105469
2003-07-16,65.76200103759766
2003-07-17,64.82743835449219
2003-07-18,65.49217224121094
2003-07-21,64.68266296386719
2003-07-22,65.26837921142578
2003-07-23,65.31446075439453
2003-07-24,64.82085418701172
2003-07-25,65.96601104736328
2003-07-28,65.72254180908203
2003-07-29,65.4197998046875
2003-07-30,65.26180267333984
2003-07-31,65.41316986083984
2003-08-01,64.83403015136719
2003-08-04,64.83403015136719
2003-08-05,63.45848083496094
2003-08-06,63.82705307006836
2003-08-07,64.49836730957031
2003-08-08,64.68266296386719
2003-08-11,64.9261703491211
2003-08-12,65.51847839355469
2003-08-13,65.18285369873047
2003-08-14,65.36052703857422
2003-08-15,65.56453704833984
2003-08-18,66.13055419921875
2003-08-19,66.3806381225586
2003-08-20,66.11085510253906
2003-08-21,66.32142639160156
2003-08-22,65.66325378417969
2003-08-25,65.76860046386719
2003-08-26,65.88704681396484
2003-08-27,65.90680694580078
2003-08-28,66.31482696533203
2003-08-29,66.76238250732422
2003-09-02,67.657470703125
2003-09-03,68.02600860595703
2003-09-04,68.05895233154297
2003-09-05,67.67720794677734
2003-09-08,68.23661041259766
2003-09-09,67.78909301757812
2003-09-10,67.10462188720703
2003-09-11,67.30207824707031
2003-09-12,67.42713928222656
2003-09-15,67.19021606445312
2003-09-16,68.1707992553711
2003-09-17,68.03919219970703
2003-09-18,68.8421401977539
2003-09-19,68.4919662475586
2003-09-22,67.75199127197266
2003-09-23,68.00968933105469
2003-09-24,66.8006591796875
2003-09-25,66.2522964477539
2003-09-26,66.03428649902344
2003-09-29,66.68173217773438
2003-09-30,66.03428649902344
2003-10-01,67.44149780273438
2003-10-02,67.68596649169922
2003-10-03,68.30697631835938
2003-10-06,68.6175308227539
2003-10-07,68.88176727294922
2003-10-08,68.70999908447266
2003-10-09,68.89495849609375
2003-10-10,69.08658599853516
2003-10-13,69.30461883544922
2003-10-14,69.549072265625
2003-10-15,69.3640365600586
2003-10-16,69.64157104492188
2003-10-17,68.88176727294922
2003-10-20,69.39710998535156
2003-10-21,69.27816772460938
2003-10-22,68.40608978271484
2003-10-23,68.28053283691406
2003-10-24,68.4324951171875
2003-10-27,68.46558380126953
2003-10-28,69.39710998535156
2003-10-29,69.48958587646484
2003-10-30,69.63492584228516
2003-10-31,69.56887817382812
2003-11-03,70.02472686767578
2003-11-04,69.87276458740234
2003-11-05,69.92559814453125
2003-11-06,70.29560852050781
2003-11-07,69.77369689941406
2003-11-10,69.48958587646484
2003-11-11,69.46977996826172
2003-11-12,70.24935150146484
2003-11-13,70.26918029785156
2003-11-14,69.67456817626953
2003-11-17,69.32441711425781
2003-11-18,68.60428619384766
2003-11-19,69.18571472167969
2003-11-20,68.56462860107422
2003-11-21,68.84877014160156
2003-11-24,69.76044464111328
2003-11-25,70.02472686767578
2003-11-26,70.27578735351562
2003-11-28,70.3286361694336
2003-12-01,71.08844757080078
2003-12-02,70.9100570678711
2003-12-03,70.7977294921875
2003-12-04,71.08844757080078
2003-12-05,70.59288787841797
2003-12-08,71.06857299804688
2003-12-09,70.52021026611328
2003-12-10,70.51367950439453
2003-12-11,71.30644989013672
2003-12-12,71.4451904296875
2003-12-15,71.08844757080078
2003-12-16,71.45841979980469
2003-12-17,71.68299865722656
2003-12-18,72.48907470703125
2003-12-19,72.2872543334961
2003-12-22,72.79175567626953
2003-12-23,72.83819580078125
2003-12-24,72.76518249511719
2003-12-26,72.81826782226562
2003-12-29,73.78742218017578
2003-12-30,73.80067443847656
2003-12-31,73.86710357666016
2004-01-02,73.83387756347656
2004-01-05,74.6371078491211
2004-01-06,74.71007537841797
2004-01-07,74.96236419677734
2004-01-08,75.26106262207031
2004-01-09,74.6039047241211
2004-01-12,75.15485382080078
2004-01-13,74.71674346923828
2004-01-14,75.34072875976562
2004-01-15,75.52660369873047
2004-01-16,75.8253173828125
2004-01-20,75.8053207397461
2004-01-21,76.40278625488281
2004-01-22,76.20365142822266
2004-01-23,75.95803833007812
2004-01-26,76.91392517089844
2004-01-27,76.12397766113281
2004-01-28,75.25442504882812
2004-01-29,75.32742309570312
2004-01-30,75.32742309570312
2004-02-02,75.65271759033203
2004-02-03,75.52660369873047
2004-02-04,74.90924835205078
2004-02-05,75.12828063964844
2004-02-06,75.97132110595703
2004-02-09,75.9911880493164
2004-02-10,76.2367935180664
2004-02-11,77.04664611816406
2004-02-12,76.7678451538086
2004-02-13,76.42266845703125
2004-02-17,77.11302947998047
2004-02-18,76.77450561523438
2004-02-19,76.48908996582031
2004-02-20,76.2567367553711
2004-02-23,76.06426239013672
2004-02-24,75.93148803710938
2004-02-25,76.25009155273438
2004-02-26,76.29656219482422
2004-02-27,76.34966278076172
2004-03-01,77.10638427734375
2004-03-02,76.6550064086914
2004-03-03,76.79443359375
2004-03-04,76.99356842041016
2004-03-05,77.25242614746094
2004-03-08,76.30986785888672
2004-03-09,76.00450897216797
2004-03-10,74.72999572753906
2004-03-11,73.76087951660156
2004-03-12,74.72999572753906
2004-03-15,73.81396484375
2004-03-16,74.20561981201172
2004-03-17,75.03536224365234
2004-03-18,75.05528259277344
2004-03-19,73.9794921875
2004-03-22,73.04024505615234
2004-03-23,72.9136734008789
2004-03-24,72.97366333007812
2004-03-25,73.93952178955078
2004-03-26,73.95951080322266
2004-03-29,74.9986572265625
2004-03-30,75.25178527832031
2004-03-31,75.33837890625
2004-04-01,75.7913589477539
2004-04-02,76.36419677734375
2004-04-05,76.78388977050781
2004-04-06,76.53742218017578
2004-04-07,76.35755157470703
2004-04-08,76.1843490600586
2004-04-12,76.48410034179688
2004-04-13,75.41165161132812
2004-04-14,75.53157043457031
2004-04-15,75.2451171875
2004-04-16,75.82463836669922
2004-04-19,75.82463836669922
2004-04-20,74.5523452758789
2004-04-21,75.05194854736328
2004-04-22,76.10442352294922
2004-04-23,76.1777114868164
2004-04-26,76.07107543945312
2004-04-27,76.1377182006836
2004-04-28,75.15185546875
2004-04-29,74.49238586425781
2004-04-30,73.9128646850586
2004-05-03,74.70561218261719
2004-05-04,74.64561462402344
2004-05-05,75.12520599365234
2004-05-06,74.47906494140625
2004-05-07,73.24675750732422
2004-05-10,72.49404907226562
2004-05-11,73.10688781738281
2004-05-12,73.5731430053711
2004-05-13,73.2667465209961
2004-05-14,73.3000717163086
2004-05-17,72.67390441894531
2004-05-18,73.04024505615234
2004-05-19,72.7871322631836
2004-05-20,73.0202865600586
2004-05-21,73.1468734741211
2004-05-24,73.4532699584961
2004-05-25,74.50570678710938
2004-05-26,74.76551818847656
2004-05-27,75.18516540527344
2004-05-28,75.17850494384766
2004-06-01,75.07857513427734
2004-06-02,75.35836029052734
2004-06-03,74.66556549072266
2004-06-04,75.25846862792969
2004-06-07,76.40418243408203
2004-06-08,76.5107650756836
2004-06-09,75.7979736328125
2004-06-10,76.17100524902344
2004-06-14,75.41831970214844
2004-06-15,75.95116424560547
2004-06-16,75.93788146972656
2004-06-17,75.82463836669922
2004-06-18,75.96770477294922
2004-06-21,75.68025970458984
2004-06-22,76.06131744384766
2004-06-23,76.71649169921875
2004-06-24,76.47579956054688
2004-06-25,76.10812377929688
2004-06-28,75.8473892211914
2004-06-29,76.16163635253906
2004-06-30,76.56939697265625
2004-07-01,75.50643157958984
2004-07-02,75.46629333496094
2004-07-06,74.80443572998047
2004-07-07,75.02507781982422
2004-07-08,74.50358581542969
2004-07-09,74.69746398925781
2004-07-12,74.73088073730469
2004-07-13,74.78438568115234
2004-07-14,74.55707550048828
2004-07-15,74.07569885253906
2004-07-16,74.01554107666016
2004-07-19,73.70133972167969
2004-07-20,74.6373291015625
2004-07-21,73.26007080078125
2004-07-22,73.46064758300781
2004-07-23,72.84553527832031
2004-07-26,72.70520782470703
2004-07-27,73.3870849609375
2004-07-28,73.60773468017578
2004-07-29,73.92192840576172
2004-07-30,74.1024398803711
2004-08-02,74.25621032714844
2004-08-03,73.68124389648438
2004-08-04,73.67459106445312
2004-08-05,72.47119903564453
2004-08-06,71.43492126464844
2004-08-09,71.53516387939453
2004-08-10,72.45779418945312
2004-08-11,72.31075286865234
2004-08-12,71.52183532714844
2004-08-13,71.6622314453125
2004-08-16,72.40433502197266
2004-08-17,72.81216430664062
2004-08-18,73.56092071533203
2004-08-19,73.34696960449219
2004-08-20,73.86175537109375
2004-08-23,73.67459106445312
2004-08-24,73.77486419677734
2004-08-25,74.27629089355469
2004-08-26,74.27629089355469
2004-08-27,74.51024627685547
2004-08-30,73.89521789550781
2004-08-31,74.28296661376953
2004-09-01,74.42333984375
2004-09-02,75.2657241821289
2004-09-03,74.95821380615234
2004-09-07,75.45291137695312
2004-09-08,75.2657241821289
2004-09-09,75.19889831542969
2004-09-10,75.58666229248047
2004-09-13,75.83399200439453
2004-09-14,75.9877700805664
2004-09-15,75.41278076171875
2004-09-16,75.64013671875
2004-09-17,75.96170043945312
2004-09-20,75.50514221191406
2004-09-21,75.83414459228516
2004-09-22,74.88760375976562
2004-09-23,74.4847412109375
2004-09-24,74.82714080810547
2004-09-27,74.35047912597656
2004-09-28,74.70629119873047
2004-09-29,75.08221435546875
2004-09-30,75.02851867675781
2004-10-01,76.29736328125
2004-10-04,76.42491912841797
2004-10-05,76.4652099609375
2004-10-06,76.98885345458984
2004-10-07,76.16309356689453
2004-10-08,75.53205108642578
2004-10-11,75.84087371826172
2004-10-12,75.54547119140625
2004-10-13,74.88086700439453
2004-10-14,74.27667236328125
2004-10-15,74.69287872314453
2004-10-18,74.97482299804688
2004-10-19,74.34375762939453
2004-10-20,74.19605255126953
2004-10-21,74.67945098876953
2004-10-22,73.84029388427734
2004-10-25,73.75300598144531
2004-10-26,74.88086700439453
2004-10-27,75.78043365478516
2004-10-28,76.00872802734375
2004-10-29,75.99526977539062
2004-11-01,76.20336151123047
2004-11-02,76.23023986816406
2004-11-03,77.19023895263672
2004-11-04,78.2442398071289
2004-11-05,78.73433685302734
2004-11-08,78.62020874023438
2004-11-09,78.4657974243164
2004-11-10,78.52619171142578
2004-11-11,79.12369537353516
2004-11-12,79.74807739257812
2004-11-15,79.94396209716797
2004-11-16,79.37166595458984
2004-11-17,79.84297943115234
2004-11-18,79.95071411132812
2004-11-19,79.0618896484375
2004-11-22,79.43899536132812
2004-11-23,79.5601806640625
2004-11-24,79.74869537353516
2004-11-26,79.68810272216797
2004-11-29,79.32453155517578
2004-11-30,79.37836456298828
2004-12-01,80.2806396484375
2004-12-02,80.34795379638672
2004-12-03,80.29407501220703
2004-12-06,80.26715850830078
2004-12-07,79.51976013183594
2004-12-08,79.98435974121094
2004-12-09,80.26715850830078
2004-12-10,80.34795379638672
2004-12-13,81.0482177734375
2004-12-14,81.33102416992188
2004-12-15,81.39163970947266
2004-12-16,81.34449768066406
2004-12-17,80.80196380615234
2004-12-20,80.82225799560547
2004-12-21,81.44459533691406
2004-12-22,81.64080047607422
2004-12-23,81.70166778564453
2004-12-27,81.53255462646484
2004-12-28,81.97904205322266
2004-12-29,82.10078430175781
2004-12-30,81.94525909423828
2004-12-31,81.76933288574219
2005-01-03,81.38371276855469
2005-01-04,80.38927459716797
2005-01-05,79.83453369140625
2005-01-06,80.24043273925781
2005-01-07,80.12540435791016
2005-01-10,80.5042724609375
2005-01-11,79.94953918457031
2005-01-12,80.21341705322266
2005-01-13,79.5707015991211
2005-01-14,79.99009704589844
2005-01-18,80.82225799560547
2005-01-19,79.97661590576172
2005-01-20,79.48949432373047
2005-01-21,79.0024185180664
2005-01-24,78.84681701660156
2005-01-25,79.070068359375
2005-01-26,79.30684661865234
2005-01-27,79.44214630126953
2005-01-28,79.44214630126953
2005-01-31,79.93600463867188
2005-02-01,80.44337463378906
2005-02-02,80.68693542480469
2005-02-03,80.47716522216797
2005-02-04,81.33638000488281
2005-02-07,81.2281265258789
2005-02-08,81.32283782958984
2005-02-09,80.7139663696289
2005-02-10,81.00487518310547
2005-02-11,81.70166778564453
2005-02-14,81.64080047607422
2005-02-15,81.94525909423828
2005-02-16,81.99937438964844
2005-02-17,81.33638000488281
2005-02-18,81.44459533691406
2005-02-22,80.23368835449219
2005-02-23,80.80868530273438
2005-02-24,81.3431396484375
2005-02-25,82.14817810058594
2005-02-28,81.60700225830078
2005-03-01,82.01287078857422
2005-03-02,81.9722900390625
2005-03-03,82.00611114501953
2005-03-04,83.02761840820312
2005-03-07,83.0682373046875
2005-03-08,82.75704193115234
2005-03-09,81.83697509765625
2005-03-10,82.01968383789062
2005-03-11,81.44459533691406
2005-03-14,81.95197296142578
2005-03-15,81.27549743652344
2005-03-16,80.58544158935547
2005-03-17,80.74777221679688
2005-03-18,80.50808715820312
2005-03-21,80.2092056274414
2005-03-22,79.39423370361328
2005-03-23,79.4621353149414
2005-03-24,79.55721282958984
2005-03-28,79.67273712158203
2005-03-29,79.1429443359375
2005-03-30,80.26358032226562
2005-03-31,80.1141586303711
2005-04-01,79.75418090820312
2005-04-04,79.89004516601562
2005-04-05,80.2703628540039
2005-04-06,80.548828125
2005-04-07,80.98347473144531
2005-04-08,80.14132690429688
2005-04-11,80.20246124267578
2005-04-12,80.61674499511719
2005-04-13,79.6658935546875
2005-04-14,78.62676239013672
2005-04-15,77.52651977539062
2005-04-18,77.76424407958984
2005-04-19,78.38229370117188
2005-04-20,77.28886413574219
2005-04-21,78.78980255126953
2005-04-22,78.49095153808594
2005-04-25,79.00708770751953
2005-04-26,78.23966979980469
2005-04-27,78.54527282714844
2005-04-28,77.56047058105469
2005-04-29,78.61320495605469
2005-05-02,79.0546646118164
2005-05-03,79.19049835205078
2005-05-04,79.80175018310547
2005-05-05,79.77458190917969
2005-05-06,79.52326202392578
2005-05-09,80.01907348632812
2005-05-10,79.19049835205078
2005-05-11,79.62516021728516
2005-05-12,78.74900817871094
2005-05-13,78.59285736083984
2005-05-16,79.32632446289062
2005-05-17,79.8560562133789
2005-05-18,80.67784881591797
2005-05-19,81.0174331665039
2005-05-20,80.90196990966797
2005-05-23,81.3502197265625
2005-05-24,81.16006469726562
2005-05-25,81.09893798828125
2005-05-26,81.53358459472656
2005-05-27,81.66943359375
2005-05-31,81.14646911621094
2005-06-01,81.83921813964844
2005-06-02,82.01582336425781
2005-06-03,81.60153198242188
2005-06-06,81.52678680419922
2005-06-07,81.58795166015625
2005-06-08,81.43851470947266
2005-06-09,81.82564544677734
2005-06-10,81.63551330566406
2005-06-13,81.89356231689453
2005-06-14,82.08374786376953
2005-06-15,82.23995208740234
2005-06-16,82.4504623413086
2005-06-17,82.75596618652344
2005-06-20,82.78324890136719
2005-06-21,82.83097839355469
2005-06-22,82.899169921875
2005-06-23,81.73308563232422
2005-06-24,81.13302612304688
2005-06-27,81.24894714355469
2005-06-28,81.93086242675781
2005-06-29,81.71265411376953
2005-06-30,81.26937103271484
2005-07-01,81.50806427001953
2005-07-05,82.16275024414062
2005-07-06,81.4739761352539
2005-07-07,81.79447174072266
2005-07-08,82.72872161865234
2005-07-11,83.15145111083984
2005-07-12,83.36965942382812
2005-07-13,83.4856185913086
2005-07-14,83.81295013427734
2005-07-15,83.76518249511719
2005-07-18,83.43104553222656
2005-07-19,83.88793182373047
2005-07-20,84.17434692382812
2005-07-21,83.68333435058594
2005-07-22,84.2425537109375
2005-07-25,84.00383758544922
2005-07-26,84.10612487792969
2005-07-27,84.4129867553711
2005-07-28,84.94488525390625
2005-07-29,84.37886810302734
2005-08-01,84.3175277709961
2005-08-02,84.82217407226562
2005-08-03,85.04718780517578
2005-08-04,84.36524963378906
2005-08-05,83.79247283935547
2005-08-08,83.6356201171875
2005-08-09,84.14022827148438
2005-08-10,84.09931945800781
2005-08-11,84.43345642089844
2005-08-12,83.91521453857422
2005-08-15,84.43345642089844
2005-08-16,83.33560180664062
2005-08-17,83.32877349853516
2005-08-18,83.32192993164062
2005-08-19,83.51287841796875
2005-08-22,83.51287841796875
2005-08-23,83.35602569580078
2005-08-24,82.61280822753906
2005-08-25,82.912841796875
2005-08-26,82.34683227539062
2005-08-29,82.98100280761719
2005-08-30,82.54458618164062
2005-08-31,83.58789825439453
2005-09-01,83.52651977539062
2005-09-02,83.37653350830078
2005-09-06,84.35163879394531
2005-09-07,84.49481201171875
2005-09-08,84.21524810791016
2005-09-09,84.96531677246094
2005-09-12,84.79487609863281
2005-09-13,84.32435607910156
2005-09-14,84.01748657226562
2005-09-15,83.97659301757812
2005-09-16,84.57374572753906
2005-09-19,84.29295349121094
2005-09-20,83.58076477050781
2005-09-21,82.80008697509766
2005-09-22,83.09452056884766
2005-09-23,83.16300201416016
2005-09-26,83.25887298583984
2005-09-27,83.23835754394531
2005-09-28,83.32050323486328
2005-09-29,83.99852752685547
2005-09-30,84.25872802734375
2005-10-03,83.9574203491211
2005-10-04,83.01239013671875
2005-10-05,81.92353820800781
2005-10-06,81.62907409667969
2005-10-07,81.90982818603516
2005-10-10,81.21820831298828
2005-10-11,81.10176086425781
2005-10-12,80.46488952636719
2005-10-13,80.41691589355469
2005-10-14,81.2660903930664
2005-10-17,81.56742858886719
2005-10-18,80.68404388427734
2005-10-19,82.02623748779297
2005-10-20,80.58126831054688
2005-10-21,80.89635467529297
2005-10-24,82.1495590209961
2005-10-25,81.98517608642578
2005-10-26,81.7455062866211
2005-10-27,80.87574005126953
2005-10-28,82.03994750976562
2005-10-31,82.26593780517578
2005-11-01,82.51248931884766
2005-11-02,83.37532043457031
2005-11-03,83.73141479492188
2005-11-04,83.6218490600586
2005-11-07,83.70401000976562
2005-11-08,83.70401000976562
2005-11-09,83.8135986328125
2005-11-10,84.4641342163086
2005-11-11,84.75179290771484
2005-11-14,84.70382690429688
2005-11-15,84.39568328857422
2005-11-16,84.56689453125
2005-11-17,85.35440826416016
2005-11-18,85.68995666503906
2005-11-21,86.12138366699219
2005-11-22,86.4911880493164
2005-11-23,86.99111938476562
2005-11-25,87.05960083007812
2005-11-28,86.44324493408203
2005-11-29,86.34736633300781
2005-11-30,85.88170623779297
2005-12-01,86.75824737548828
2005-12-02,86.86785125732422
2005-12-05,86.6828842163086
2005-12-06,86.84729766845703
2005-12-07,86.34053802490234
2005-12-08,86.28573608398438
2005-12-09,86.51171875
2005-12-12,86.59390258789062
2005-12-13,87.182861328125
2005-12-14,87.52525329589844
2005-12-15,87.27189636230469
2005-12-16,86.99098205566406
2005-12-19,86.5435562133789
2005-12-20,86.6261215209961
2005-12-21,86.76378631591797
2005-12-22,87.21817779541016
2005-12-23,87.266357421875
2005-12-27,86.3782958984375
2005-12-28,86.57103729248047
2005-12-29,86.18553161621094
2005-12-30,85.71735382080078
2006-01-03,87.22505187988281
2006-01-04,87.63812255859375
2006-01-05,87.6932144165039
2006-01-06,88.42292022705078
2006-01-09,88.65013885498047
2006-01-10,88.7396011352539
2006-01-11,89.02186584472656
2006-01-12,88.67078399658203
2006-01-13,88.58816528320312
2006-01-17,88.34719848632812
2006-01-18,87.9961166381836
2006-01-19,88.33345794677734
2006-01-20,86.72249603271484
2006-01-23,87.03228759765625
2006-01-24,87.12176513671875
2006-01-25,87.19754028320312
2006-01-26,87.67938995361328
2006-01-27,88.49179077148438
2006-01-30,88.42292022705078
2006-01-31,87.77583312988281
2006-02-01,88.38851165771484
2006-02-02,87.36273956298828
2006-02-03,86.92903900146484
2006-02-06,87.15621185302734
2006-02-07,86.38516235351562
2006-02-08,87.16999816894531
2006-02-09,87.0254135131836
2006-02-10,87.1837158203125
2006-02-13,87.0254135131836
2006-02-14,87.94791412353516
2006-02-15,88.2577133178711
2006-02-16,88.91861724853516
2006-02-17,88.67765808105469
2006-02-21,88.45735931396484
2006-02-22,88.9943618774414
2006-02-23,88.86353302001953
2006-02-24,89.0907211303711
2006-02-27,89.12513732910156
2006-02-28,88.27835845947266
2006-03-01,89.06316375732422
2006-03-02,89.0562973022461
2006-03-03,88.64323425292969
2006-03-06,88.23704528808594
2006-03-07,88.0993423461914
2006-03-08,88.2852554321289
2006-03-09,87.6932144165039
2006-03-10,88.52621459960938
2006-03-13,88.69140625
2006-03-14,89.62081909179688
2006-03-15,90.02010345458984
2006-03-16,90.20600891113281
2006-03-17,90.28131866455078
2006-03-20,90.13616943359375
2006-03-21,89.56941223144531
2006-03-22,90.1154556274414
2006-03-23,89.92882537841797
2006-03-24,89.9979248046875
2006-03-27,89.86662292480469
2006-03-28,89.31367492675781
2006-03-29,89.8735122680664
2006-03-30,89.71456146240234
2006-03-31,89.73530578613281
2006-04-03,89.66618347167969
2006-04-04,90.23985290527344
2006-04-05,90.55089569091797
2006-04-06,90.4541244506836
2006-04-07,89.53486633300781
2006-04-10,89.67310333251953
2006-04-11,88.91279602050781
2006-04-12,89.07867431640625
2006-04-13,88.96119689941406
2006-04-17,88.9266128540039
2006-04-18,90.33661651611328
2006-04-19,90.50941467285156
2006-04-20,90.63383483886719
2006-04-21,90.64762878417969
2006-04-24,90.4818115234375
2006-04-25,90.10853576660156
2006-04-26,90.12924194335938
2006-04-27,90.56472778320312
2006-04-28,90.86882019042969
2006-05-01,90.12924194335938
2006-05-02,90.80660247802734
2006-05-03,90.46792602539062
2006-05-04,90.79281616210938
2006-05-05,91.59458923339844
2006-05-08,91.48397064208984
2006-05-09,91.6636734008789
2006-05-10,91.61530303955078
2006-05-11,90.50941467285156
2006-05-12,89.3275146484375
2006-05-15,89.5072250366211
2006-05-16,89.37586975097656
2006-05-17,87.6755599975586
2006-05-18,87.23323822021484
2006-05-19,87.848388671875
2006-05-22,87.17792510986328
2006-05-23,86.51441192626953
2006-05-24,87.20556640625
2006-05-25,88.28384399414062
2006-05-26,88.73311614990234
2006-05-30,87.15721130371094
2006-05-31,88.13175964355469
2006-06-01,88.97502136230469
2006-06-02,89.16161346435547
2006-06-05,87.86222076416016
2006-06-06,87.64793395996094
2006-06-07,86.9913558959961
2006-06-08,86.91529846191406
2006-06-09,86.63882446289062
2006-06-12,85.6988296508789
2006-06-13,84.70352935791016
2006-06-14,85.36015319824219
2006-06-15,87.1710433959961
2006-06-16,86.53581237792969
2006-06-19,85.85546112060547
2006-06-20,86.14704132080078
2006-06-21,86.78572082519531
2006-06-22,86.4039077758789
2006-06-23,86.3900375366211
2006-06-26,86.77183532714844
2006-06-27,86.02207946777344
2006-06-28,86.60521697998047
2006-06-29,88.35472869873047
2006-06-30,88.36165618896484
2006-07-03,88.72265625
2006-07-05,88.2158432006836
2006-07-06,88.47274017333984
2006-07-07,87.89649200439453
2006-07-10,88.0631103515625
2006-07-11,88.4518814086914
2006-07-12,87.50775146484375
2006-07-13,86.08458709716797
2006-07-14,85.75133514404297
2006-07-17,85.62637329101562
2006-07-18,86.063720703125
2006-07-19,87.25780487060547
2006-07-20,86.6607894897461
2006-07-21,86.04987335205078
2006-07-24,87.61880493164062
2006-07-25,87.93121337890625
2006-07-26,88.04926300048828
2006-07-27,87.96595001220703
2006-07-28,88.84760284423828
2006-07-31,88.75733947753906
2006-08-01,88.32002258300781
2006-08-02,88.9170150756836
2006-08-03,89.15306854248047
2006-08-04,89.00031280517578
2006-08-07,88.79206085205078
2006-08-08,88.4518814086914
2006-08-09,88.15336608886719
2006-08-10,88.42414093017578
2006-08-11,88.1741943359375
2006-08-14,88.24361419677734
2006-08-15,89.29884338378906
2006-08-16,90.04167938232422
2006-08-17,90.27079772949219
2006-08-18,90.72896575927734
2006-08-21,90.34022521972656
2006-08-22,90.33325958251953
2006-08-23,90.08332824707031
2006-08-24,90.00699615478516
2006-08-25,90.1180419921875
2006-08-28,90.5484390258789
2006-08-29,90.65264892578125
2006-08-30,90.70816802978516
2006-08-31,90.69425964355469
2006-09-01,91.23572540283203
2006-09-05,91.40934753417969
2006-09-06,90.60401153564453
2006-09-07,90.18746185302734
2006-09-08,90.44432830810547
2006-09-11,90.53456115722656
2006-09-12,91.4232177734375
2006-09-13,91.79116821289062
2006-09-14,91.79804992675781
2006-09-15,92.01355743408203
2006-09-18,92.13904571533203
2006-09-19,91.90898132324219
2006-09-20,92.39701080322266
2006-09-21,91.95075988769531
2006-09-22,91.67185974121094
2006-09-25,92.37609100341797
2006-09-26,93.14314270019531
2006-09-27,93.25470733642578
2006-09-28,93.2198486328125
2006-09-29,93.14314270019531
2006-10-02,92.79450225830078
2006-10-03,92.98974609375
2006-10-04,94.07752990722656
2006-10-05,94.25877380371094
2006-10-06,94.14025115966797
2006-10-09,94.196044921875
2006-10-10,94.32154846191406
2006-10-11,94.20999145507812
2006-10-12,95.02582550048828
2006-10-13,95.26984405517578
2006-10-16,95.41629028320312
2006-10-17,95.11647033691406
2006-10-18,95.24197387695312
2006-10-19,95.39533233642578
2006-10-20,95.41629028320312
2006-10-23,95.85557556152344
2006-10-24,96.14141082763672
2006-10-25,96.46920013427734
2006-10-26,96.76902770996094
2006-10-27,96.16238403320312
2006-10-30,96.09264373779297
2006-10-31,96.07867431640625
2006-11-01,95.43020629882812
2006-11-02,95.37444305419922
2006-11-03,95.20706939697266
2006-11-06,96.28092193603516
2006-11-07,96.65042114257812
2006-11-08,96.85968780517578
2006-11-09,96.35062408447266
2006-11-10,96.3924789428711
2006-11-13,96.62954711914062
2006-11-14,97.35472106933594
2006-11-15,97.63362884521484
2006-11-16,97.88467407226562
2006-11-17,97.91258239746094
2006-11-20,97.96835327148438
2006-11-21,98.06598663330078
2006-11-22,98.26121520996094
2006-11-24,97.8637466430664
2006-11-27,96.51801300048828
2006-11-28,96.93632507324219
2006-11-29,97.94743347167969
2006-11-30,97.98931121826172
2006-12-01,97.77310180664062
2006-12-04,98.5191879272461
2006-12-05,98.94451904296875
2006-12-06,98.86083984375
2006-12-07,98.42855834960938
2006-12-08,98.60984802246094
2006-12-11,98.89573669433594
2006-12-12,98.81903839111328
2006-12-13,98.92362213134766
2006-12-14,99.7952651977539
2006-12-15,99.80435180664062
2006-12-18,99.5308609008789
2006-12-19,99.72016143798828
2006-12-20,99.66412353515625
2006-12-21,99.29949188232422
2006-12-22,98.68949890136719
2006-12-26,99.27143859863281
2006-12-27,99.92353820800781
2006-12-28,99.71317291259766
2006-12-29,99.29949188232422
2007-01-03,99.12422943115234
2007-01-04,99.33454132080078
2007-01-05,98.5422592163086
2007-01-08,98.99803161621094
2007-01-09,98.91383361816406
2007-01-10,99.243408203125
2007-01-11,99.6781005859375
2007-01-12,100.43533325195312
2007-01-16,100.23908233642578
2007-01-17,100.28115844726562
2007-01-18,99.94458770751953
2007-01-19,100.14093017578125
2007-01-22,99.83238983154297
2007-01-23,100.12689208984375
2007-01-24,100.93321990966797
2007-01-25,99.74822998046875
2007-01-26,99.65715026855469
2007-01-29,99.60098266601562
2007-01-30,100.11985778808594
2007-01-31,100.7929916381836
2007-02-01,101.39601135253906
2007-02-02,101.53624725341797
2007-02-05,101.56424713134766
2007-02-06,101.59236145019531
2007-02-07,101.81665802001953
2007-02-08,101.68347930908203
2007-02-09,100.92625427246094
2007-02-12,100.5826187133789
2007-02-13,101.4310531616211
2007-02-14,102.09717559814453
2007-02-15,102.23042297363281
2007-02-16,102.1812973022461
2007-02-20,102.39862823486328
2007-02-21,102.3565902709961
2007-02-22,102.27943420410156
2007-02-23,101.87982177734375
2007-02-26,101.78862762451172
2007-02-27,97.81302642822266
2007-02-28,98.81565856933594
2007-03-01,98.52117156982422
2007-03-02,97.23102569580078
2007-03-05,96.30551147460938
2007-03-06,97.95325469970703
2007-03-07,97.8551025390625
2007-03-08,98.68247985839844
2007-03-09,98.71051025390625
2007-03-12,98.85778045654297
2007-03-13,96.93653106689453
2007-03-14,97.65873718261719
2007-03-15,97.7920150756836
2007-03-16,97.5181884765625
2007-03-19,98.6937484741211
2007-03-20,99.23577880859375
2007-03-21,100.86895751953125
2007-03-22,100.79153442382812
2007-03-23,100.9393539428711
2007-03-26,100.80557250976562
2007-03-27,100.56623840332031
2007-03-28,99.83409118652344
2007-03-29,99.93971252441406
2007-03-30,99.96086120605469
2007-04-02,100.07344055175781
2007-04-03,101.15052032470703
2007-04-04,101.26313781738281
2007-04-05,101.53771209716797
2007-04-09,101.6784896850586
2007-04-10,101.79817199707031
2007-04-11,101.38282012939453
2007-04-12,101.83341217041016
2007-04-13,102.29798889160156
2007-04-16,103.26940155029297
2007-04-17,103.54401397705078
2007-04-18,103.6706771850586
2007-04-19,103.64253234863281
2007-04-20,104.62102508544922
2007-04-23,104.22677612304688
2007-04-24,104.2690200805664
2007-04-25,105.22643280029297
2007-04-26,105.34607696533203
2007-04-27,105.2616195678711
2007-04-30,104.38870239257812
2007-05-01,104.65616607666016
2007-05-02,105.26863098144531
2007-05-03,105.83883666992188
2007-05-04,106.24008178710938
2007-05-07,106.26123809814453
2007-05-08,106.12036895751953
2007-05-09,106.40902709960938
2007-05-10,105.29679870605469
2007-05-11,106.19781494140625
2007-05-14,105.96551513671875
2007-05-15,105.99370574951172
2007-05-16,106.71875762939453
2007-05-17,106.50762939453125
2007-05-18,107.43677520751953
2007-05-21,107.38044738769531
2007-05-22,107.29600524902344
2007-05-23,107.31009674072266
2007-05-24,106.33861541748047
2007-05-25,106.78213500976562
2007-05-29,107.16931915283203
2007-05-30,108.04218292236328
2007-05-31,107.92955017089844
2007-06-01,108.46458435058594
2007-06-04,108.47872924804688
2007-06-05,108.04924011230469
2007-06-06,106.88776397705078
2007-06-07,104.95890045166016
2007-06-08,106.32453918457031
2007-06-11,106.50762939453125
2007-06-12,105.34607696533203
2007-06-13,106.92288970947266
2007-06-14,107.60572814941406
2007-06-15,108.21797943115234
2007-06-18,108.09072875976562
2007-06-19,108.35938262939453
2007-06-20,106.8535385131836
2007-06-21,107.44738006591797
2007-06-22,106.43646240234375
2007-06-25,105.92737579345703
2007-06-26,104.8386459350586
2007-06-27,106.33036041259766
2007-06-28,106.31623840332031
2007-06-29,106.3515853881836
2007-07-02,107.31304168701172
2007-07-03,107.7019271850586
2007-07-05,107.58879089355469
2007-07-06,108.15435791015625
2007-07-09,108.23921203613281
2007-07-10,106.69799041748047
2007-07-11,107.4544906616211
2007-07-12,109.1512222290039
2007-07-13,109.47642517089844
2007-07-16,109.46226501464844
2007-07-17,109.40572357177734
2007-07-18,109.20777893066406
2007-07-19,109.63196563720703
2007-07-20,108.52196502685547
2007-07-23,108.85430145263672
2007-07-24,106.96663665771484
2007-07-25,107.18579864501953
2007-07-26,104.6477279663086
2007-07-27,102.59042358398438
2007-07-30,104.19528198242188
2007-07-31,103.02165985107422
2007-08-01,103.52365112304688
2007-08-02,104.35076904296875
2007-08-03,101.66426086425781
2007-08-06,103.36809539794922
2007-08-07,104.47099304199219
2007-08-08,105.92737579345703
2007-08-09,102.78837585449219
2007-08-10,102.30760192871094
2007-08-13,102.67520904541016
2007-08-14,101.10576629638672
2007-08-15,99.7129898071289
2007-08-16,100.4623794555664
2007-08-17,102.30760192871094
2007-08-20,102.25811767578125
2007-08-21,102.4631576538086
2007-08-22,103.67916870117188
2007-08-23,103.5872573852539
2007-08-24,104.8668441772461
2007-08-27,103.89122772216797
2007-08-28,101.60770416259766
2007-08-29,103.60134887695312
2007-08-30,103.32568359375
2007-08-31,104.34375
2007-09-04,105.39714050292969
2007-09-05,104.4851303100586
2007-09-06,104.72551727294922
2007-09-07,103.26908874511719
2007-09-10,103.07117462158203
2007-09-11,104.27300262451172
2007-09-12,104.54170227050781
2007-09-13,105.27694702148438
2007-09-14,105.26986694335938
2007-09-17,104.70429992675781
2007-09-18,107.7867431640625
2007-09-19,108.42302703857422
2007-09-20,107.65946197509766
2007-09-21,107.95000457763672
2007-09-24,107.75112915039062
2007-09-25,107.53800201416016
2007-09-26,108.10628509521484
2007-09-27,108.74559020996094
2007-09-28,108.3833236694336
2007-10-01,109.6051254272461
2007-10-02,109.45594024658203
2007-10-03,109.23578643798828
2007-10-04,109.40621948242188
2007-10-05,110.70610046386719
2007-10-08,110.1165542602539
2007-10-09,111.15362548828125
2007-10-10,110.96896362304688
2007-10-11,110.43618774414062
2007-10-12,111.04708862304688
2007-10-15,110.10940551757812
2007-10-16,109.23578643798828
2007-10-17,109.56956481933594
2007-10-18,109.17179870605469
2007-10-19,106.31623840332031
2007-10-22,106.93424987792969
2007-10-23,107.80084991455078
2007-10-24,107.60193634033203
2007-10-25,107.85770416259766
2007-10-26,109.12202453613281
2007-10-29,109.48435974121094
2007-10-30,108.72428894042969
2007-10-31,109.85371398925781
2007-11-01,107.28228759765625
2007-11-02,107.40300750732422
2007-11-05,106.58618927001953
2007-11-06,108.02108764648438
2007-11-07,105.06602478027344
2007-11-08,104.53327178955078
2007-11-09,103.09837341308594
2007-11-12,102.07549285888672
2007-11-13,105.186767578125
2007-11-14,104.89556121826172
2007-11-15,103.3825454711914
2007-11-16,103.56016540527344
2007-11-19,102.11817169189453
2007-11-20,102.7432632446289
2007-11-21,100.64059448242188
2007-11-23,102.3809814453125
2007-11-26,100.1220703125
2007-11-27,101.27283477783203
2007-11-28,104.51199340820312
2007-11-29,104.5475082397461
2007-11-30,105.59882354736328
2007-12-03,104.90265655517578
2007-12-04,103.96500396728516
2007-12-05,105.705322265625
2007-12-06,107.21839904785156
2007-12-07,107.19702911376953
2007-12-10,108.02813720703125
2007-12-11,105.06602478027344
2007-12-12,106.10311889648438
2007-12-13,105.88290405273438
2007-12-14,104.54037475585938
2007-12-17,103.04866790771484
2007-12-18,103.62403869628906
2007-12-19,103.62403869628906
2007-12-20,104.2775650024414
2007-12-21,105.78076934814453
2007-12-24,106.56626892089844
2007-12-26,106.79476928710938
2007-12-27,105.45228576660156
2007-12-28,105.18807983398438
2007-12-31,104.40966796875
2008-01-02,103.49560546875
2008-01-03,103.44564056396484
2008-01-04,100.91050720214844
2008-01-07,100.82481384277344
2008-01-08,99.19670104980469
2008-01-09,100.23924255371094
2008-01-10,100.89630126953125
2008-01-11,100.08221435546875
2008-01-14,100.88911437988281
2008-01-15,98.66825103759766
2008-01-16,97.8184585571289
2008-01-17,95.28340911865234
2008-01-18,94.30503845214844
2008-01-22,93.34813690185547
2008-01-23,95.59046173095703
2008-01-24,96.39739990234375
2008-01-25,95.0048599243164
2008-01-28,96.57589721679688
2008-01-29,97.05437469482422
2008-01-30,96.34028625488281
2008-01-31,98.09697723388672
2008-02-01,99.67511749267578
2008-02-04,98.4183349609375
2008-02-05,95.78326416015625
2008-02-06,95.01201629638672
2008-02-07,95.64041137695312
2008-02-08,95.02629089355469
2008-02-11,95.51193237304688
2008-02-12,96.39739990234375
2008-02-13,97.38284301757812
2008-02-14,96.52591705322266
2008-02-15,96.5044937133789
2008-02-19,96.77586364746094
2008-02-20,97.06147766113281
2008-02-21,96.25454711914062
2008-02-22,96.84725189208984
2008-02-25,98.06840515136719
2008-02-26,98.80388641357422
2008-02-27,98.70394897460938
2008-02-28,97.73991394042969
2008-02-29,95.56188201904297
2008-03-03,95.3333969116211
2008-03-04,94.96918487548828
2008-03-05,95.56901550292969
2008-03-06,93.5909423828125
2008-03-07,92.62692260742188
2008-03-10,91.40577697753906
2008-03-11,94.69071960449219
2008-03-12,93.80517578125
2008-03-13,94.01226043701172
2008-03-14,92.55548095703125
2008-03-17,91.62000274658203
2008-03-18,95.42618560791016
2008-03-19,93.06253051757812
2008-03-20,94.78628540039062
2008-03-24,96.68084716796875
2008-03-25,96.77420043945312
2008-03-26,95.59005737304688
2008-03-27,95.28864288330078
2008-03-28,94.37724304199219
2008-03-31,94.70731353759766
2008-04-01,98.03718566894531
2008-04-02,98.1017837524414
2008-04-03,98.3458023071289
2008-04-04,98.2381820678711
2008-04-07,98.28838348388672
2008-04-08,98.18791961669922
2008-04-09,97.47747802734375
2008-04-10,97.61381530761719
2008-04-11,95.71920776367188
2008-04-14,95.39627838134766
2008-04-15,95.61878204345703
2008-04-16,98.2094497680664
2008-04-17,98.35295104980469
2008-04-18,99.37919616699219
2008-04-21,99.4294662475586
2008-04-22,98.99169158935547
2008-04-23,98.83382415771484
2008-04-24,99.26441955566406
2008-04-25,100.1829605102539
2008-04-28,100.2044677734375
2008-04-29,99.80977630615234
2008-04-30,99.2213134765625
2008-05-01,101.27375030517578
2008-05-02,101.55364990234375
2008-05-05,101.06568145751953
2008-05-06,101.94117736816406
2008-05-07,100.12551879882812
2008-05-08,99.86719512939453
2008-05-09,99.68061828613281
2008-05-12,100.80013275146484
2008-05-13,100.81448364257812
2008-05-14,101.02259826660156
2008-05-15,102.28565979003906
2008-05-16,102.37896728515625
2008-05-19,102.6588134765625
2008-05-20,101.82636260986328
2008-05-21,100.1040267944336
2008-05-22,100.11837768554688
2008-05-23,98.7763671875
2008-05-27,99.50839233398438
2008-05-28,99.96768951416016
2008-05-29,100.47001647949219
2008-05-30,100.72117614746094
2008-06-02,99.68061828613281
2008-06-03,99.09927368164062
2008-06-04,99.04912567138672
2008-06-05,101.02976989746094
2008-06-06,97.80755615234375
2008-06-09,98.04438018798828
2008-06-10,97.5564193725586
2008-06-11,96.12108612060547
2008-06-12,96.48710632324219
2008-06-13,97.70706176757812
2008-06-16,97.76449584960938
2008-06-17,97.29084777832031
2008-06-18,96.34358978271484
2008-06-19,96.46556854248047
2008-06-20,94.89978790283203
2008-06-23,94.80599212646484
2008-06-24,94.61849975585938
2008-06-25,95.06565856933594
2008-06-26,92.48361206054688
2008-06-27,91.9787826538086
2008-06-30,92.3033218383789
2008-07-01,92.59184265136719
2008-07-02,91.005126953125
2008-07-03,91.0988998413086
2008-07-07,90.16848754882812
2008-07-08,91.76962280273438
2008-07-09,90.00260162353516
2008-07-10,90.37041473388672
2008-07-11,89.31741333007812
2008-07-14,88.50965118408203
2008-07-15,87.26190185546875
2008-07-16,89.40393829345703
2008-07-17,90.29829406738281
2008-07-18,90.86084747314453
2008-07-21,90.91136169433594
2008-07-22,91.94273376464844
2008-07-23,92.44036865234375
2008-07-24,90.52189636230469
2008-07-25,90.50025939941406
2008-07-28,89.17317199707031
2008-07-29,91.0772476196289
2008-07-30,92.70001220703125
2008-07-31,91.4738998413086
2008-08-01,90.99066162109375
2008-08-04,90.14683532714844
2008-08-05,92.57738494873047
2008-08-06,92.988525390625
2008-08-07,91.60372161865234
2008-08-08,93.30587005615234
2008-08-11,94.27232360839844
2008-08-12,93.29142761230469
2008-08-13,92.72888946533203
2008-08-14,93.42845916748047
2008-08-15,93.8828353881836
2008-08-18,92.59904479980469
2008-08-19,91.5893325805664
2008-08-20,92.01483917236328
2008-08-21,92.17350006103516
2008-08-22,93.50780487060547
2008-08-25,91.61094665527344
2008-08-26,91.8777847290039
2008-08-27,92.7721176147461
2008-08-28,93.89727020263672
2008-08-29,92.88753509521484
2008-09-02,92.31053161621094
2008-09-03,92.23123168945312
2008-09-04,89.45449829101562
2008-09-05,89.73574829101562
2008-09-08,91.5893325805664
2008-09-09,88.87027740478516
2008-09-10,89.23089599609375
2008-09-11,90.52189636230469
2008-09-12,90.94020080566406
2008-09-15,86.61280822753906
2008-09-16,88.06246948242188
2008-09-17,84.1029281616211
2008-09-18,86.59838104248047
2008-09-19,90.0375747680664
2008-09-22,87.99911499023438
2008-09-23,85.99703979492188
2008-09-24,86.27265167236328
2008-09-25,87.62195587158203
2008-09-26,87.66548156738281
2008-09-29,80.79586791992188
2008-09-30,84.13997650146484
2008-10-01,84.19075012207031
2008-10-02,81.13676452636719
2008-10-03,80.04142761230469
2008-10-06,75.96464538574219
2008-10-07,72.56246948242188
2008-10-08,70.73444366455078
2008-10-09,65.79441833496094
2008-10-10,64.19853973388672
2008-10-13,73.52001190185547
2008-10-14,72.4319076538086
2008-10-15,65.30113220214844
2008-10-16,68.02144622802734
2008-10-17,67.61521911621094
2008-10-20,71.67747497558594
2008-10-21,69.53752899169922
2008-10-22,65.75091552734375
2008-10-23,66.5125732421875
2008-10-24,63.13945388793945
2008-10-27,60.897918701171875
2008-10-28,68.01419067382812
2008-10-29,67.52088928222656
2008-10-30,69.85672760009766
2008-10-31,70.24117279052734
2008-11-03,70.44428253173828
2008-11-04,72.8381118774414
2008-11-05,69.77692413330078
2008-11-06,65.91047668457031
2008-11-07,68.08673095703125
2008-11-10,67.1944808959961
2008-11-11,65.1197738647461
2008-11-12,62.25442886352539
2008-11-13,66.1353759765625
2008-11-14,62.83478546142578
2008-11-17,62.00051498413086
2008-11-18,63.1684684753418
2008-11-19,59.12071228027344
2008-11-20,54.73198699951172
2008-11-21,57.68438720703125
2008-11-24,61.6813850402832
2008-11-25,62.13837432861328
2008-11-26,64.53945922851562
2008-11-28,65.35194396972656
2008-12-01,59.563194274902344
2008-12-02,61.855472564697266
2008-12-03,63.342559814453125
2008-12-04,61.87725067138672
2008-12-05,63.7850456237793
2008-12-08,66.01204681396484
2008-12-09,64.92394256591797
2008-12-10,65.36644744873047
2008-12-11,63.792293548583984
2008-12-12,64.55400085449219
2008-12-15,63.65447998046875
2008-12-16,66.65039825439453
2008-12-17,66.00479888916016
2008-12-18,64.77161407470703
2008-12-19,64.49298095703125
2008-12-22,63.666622161865234
2008-12-23,63.00843048095703
2008-12-24,63.37409973144531
2008-12-26,63.739749908447266
2008-12-29,63.556949615478516
2008-12-30,65.06342315673828
2008-12-31,65.99213409423828
2009-01-02,67.98126983642578
2009-01-05,67.90081024169922
2009-01-06,68.35423278808594
2009-01-07,66.30658721923828
2009-01-08,66.57716369628906
2009-01-09,65.1511459350586
2009-01-12,63.58614730834961
2009-01-13,63.70316696166992
2009-01-14,61.69941711425781
2009-01-15,61.721351623535156
2009-01-16,62.20402145385742
2009-01-20,58.92050552368164
2009-01-21,61.465423583984375
2009-01-22,60.51474380493164
2009-01-23,60.77802276611328
2009-01-26,61.19483184814453
2009-01-27,61.816471099853516
2009-01-28,63.907981872558594
2009-01-29,61.83107376098633
2009-01-30,60.57323455810547
2009-02-02,60.39042663574219
2009-02-03,61.23870086669922
2009-02-04,60.938865661621094
2009-02-05,61.845703125
2009-02-06,63.60812759399414
2009-02-09,63.695899963378906
2009-02-10,60.77802276611328
2009-02-11,61.13633346557617
2009-02-12,61.18022537231445
2009-02-13,60.52207946777344
2009-02-17,57.93325424194336
2009-02-18,57.7943229675293
2009-02-19,57.1727294921875
2009-02-20,56.616912841796875
2009-02-23,54.59123992919922
2009-02-24,56.66080093383789
2009-02-25,56.214725494384766
2009-02-26,55.30059814453125
2009-02-27,54.06472396850586
2009-03-02,51.62948226928711
2009-03-03,51.24190139770508
2009-03-04,52.455867767333984
2009-03-05,50.313148498535156
2009-03-06,50.400917053222656
2009-03-09,49.80856704711914
2009-03-10,52.77760696411133
2009-03-11,53.12132263183594
2009-03-12,55.212825775146484
2009-03-13,55.644290924072266
2009-03-16,55.47611999511719
2009-03-17,57.1727294921875
2009-03-18,58.452510833740234
2009-03-19,57.728485107421875
2009-03-20,56.49919891357422
2009-03-23,60.55752182006836
2009-03-24,59.36431884765625
2009-03-25,59.99034881591797
2009-03-26,61.21303176879883
2009-03-27,60.10823059082031
2009-03-30,58.03121566772461
2009-03-31,58.56889724731445
2009-04-01,59.70315170288086
2009-04-02,61.44871520996094
2009-04-03,62.06003189086914
2009-04-06,61.57389450073242
2009-04-07,60.13768005371094
2009-04-08,60.785831451416016
2009-04-09,63.201629638671875
2009-04-13,63.21637725830078
2009-04-14,62.12631607055664
2009-04-15,62.789207458496094
2009-04-16,63.7098388671875
2009-04-17,64.13704681396484
2009-04-20,61.44871520996094
2009-04-21,62.64926528930664
2009-04-22,62.266265869140625
2009-04-23,62.877586364746094
2009-04-24,63.82769775390625
2009-04-27,63.223731994628906
2009-04-28,63.024898529052734
2009-04-29,64.3653793334961
2009-04-30,64.38748168945312
2009-05-01,64.73365020751953
2009-05-04,66.93585968017578
2009-05-05,66.7074966430664
2009-05-06,67.86387634277344
2009-05-07,66.92112731933594
2009-05-08,68.4825668334961
2009-05-11,67.20101165771484
2009-05-12,67.00215148925781
2009-05-13,65.31547546386719
2009-05-14,65.87525177001953
2009-05-15,65.33757781982422
2009-05-18,67.19366455078125
2009-05-19,67.11264038085938
2009-05-20,66.66332244873047
2009-05-21,65.7058334350586
2009-05-22,65.56591033935547
2009-05-26,67.2452392578125
2009-05-27,66.044677734375
2009-05-28,66.96531677246094
2009-05-29,68.15115356445312
2009-06-01,69.80097198486328
2009-06-02,69.8598861694336
2009-06-03,68.97602844238281
2009-06-04,69.62419891357422
2009-06-05,69.638916015625
2009-06-08,69.35167694091797
2009-06-09,69.70520782470703
2009-06-10,69.5284652709961
2009-06-11,69.83777618408203
2009-06-12,70.02931213378906
2009-06-15,68.42364501953125
2009-06-16,67.49562072753906
2009-06-17,67.4293212890625
2009-06-18,67.92280578613281
2009-06-19,68.17314910888672
2009-06-22,66.12883758544922
2009-06-23,66.18070220947266
2009-06-24,66.75103759765625
2009-06-25,68.20281219482422
2009-06-26,68.02503204345703
2009-06-29,68.66203308105469
2009-06-30,68.10649108886719
2009-07-01,68.38795471191406
2009-07-02,66.52143096923828
2009-07-06,66.51400756835938
2009-07-07,65.22520446777344
2009-07-08,65.18077087402344
2009-07-09,65.30670166015625
2009-07-10,65.1511459350586
2009-07-13,66.73623657226562
2009-07-14,67.11397552490234
2009-07-15,69.07681274414062
2009-07-16,68.9656753540039
2009-07-17,69.72120666503906
2009-07-20,70.4618911743164
2009-07-21,70.78778839111328
2009-07-22,70.77300262451172
2009-07-23,72.33584594726562
2009-07-24,72.63213348388672
2009-07-27,72.84690856933594
2009-07-28,72.5062026977539
2009-07-29,72.32847595214844
2009-07-30,73.0839614868164
2009-07-31,73.18763732910156
2009-08-03,74.39493560791016
2009-08-04,74.5875473022461
2009-08-05,74.37272644042969
2009-08-06,73.98761749267578
2009-08-07,74.9578628540039
2009-08-10,74.8023681640625
2009-08-11,73.86908721923828
2009-08-12,74.66162872314453
2009-08-13,75.23193359375
2009-08-14,74.65421295166016
2009-08-17,72.81729125976562
2009-08-18,73.39503479003906
2009-08-19,74.03945922851562
2009-08-20,74.8023681640625
2009-08-21,76.26889038085938
2009-08-24,76.26150512695312
2009-08-25,76.40966796875
2009-08-26,76.41706848144531
2009-08-27,76.58739471435547
2009-08-28,76.57257843017578
2009-08-31,75.89116668701172
2009-09-01,74.21717834472656
2009-09-02,73.93572998046875
2009-09-03,74.550537109375
2009-09-04,75.5948715209961
2009-09-08,76.24669647216797
2009-09-09,76.83181762695312
2009-09-10,77.616943359375
2009-09-11,77.60214233398438
2009-09-14,77.97991180419922
2009-09-15,78.30581665039062
2009-09-16,79.4909439086914
2009-09-17,79.37242126464844
2009-09-18,79.42303466796875
2009-09-21,79.22206115722656
2009-09-22,79.68348693847656
2009-09-23,79.0211410522461
2009-09-24,78.15039825439453
2009-09-25,77.733642578125
2009-09-28,79.12532806396484
2009-09-29,78.88714599609375
2009-09-30,78.58203125
2009-10-01,76.63217163085938
2009-10-02,76.27497100830078
2009-10-05,77.41361236572266
2009-10-06,78.52249145507812
2009-10-07,78.73831939697266
2009-10-08,79.34114837646484
2009-10-09,79.82488250732422
2009-10-12,80.137451171875
2009-10-13,79.97374725341797
2009-10-14,81.3505630493164
2009-10-15,81.64820861816406
2009-10-16,81.0379409790039
2009-10-19,81.70777130126953
2009-10-20,81.27611541748047
2009-10-21,80.54676818847656
2009-10-22,81.36542510986328
2009-10-23,80.43513488769531
2009-10-26,79.5644302368164
2009-10-27,79.19976043701172
2009-10-28,77.70387268066406
2009-10-29,79.37092590332031
2009-10-30,77.07127380371094
2009-11-02,77.63687133789062
2009-11-03,77.88248443603516
2009-11-04,78.08345031738281
2009-11-05,79.5197525024414
2009-11-06,79.7281265258789
2009-11-09,81.54405975341797
2009-11-10,81.55892181396484
2009-11-11,81.97565460205078
2009-11-12,81.14214324951172
2009-11-13,81.58125305175781
2009-11-16,82.76454162597656
2009-11-17,82.86131286621094
2009-11-18,82.8092041015625
2009-11-19,81.73009490966797
2009-11-20,81.43984985351562
2009-11-23,82.47431182861328
2009-11-24,82.600830078125
2009-11-25,82.89108276367188
2009-11-27,81.54405975341797
2009-11-30,81.81939697265625
2009-12-01,82.83153533935547
2009-12-02,82.79432678222656
2009-12-03,82.14685821533203
2009-12-04,82.61571502685547
2009-12-07,82.48921966552734
2009-12-08,81.57382202148438
2009-12-09,81.87893676757812
2009-12-10,82.34037780761719
2009-12-11,82.69015502929688
2009-12-14,83.2557601928711
2009-12-15,82.86876678466797
2009-12-16,82.99524688720703
2009-12-17,81.9980239868164
2009-12-18,82.4618911743164
2009-12-21,83.29991912841797
2009-12-22,83.59923553466797
2009-12-23,83.76383209228516
2009-12-24,84.1603775024414
2009-12-28,84.33995056152344
2009-12-29,84.22022247314453
2009-12-30,84.19031524658203
2009-12-31,83.38221740722656
2010-01-04,84.79637908935547
2010-01-05,85.02082061767578
2010-01-06,85.08069610595703
2010-01-07,85.4398422241211
2010-01-08,85.72420501708984
2010-01-11,85.8438949584961
2010-01-12,85.04328918457031
2010-01-13,85.7616195678711
2010-01-14,85.99356079101562
2010-01-15,85.02833557128906
2010-01-19,86.0907974243164
2010-01-20,85.21537017822266
2010-01-21,83.57678985595703
2010-01-22,81.71369171142578
2010-01-25,82.13269805908203
2010-01-26,81.78852844238281
2010-01-27,82.17757415771484
2010-01-28,81.23481750488281
2010-01-29,80.35192108154297
2010-02-01,81.6014633178711
2010-02-02,82.589111328125
2010-02-03,82.17757415771484
2010-02-04,79.64112854003906
2010-02-05,79.80573272705078
2010-02-08,79.22959899902344
2010-02-09,80.2247314453125
2010-02-10,80.0676040649414
2010-02-11,80.90558624267578
2010-02-12,80.83828735351562
2010-02-16,82.1102066040039
2010-02-17,82.49930572509766
2010-02-18,82.98567962646484
2010-02-19,83.15776062011719
2010-02-22,83.17273712158203
2010-02-23,82.16261291503906
2010-02-24,82.9183349609375
2010-02-25,82.80608367919922
2010-02-26,82.85847473144531
2010-03-01,83.71891784667969
2010-03-02,83.95089721679688
2010-03-03,84.02570343017578
2010-03-04,84.28009033203125
2010-03-05,85.48474884033203
2010-03-08,85.49970245361328
2010-03-09,85.64188385009766
2010-03-10,86.02349853515625
2010-03-11,86.38262176513672
2010-03-12,86.39008331298828
2010-03-15,86.41255187988281
2010-03-16,87.1009292602539
2010-03-17,87.61715698242188
2010-03-18,87.57232666015625
2010-03-19,87.12901306152344
2010-03-22,87.59483337402344
2010-03-23,88.2109146118164
2010-03-24,87.78268432617188
2010-03-25,87.63993072509766
2010-03-26,87.58733367919922
2010-03-29,88.14329528808594
2010-03-30,88.2033920288086
2010-03-31,87.90288543701172
2010-04-01,88.50392150878906
2010-04-05,89.22514343261719
2010-04-06,89.43553924560547
2010-04-07,88.9246597290039
2010-04-08,89.23265075683594
2010-04-09,89.81871032714844
2010-04-12,89.96144104003906
2010-04-13,90.02906036376953
2010-04-14,91.05084228515625
2010-04-15,91.12594604492188
2010-04-16,89.67594146728516
2010-04-19,90.01404571533203
2010-04-20,90.81790924072266
2010-04-21,90.65264129638672
2010-04-22,90.92313385009766
2010-04-23,91.51661682128906
2010-04-26,91.1710205078125
2010-04-27,89.01480102539062
2010-04-28,89.69097137451172
2010-04-29,90.80291748046875
2010-04-30,89.2627182006836
2010-05-03,90.41974639892578
2010-05-04,88.29354095458984
2010-05-05,87.76763153076172
2010-05-06,84.85257720947266
2010-05-07,83.59036254882812
2010-05-10,87.27177429199219
2010-05-11,87.02383422851562
2010-05-12,88.2409439086914
2010-05-13,87.14407348632812
2010-05-14,85.56629943847656
2010-05-17,85.61138153076172
2010-05-18,84.44683074951172
2010-05-19,83.96601104736328
2010-05-20,80.79550170898438
2010-05-21,81.97506713867188
2010-05-24,80.9232177734375
2010-05-25,81.00584411621094
2010-05-26,80.51750946044922
2010-05-27,83.2147216796875
2010-05-28,82.17036437988281
2010-06-01,80.78799438476562
2010-06-02,82.89166259765625
2010-06-03,83.17716979980469
2010-06-04,80.25459289550781
2010-06-07,79.25531005859375
2010-06-08,80.10429382324219
2010-06-09,79.67604064941406
2010-06-10,82.005126953125
2010-06-11,82.40330505371094
2010-06-14,82.27558135986328
2010-06-15,84.14631652832031
2010-06-16,84.11626434326172
2010-06-17,84.25149536132812
2010-06-18,84.34285736083984
2010-06-21,84.10130310058594
2010-06-22,82.71232604980469
2010-06-23,82.45568084716797
2010-06-24,81.08930969238281
2010-06-25,81.42900085449219
2010-06-28,81.17236328125
2010-06-29,78.66614532470703
2010-06-30,77.91881561279297
2010-07-01,77.57156372070312
2010-07-02,77.14883422851562
2010-07-06,77.65460205078125
2010-07-07,80.10040283203125
2010-07-08,80.89305114746094
2010-07-09,81.4969711303711
2010-07-12,81.54976654052734
2010-07-13,82.7802734375
2010-07-14,82.77271270751953
2010-07-15,82.79537963867188
2010-07-16,80.51559448242188
2010-07-19,80.99120330810547
2010-07-20,81.88948059082031
2010-07-21,80.8250961303711
2010-07-22,82.62930297851562
2010-07-23,83.34638977050781
2010-07-26,84.21451568603516
2010-07-27,84.20697784423828
2010-07-28,83.6634750366211
2010-07-29,83.25582885742188
2010-07-30,83.24072265625
2010-08-02,85.12036895751953
2010-08-03,84.71273803710938
2010-08-04,85.27890014648438
2010-08-05,85.18830871582031
2010-08-06,84.84109497070312
2010-08-09,85.29400634765625
2010-08-10,84.83350372314453
2010-08-11,82.50849151611328
2010-08-12,82.00273895263672
2010-08-13,81.76115417480469
2010-08-16,81.72341918945312
2010-08-17,82.72742462158203
2010-08-18,82.8783950805664
2010-08-19,81.43653869628906
2010-08-20,81.17236328125
2010-08-23,80.86286163330078
2010-08-24,79.66263580322266
2010-08-25,79.97211456298828
2010-08-26,79.43612670898438
2010-08-27,80.6666030883789
2010-08-30,79.49650573730469
2010-08-31,79.49650573730469
2010-09-01,81.8743667602539
2010-09-02,82.6368179321289
2010-09-03,83.70875549316406
2010-09-07,82.76516723632812
2010-09-08,83.34638977050781
2010-09-09,83.73138427734375
2010-09-10,84.15414428710938
2010-09-13,85.09020233154297
2010-09-14,85.03736114501953
2010-09-15,85.36190795898438
2010-09-16,85.33928680419922
2010-09-17,85.37117767333984
2010-09-20,86.67652130126953
2010-09-21,86.50196838378906
2010-09-22,86.07696533203125
2010-09-23,85.3787612915039
2010-09-24,87.13946533203125
2010-09-27,86.72203826904297
2010-09-28,87.02561950683594
2010-09-29,86.87384796142578
2010-09-30,86.61578369140625
2010-10-01,86.9800796508789
2010-10-04,86.32743835449219
2010-10-05,88.06534576416016
2010-10-06,88.05777740478516
2010-10-07,87.95149230957031
2010-10-08,88.44480895996094
2010-10-11,88.52828979492188
2010-10-12,88.80150604248047
2010-10-13,89.49209594726562
2010-10-14,89.14299774169922
2010-10-15,89.32514953613281
2010-10-18,89.76533508300781
2010-10-19,88.5890121459961
2010-10-20,89.4542007446289
2010-10-21,89.65149688720703
2010-10-22,89.81843566894531
2010-10-25,90.08409118652344
2010-10-26,90.09925079345703
2010-10-27,89.8412094116211
2010-10-28,89.85640716552734
2010-10-29,89.9246826171875
2010-11-01,89.95506286621094
2010-11-02,90.66844940185547
2010-11-03,91.03273010253906
2010-11-04,92.78585052490234
2010-11-05,93.13494873046875
2010-11-08,92.96039581298828
2010-11-09,92.29255676269531
2010-11-10,92.66439819335938
2010-11-11,92.3153305053711
2010-11-12,91.22247314453125
2010-11-15,91.09344482421875
2010-11-16,89.67424774169922
2010-11-17,89.71978759765625
2010-11-18,91.04033660888672
2010-11-19,91.29078674316406
2010-11-22,91.21488952636719
2010-11-23,89.89434814453125
2010-11-24,91.22247314453125
2010-11-26,90.15999603271484
2010-11-29,90.43317413330078
2010-11-30,89.9246826171875
2010-12-01,91.83718872070312
2010-12-02,93.01351165771484
2010-12-03,93.26392364501953
2010-12-06,93.1653060913086
2010-12-07,93.21842956542969
2010-12-08,93.55996704101562
2010-12-09,93.9242172241211
2010-12-10,94.47065734863281
2010-12-13,94.5313720703125
2010-12-14,94.6148452758789
2010-12-15,94.18223571777344
2010-12-16,94.72868347167969
2010-12-17,94.83014678955078
2010-12-20,95.05903625488281
2010-12-21,95.6617431640625
2010-12-22,95.95927429199219
2010-12-23,95.82196044921875
2010-12-27,95.86009216308594
2010-12-28,95.99740600585938
2010-12-29,96.06607055664062
2010-12-30,95.91349029541016
2010-12-31,95.93639373779297
2011-01-03,96.92817687988281
2011-01-04,96.87479400634766
2011-01-05,97.37830352783203
2011-01-06,97.18756866455078
2011-01-07,96.99685668945312
2011-01-10,96.87479400634766
2011-01-11,97.21804809570312
2011-01-12,98.09542846679688
2011-01-13,97.93521118164062
2011-01-14,98.64473724365234
2011-01-18,98.81259155273438
2011-01-19,97.84366607666016
2011-01-20,97.71398162841797
2011-01-21,97.93521118164062
2011-01-24,98.49215698242188
2011-01-25,98.54556274414062
2011-01-26,98.92701721191406
2011-01-27,99.17112731933594
2011-01-28,97.43932342529297
2011-01-31,98.17171478271484
2011-02-01,99.7433090209961
2011-02-02,99.5525894165039
2011-02-03,99.77383422851562
2011-02-04,100.0561294555664
2011-02-07,100.68172454833984
2011-02-08,101.13944244384766
2011-02-09,100.91056823730469
2011-02-10,100.94874572753906
2011-02-11,101.55140686035156
2011-02-14,101.79557800292969
2011-02-15,101.47515106201172
2011-02-16,102.11599731445312
2011-02-17,102.4211654663086
2011-02-18,102.63477325439453
2011-02-22,100.57489013671875
2011-02-23,99.95694732666016
2011-02-24,99.88825988769531
2011-02-25,100.95637512207031
2011-02-28,101.5819320678711
2011-03-01,99.88825988769531
2011-03-02,100.10192108154297
2011-03-03,101.82608032226562
2011-03-04,101.06316375732422
2011-03-07,100.26974487304688
2011-03-08,101.14707946777344
2011-03-09,101.00213623046875
2011-03-10,99.13301849365234
2011-03-11,99.8196029663086
2011-03-14,99.21691131591797
2011-03-15,98.08015441894531
2011-03-16,96.26444244384766
2011-03-17,97.53850555419922
2011-03-18,97.89327239990234
2011-03-21,99.41043853759766
2011-03-22,99.0655746459961
2011-03-23,99.3490982055664
2011-03-24,100.2992172241211
2011-03-25,100.60570526123047
2011-03-28,100.36051177978516
2011-03-29,101.03482055664062
2011-03-30,101.7320785522461
2011-03-31,101.5941390991211
2011-04-01,102.02323150634766
2011-04-04,102.10751342773438
2011-04-05,102.09220886230469
2011-04-06,102.41400146484375
2011-04-07,102.15351104736328
2011-04-08,101.80103302001953
2011-04-11,101.4945297241211
2011-04-12,100.7359619140625
2011-04-13,100.72831726074219
2011-04-14,100.8049087524414
2011-04-15,101.17269897460938
2011-04-18,100.03868865966797
2011-04-19,100.61334991455078
2011-04-20,101.98491668701172
2011-04-21,102.50595092773438
2011-04-25,102.398681640625
2011-04-26,103.27984619140625
2011-04-27,103.95414733886719
2011-04-28,104.291259765625
2011-04-29,104.53643798828125
2011-05-02,104.37555694580078
2011-05-03,104.00013732910156
2011-05-04,103.31050872802734
2011-05-05,102.37570190429688
2011-05-06,102.82774353027344
2011-05-09,103.22618865966797
2011-05-10,104.10737609863281
2011-05-11,103.01167297363281
2011-05-12,103.50204467773438
2011-05-13,102.70519256591797
2011-05-16,102.05390167236328
2011-05-17,102.03855895996094
2011-05-18,102.95036315917969
2011-05-19,103.1955795288086
2011-05-20,102.37570190429688
2011-05-23,101.18804168701172
2011-05-24,101.1037368774414
2011-05-25,101.4408950805664
2011-05-26,101.9083023071289
2011-05-27,102.2990493774414
2011-05-31,103.36412811279297
2011-06-01,101.04246520996094
2011-06-02,100.93521118164062
2011-06-03,99.9314193725586
2011-06-06,98.8740005493164
2011-06-07,98.81272888183594
2011-06-08,98.39894104003906
2011-06-09,99.14984893798828
2011-06-10,97.77067565917969
2011-06-13,97.8472900390625
2011-06-14,99.0886001586914
2011-06-15,97.32624816894531
2011-06-16,97.5407943725586
2011-06-17,97.83185577392578
2011-06-20,98.33238220214844
2011-06-21,99.679931640625
2011-06-22,99.07931518554688
2011-06-23,98.79441833496094
2011-06-24,97.6470718383789
2011-06-27,98.51720428466797
2011-06-28,99.80313873291016
2011-06-29,100.65787506103516
2011-06-30,101.62040710449219
2011-07-01,103.12197875976562
2011-07-05,103.03730010986328
2011-07-06,103.16045379638672
2011-07-07,104.23079681396484
2011-07-08,103.4915542602539
2011-07-11,101.62040710449219
2011-07-12,101.18145751953125
2011-07-13,101.52027130126953
2011-07-14,100.81956481933594
2011-07-15,101.40476989746094
2011-07-18,100.57316589355469
2011-07-19,102.20562744140625
2011-07-20,102.14402770996094
2011-07-21,103.5608901977539
2011-07-22,103.63016510009766
2011-07-25,103.05265045166016
2011-07-26,102.66766357421875
2011-07-27,100.5654525756836
2011-07-28,100.27286529541016
2011-07-29,99.58753204345703
2011-08-01,99.16402435302734
2011-08-02,96.63062286376953
2011-08-03,97.15423583984375
2011-08-04,92.60337829589844
2011-08-05,92.46479034423828
2011-08-08,86.44316101074219
2011-08-09,90.46273040771484
2011-08-10,86.46627807617188
2011-08-11,90.34722137451172
2011-08-12,90.9555435180664
2011-08-15,92.8805923461914
2011-08-16,92.08746337890625
2011-08-17,92.1490707397461
2011-08-18,88.17572784423828
2011-08-19,86.73577880859375
2011-08-22,86.80510711669922
2011-08-23,89.66188049316406
2011-08-24,90.92473602294922
2011-08-25,89.5386734008789
2011-08-26,90.84004211425781
2011-08-29,93.45040130615234
2011-08-30,93.69686889648438
2011-08-31,94.11264038085938
2011-09-01,93.12701416015625
2011-09-02,90.74760437011719
2011-09-06,90.08541870117188
2011-09-07,92.62649536132812
2011-09-08,91.66397094726562
2011-09-09,89.26148986816406
2011-09-12,89.8389892578125
2011-09-13,90.66293334960938
2011-09-14,91.9180679321289
2011-09-15,93.50431823730469
2011-09-16,94.05774688720703
2011-09-19,93.12117767333984
2011-09-20,93.01280212402344
2011-09-21,90.27281951904297
2011-09-22,87.35480499267578
2011-09-23,87.88114929199219
2011-09-26,89.97097778320312
2011-09-27,90.97718048095703
2011-09-28,89.11954498291016
2011-09-29,89.82389068603516
2011-09-30,87.57928466796875
2011-10-03,85.08696746826172
2011-10-04,86.95233154296875
2011-10-05,88.562255859375
2011-10-06,90.16446685791016
2011-10-07,89.56071472167969
2011-10-10,92.55616760253906
2011-10-11,92.6490478515625
2011-10-12,93.4617691040039
2011-10-13,93.2760009765625
2011-10-14,94.8704605102539
2011-10-17,93.05927276611328
2011-10-18,94.87816619873047
2011-10-19,93.7558822631836
2011-10-20,94.16610717773438
2011-10-21,95.95403289794922
2011-10-24,97.13057708740234
2011-10-25,95.24195098876953
2011-10-26,96.20948028564453
2011-10-27,99.56095886230469
2011-10-28,99.5377426147461
2011-10-31,97.13829040527344
2011-11-01,94.4292984008789
2011-11-02,95.96952819824219
2011-11-03,97.71881103515625
2011-11-04,97.12281799316406
2011-11-07,97.72654724121094
2011-11-08,98.98043060302734
2011-11-09,95.32708740234375
2011-11-10,96.2249755859375
2011-11-11,98.03616333007812
2011-11-14,97.10734558105469
2011-11-15,97.58719635009766
2011-11-16,96.0391845703125
2011-11-17,94.51439666748047
2011-11-18,94.4137954711914
2011-11-21,92.61805725097656
2011-11-22,92.25426483154297
2011-11-23,90.21863555908203
2011-11-25,90.0483627319336
2011-11-28,92.65679168701172
2011-11-29,92.91995239257812
2011-11-30,96.74351501464844
2011-12-01,96.72805786132812
2011-12-02,96.6429443359375
2011-12-05,97.69560241699219
2011-12-06,97.72654724121094
2011-12-07,98.09033966064453
2011-12-08,95.9385986328125
2011-12-09,97.56401062011719
2011-12-12,96.13980865478516
2011-12-13,95.24195098876953
2011-12-14,94.22801208496094
2011-12-15,94.5685806274414
2011-12-16,94.70880126953125
2011-12-19,93.6961669921875
2011-12-20,96.53147888183594
2011-12-21,96.71839904785156
2011-12-22,97.57520294189453
2011-12-23,98.4476318359375
2011-12-27,98.52547454833984
2011-12-28,97.23250579833984
2011-12-29,98.23731231689453
2011-12-30,97.7543716430664
2012-01-03,99.31222534179688
2012-01-04,99.46797943115234
2012-01-05,99.73283386230469
2012-01-06,99.47576141357422
2012-01-09,99.71725463867188
2012-01-10,100.58183288574219
2012-01-11,100.63639068603516
2012-01-12,100.8778076171875
2012-01-13,100.35594177246094
2012-01-17,100.74539184570312
2012-01-18,101.85930633544922
2012-01-19,102.3967514038086
2012-01-20,102.77839660644531
2012-01-23,102.5135726928711
2012-01-24,102.3967514038086
2012-01-25,103.25350189208984
2012-01-26,102.72388458251953
2012-01-27,102.67713165283203
2012-01-30,102.32660675048828
2012-01-31,102.28766632080078
2012-02-01,103.18341827392578
2012-02-02,103.34700012207031
2012-02-03,104.7957763671875
2012-02-06,104.72571563720703
2012-02-07,104.99053192138672
2012-02-08,105.30207824707031
2012-02-09,105.43452453613281
2012-02-10,104.65559387207031
2012-02-13,105.43452453613281
2012-02-14,105.30207824707031
2012-02-15,104.81137084960938
2012-02-16,105.97198486328125
2012-02-17,106.25235748291016
2012-02-21,106.29911804199219
2012-02-22,105.9563980102539
2012-02-23,106.42375183105469
2012-02-24,106.65739440917969
2012-02-27,106.83659362792969
2012-02-28,107.14814758300781
2012-02-29,106.7275390625
2012-03-01,107.2805404663086
2012-03-02,106.95337677001953
2012-03-05,106.51720428466797
2012-03-06,104.9593505859375
2012-03-07,105.69154357910156
2012-03-08,106.74311065673828
2012-03-09,107.15594482421875
2012-03-12,107.16368865966797
2012-03-13,109.09539031982422
2012-03-14,108.97856903076172
2012-03-15,109.60955047607422
2012-03-16,109.76127624511719
2012-03-19,110.19160461425781
2012-03-20,109.87081909179688
2012-03-21,109.6908950805664
2012-03-22,108.9007339477539
2012-03-23,109.2527847290039
2012-03-26,110.78614807128906
2012-03-27,110.44194793701172
2012-03-28,109.89429473876953
2012-03-29,109.70652770996094
2012-03-30,110.16028594970703
2012-04-02,110.96611785888672
2012-04-03,110.51231384277344
2012-04-04,109.4170150756836
2012-04-05,109.36229705810547
2012-04-09,108.134033203125
2012-04-10,106.31903839111328
2012-04-11,107.17961120605469
2012-04-12,108.57996368408203
2012-04-13,107.28912353515625
2012-04-16,107.21869659423828
2012-04-17,108.80687713623047
2012-04-18,108.43914031982422
2012-04-19,107.74286651611328
2012-04-20,107.92282104492188
2012-04-23,107.01528930664062
2012-04-24,107.4220962524414
2012-04-25,108.89288330078125
2012-04-26,109.6517562866211
2012-04-27,109.83171081542969
2012-04-30,109.42491149902344
2012-05-01,110.10555267333984
2012-05-02,109.77693939208984
2012-05-03,108.93983459472656
2012-05-04,107.17961120605469
2012-05-07,107.25785064697266
2012-05-08,106.82754516601562
2012-05-09,106.1938705444336
2012-05-10,106.4129409790039
2012-05-11,106.09214782714844
2012-05-14,104.91865539550781
2012-05-15,104.3162612915039
2012-05-16,103.91725158691406
2012-05-17,102.37608337402344
2012-05-18,101.49988555908203
2012-05-21,103.24447631835938
2012-05-22,103.42439270019531
2012-05-23,103.4791259765625
2012-05-24,103.68256378173828
2012-05-25,103.34619140625
2012-05-29,104.59789276123047
2012-05-30,103.08016967773438
2012-05-31,102.8532943725586
2012-06-01,100.26378631591797
2012-06-04,100.21685028076172
2012-06-05,100.9757080078125
2012-06-06,103.24447631835938
2012-06-07,103.30708312988281
2012-06-08,104.12848663330078
2012-06-11,102.80638122558594
2012-06-12,103.98768615722656
2012-06-13,103.32271575927734
2012-06-14,104.41796875
2012-06-15,105.48589324951172
2012-06-18,105.69031524658203
2012-06-19,106.71261596679688
2012-06-20,106.53965759277344
2012-06-21,104.14904022216797
2012-06-22,104.95113372802734
2012-06-25,103.2682876586914
2012-06-26,103.78729248046875
2012-06-27,104.72306823730469
2012-06-28,104.42427825927734
2012-06-29,107.02718353271484
2012-07-02,107.3495864868164
2012-07-03,108.057373046875
2012-07-05,107.56977844238281
2012-07-06,106.54747772216797
2012-07-09,106.41378021240234
2012-07-10,105.48589324951172
2012-07-11,105.50160217285156
2012-07-12,104.99044036865234
2012-07-13,106.75192260742188
2012-07-16,106.50030517578125
2012-07-17,107.2316665649414
2012-07-18,108.02586364746094
2012-07-19,108.3089828491211
2012-07-20,107.31816864013672
2012-07-23,106.23294830322266
2012-07-24,105.32070922851562
2012-07-25,105.34431457519531
2012-07-26,107.08220672607422
2012-07-27,109.05606842041016
2012-07-30,109.05606842041016
2012-07-31,108.2933120727539
2012-08-01,108.19892883300781
2012-08-02,107.45182800292969
2012-08-03,109.58296203613281
2012-08-06,109.79528045654297
2012-08-07,110.34574890136719
2012-08-08,110.47944641113281
2012-08-09,110.57381439208984
2012-08-10,110.75468444824219
2012-08-13,110.69959259033203
2012-08-14,110.7153549194336
2012-08-15,110.84113311767578
2012-08-16,111.65902709960938
2012-08-17,111.80841827392578
2012-08-20,111.8163070678711
2012-08-21,111.47811889648438
2012-08-22,111.52530670166016
2012-08-23,110.61312103271484
2012-08-24,111.28154754638672
2012-08-27,111.30509948730469
2012-08-28,111.195068359375
2012-08-29,111.28154754638672
2012-08-30,110.47944641113281
2012-08-31,111.00634002685547
2012-09-04,110.9040756225586
2012-09-05,110.80970001220703
2012-09-06,113.05879974365234
2012-09-07,113.49916076660156
2012-09-10,112.85428619384766
2012-09-11,113.16890716552734
2012-09-12,113.54635620117188
2012-09-13,115.27638244628906
2012-09-14,115.78756713867188
2012-09-17,115.39435577392578
2012-09-18,115.29999542236328
2012-09-19,115.36288452148438
2012-09-20,115.3707504272461
2012-09-21,115.32254791259766
2012-09-24,115.14861297607422
2012-09-25,113.9231948852539
2012-09-26,113.28282165527344
2012-09-27,114.3501205444336
2012-09-28,113.82046508789062
2012-10-01,114.12086486816406
2012-10-02,114.23943328857422
2012-10-03,114.70588684082031
2012-10-04,115.52806091308594
2012-10-05,115.53600311279297
2012-10-08,115.14069366455078
2012-10-09,114.00225067138672
2012-10-10,113.27490997314453
2012-10-11,113.3381576538086
2012-10-12,112.96662139892578
2012-10-15,113.90735626220703
2012-10-16,115.0616226196289
2012-10-17,115.58341217041016
2012-10-18,115.28298950195312
2012-10-19,113.36186218261719
2012-10-22,113.3776626586914
2012-10-23,111.80440521240234
2012-10-24,111.48817443847656
2012-10-25,111.81231689453125
2012-10-26,111.74909210205078
2012-10-31,111.74909210205078
2012-11-01,112.91915893554688
2012-11-02,111.91507720947266
2012-11-05,112.14437866210938
2012-11-06,113.02191162109375
2012-11-07,110.46045684814453
2012-11-08,109.13224792480469
2012-11-09,109.22711944580078
2012-11-12,109.3140869140625
2012-11-13,108.93464660644531
2012-11-14,107.46408081054688
2012-11-15,107.28228759765625
2012-11-16,107.81195068359375
2012-11-19,109.9940185546875
2012-11-20,110.04141235351562
2012-11-21,110.24698638916016
2012-11-23,111.74909210205078
2012-11-26,111.51191711425781
2012-11-27,110.94270324707031
2012-11-28,111.83605194091797
2012-11-29,112.35783386230469
2012-11-30,112.38153839111328
2012-12-03,111.82814025878906
2012-12-04,111.6700439453125
2012-12-05,111.86763000488281
2012-12-06,112.2471694946289
2012-12-07,112.58711242675781
2012-12-10,112.634521484375
2012-12-11,113.40140533447266
2012-12-12,113.45671844482422
2012-12-13,112.7610092163086
2012-12-14,112.34200286865234
2012-12-17,113.66233825683594
2012-12-18,114.92721557617188
2012-12-19,114.07341003417969
2012-12-20,114.72959899902344
2012-12-21,113.68818664550781
2012-12-24,113.33785247802734
2012-12-26,112.86012268066406
2012-12-27,112.70883178710938
2012-12-28,111.49067687988281
2012-12-31,113.38562774658203
2013-01-02,116.2917251586914
2013-01-03,116.02899932861328
2013-01-04,116.5385513305664
2013-01-07,116.22003173828125
2013-01-08,115.88565063476562
2013-01-09,116.18026733398438
2013-01-10,117.10382080078125
2013-01-11,117.09587097167969
2013-01-14,117.01624298095703
2013-01-15,117.09587097167969
2013-01-16,117.07996368408203
2013-01-17,117.83631896972656
2013-01-18,118.09905242919922
2013-01-22,118.73602294921875
2013-01-23,118.92715454101562
2013-01-24,118.95896911621094
2013-01-25,119.62776184082031
2013-01-28,119.48445129394531
2013-01-29,119.9542007446289
2013-01-30,119.48445129394531
2013-01-31,119.18986511230469
2013-02-01,120.41598510742188
2013-02-04,119.06246185302734
2013-02-05,120.26473999023438
2013-02-06,120.35231018066406
2013-02-07,120.19306945800781
2013-02-08,120.86181640625
2013-02-11,120.83798217773438
2013-02-12,121.0370101928711
2013-02-13,121.14045715332031
2013-02-14,121.25201416015625
2013-02-15,121.1086654663086
2013-02-19,122.01634979248047
2013-02-20,120.49559020996094
2013-02-21,119.76311492919922
2013-02-22,120.93354034423828
2013-02-25,118.63252258300781
2013-02-26,119.44466400146484
2013-02-27,120.9494400024414
2013-02-28,120.7105712890625
2013-03-01,121.1086654663086
2013-03-04,121.75359344482422
2013-03-05,122.84437561035156
2013-03-06,123.0115966796875
2013-03-07,123.2344970703125
2013-03-08,123.75995635986328
2013-03-11,124.22972869873047
2013-03-12,123.95103454589844
2013-03-13,124.12623596191406
2013-03-14,124.7870864868164
2013-03-15,124.62236022949219
2013-03-18,123.9345703125
2013-03-19,123.6466293334961
2013-03-20,124.5103759765625
2013-03-21,123.44671630859375
2013-03-22,124.43833923339844
2013-03-25,123.91858673095703
2013-03-26,124.9102554321289
2013-03-27,124.9102554321289
2013-03-28,125.29412078857422
2013-04-01,124.79832458496094
2013-04-02,125.41407775878906
2013-04-03,124.14247131347656
2013-04-04,124.64635467529297
2013-04-05,124.08650207519531
2013-04-08,124.9262466430664
2013-04-09,125.35811614990234
2013-04-10,126.89356231689453
2013-04-11,127.30943298339844
2013-04-12,126.99752044677734
2013-04-15,124.05457305908203
2013-04-16,125.88589477539062
2013-04-17,124.04649353027344
2013-04-18,123.27079010009766
2013-04-19,124.34245300292969
2013-04-22,124.8941879272461
2013-04-23,126.18180084228516
2013-04-24,126.2618179321289
2013-04-25,126.77365112304688
2013-04-26,126.5496826171875
2013-04-29,127.39739227294922
2013-04-30,127.70134735107422
2013-05-01,126.5816879272461
2013-05-02,127.7573013305664
2013-05-03,129.05282592773438
2013-05-06,129.3806915283203
2013-05-07,130.03648376464844
2013-05-08,130.62831115722656
2013-05-09,130.26048278808594
2013-05-10,130.68431091308594
2013-05-13,130.78823852539062
2013-05-14,132.13986206054688
2013-05-15,132.8515625
2013-05-16,132.2277374267578
2013-05-17,133.5073699951172
2013-05-20,133.4993133544922
2013-05-21,133.69125366210938
2013-05-22,132.6996307373047
2013-05-23,132.31573486328125
2013-05-24,132.2037811279297
2013-05-28,132.9955291748047
2013-05-29,132.13180541992188
2013-05-30,132.61968994140625
2013-05-31,130.71627807617188
2013-06-03,131.43603515625
2013-06-04,130.80429077148438
2013-06-05,128.97288513183594
2013-06-06,130.14044189453125
2013-06-07,131.79591369628906
2013-06-10,131.79591369628906
2013-06-11,130.43638610839844
2013-06-12,129.35675048828125
2013-06-13,131.32415771484375
2013-06-14,130.50033569335938
2013-06-17,131.5080108642578
2013-06-18,132.54774475097656
2013-06-19,130.71627807617188
2013-06-20,127.47732543945312
2013-06-21,127.88662719726562
2013-06-24,126.27068328857422
2013-06-25,127.48461151123047
2013-06-26,128.74685668945312
2013-06-27,129.50259399414062
2013-06-28,128.9719696044922
2013-07-01,129.72763061523438
2013-07-02,129.60702514648438
2013-07-03,129.66339111328125
2013-07-05,131.06222534179688
2013-07-08,131.8099365234375
2013-07-09,132.7586212158203
2013-07-10,132.8068084716797
2013-07-11,134.6157989501953
2013-07-12,134.67205810546875
2013-07-15,135.18653869628906
2013-07-16,134.68006896972656
2013-07-17,135.02577209472656
2013-07-18,135.76544189453125
2013-07-19,136.00662231445312
2013-07-22,136.27191162109375
2013-07-23,135.98252868652344
2013-07-24,135.4840850830078
2013-07-25,135.8136749267578
2013-07-26,135.95840454101562
2013-07-29,135.54039001464844
2013-07-30,135.54039001464844
2013-07-31,135.63682556152344
2013-08-01,137.20458984375
2013-08-02,137.43765258789062
2013-08-05,137.23670959472656
2013-08-06,136.4568328857422
2013-08-07,136.0146484375
2013-08-08,136.5131072998047
2013-08-09,136.11920166015625
2013-08-12,135.95840454101562
2013-08-13,136.3603515625
2013-08-14,135.66094970703125
2013-08-15,133.7635955810547
2013-08-16,133.3214111328125
2013-08-19,132.46922302246094
2013-08-20,133.12042236328125
2013-08-21,132.3003387451172
2013-08-22,133.50636291503906
2013-08-23,133.95652770996094
2013-08-26,133.45809936523438
2013-08-27,131.3114776611328
2013-08-28,131.77783203125
2013-08-29,131.98680114746094
2013-08-30,131.56875610351562
2013-09-03,132.1636505126953
2013-09-04,133.25711059570312
2013-09-05,133.4259490966797
2013-09-06,133.490234375
2013-09-09,134.7685546875
2013-09-10,135.76544189453125
2013-09-11,136.19154357910156
2013-09-12,135.82972717285156
2013-09-13,136.1353302001953
2013-09-16,136.9231719970703
2013-09-17,137.53416442871094
2013-09-18,139.1260223388672
2013-09-19,138.8928680419922
2013-09-20,137.92173767089844
2013-09-23,137.2835693359375
2013-09-24,136.9604034423828
2013-09-25,136.5645294189453
2013-09-26,137.0896453857422
2013-09-27,136.4595184326172
2013-09-30,135.73243713378906
2013-10-01,136.8069305419922
2013-10-02,136.67767333984375
2013-10-03,135.41738891601562
2013-10-04,136.4433135986328
2013-10-07,135.2638397216797
2013-10-08,133.68849182128906
2013-10-09,133.78543090820312
2013-10-10,136.66954040527344
2013-10-11,137.5501708984375
2013-10-14,138.0995635986328
2013-10-15,137.0977325439453
2013-10-16,139.01246643066406
2013-10-17,139.94151306152344
2013-10-18,140.88674926757812
2013-10-21,140.8948211669922
2013-10-22,141.7107391357422
2013-10-23,141.0321044921875
2013-10-24,141.50074768066406
2013-10-25,142.14698791503906
2013-10-28,142.37322998046875
2013-10-29,143.1326141357422
2013-10-30,142.4217071533203
2013-10-31,142.0177764892578
2013-11-01,142.3570556640625
2013-11-04,142.85792541503906
2013-11-05,142.40557861328125
2013-11-06,143.1326141357422
2013-11-07,141.32298278808594
2013-11-08,143.2295684814453
2013-11-11,143.25384521484375
2013-11-12,142.9630126953125
2013-11-13,144.11019897460938
2013-11-14,144.82919311523438
2013-11-15,145.45933532714844
2013-11-18,144.95037841796875
2013-11-19,144.6352996826172
2013-11-20,144.1829071044922
2013-11-21,145.34619140625
2013-11-22,146.07333374023438
2013-11-25,145.9279327392578
2013-11-26,145.96829223632812
2013-11-27,146.3238067626953
2013-11-29,146.226806640625
2013-12-02,145.8471221923828
2013-12-03,145.2169647216797
2013-12-04,145.20082092285156
2013-12-05,144.56260681152344
2013-12-06,146.17837524414062
2013-12-09,146.5499725341797
2013-12-10,146.02487182617188
2013-12-11,144.38487243652344
2013-12-12,143.908203125
2013-12-13,143.8920440673828
2013-12-16,144.78884887695312
2013-12-17,144.3283233642578
2013-12-18,146.79234313964844
2013-12-19,146.6227264404297
2013-12-20,147.4755859375
2013-12-23,148.2634735107422
2013-12-24,148.58840942382812
2013-12-26,149.34373474121094
2013-12-27,149.33570861816406
2013-12-30,149.31124877929688
2013-12-31,150.01800537109375
2014-01-02,148.5802459716797
2014-01-03,148.555908203125
2014-01-06,148.1253662109375
2014-01-07,149.03512573242188
2014-01-08,149.06764221191406
2014-01-09,149.1650848388672
2014-01-10,149.57125854492188
2014-01-13,147.58116149902344
2014-01-14,149.18942260742188
2014-01-15,149.99365234375
2014-01-16,149.7986602783203
2014-01-17,149.1650848388672
2014-01-21,149.6037139892578
2014-01-22,149.7012176513672
2014-01-23,148.4746551513672
2014-01-24,145.30679321289062
2014-01-27,144.5919952392578
2014-01-28,145.45303344726562
2014-01-29,144.055908203125
2014-01-30,145.58302307128906
2014-01-31,144.7300567626953
2014-02-03,141.47291564941406
2014-02-04,142.46388244628906
2014-02-05,142.28514099121094
2014-02-06,144.16152954101562
2014-02-07,145.94847106933594
2014-02-10,146.21658325195312
2014-02-11,147.81668090820312
2014-02-12,147.88990783691406
2014-02-13,148.6533660888672
2014-02-14,149.47377014160156
2014-02-18,149.6524658203125
2014-02-19,148.6614990234375
2014-02-20,149.5387420654297
2014-02-21,149.36814880371094
2014-02-24,150.1967010498047
2014-02-25,150.13980102539062
2014-02-26,150.14796447753906
2014-02-27,150.93582153320312
2014-02-28,151.3175811767578
2014-03-03,150.2535400390625
2014-03-04,152.36544799804688
2014-03-05,152.50352478027344
2014-03-06,152.85281372070312
2014-03-07,152.91781616210938
2014-03-10,152.8365478515625
2014-03-11,152.0811309814453
2014-03-12,152.12179565429688
2014-03-13,150.41603088378906
2014-03-14,149.99365234375
2014-03-17,151.35008239746094
2014-03-18,152.43038940429688
2014-03-19,151.61819458007812
2014-03-20,152.50352478027344
2014-03-21,151.91201782226562
2014-03-24,151.2838592529297
2014-03-25,152.0017547607422
2014-03-26,150.9085235595703
2014-03-27,150.59031677246094
2014-03-28,151.332763671875
2014-03-31,152.5728759765625
2014-04-01,153.58453369140625
2014-04-02,154.09852600097656
2014-04-03,153.89453125
2014-04-04,152.0752410888672
2014-04-07,150.39451599121094
2014-04-08,151.01461791992188
2014-04-09,152.63812255859375
2014-04-10,149.43179321289062
2014-04-11,148.08572387695312
2014-04-14,149.2523651123047
2014-04-15,150.28030395507812
2014-04-16,151.85494995117188
2014-04-17,152.0670623779297
2014-04-21,152.59735107421875
2014-04-22,153.29087829589844
2014-04-23,152.9318389892578
2014-04-24,153.2418975830078
2014-04-25,151.98545837402344
2014-04-28,152.466796875
2014-04-29,153.17660522460938
2014-04-30,153.6334686279297
2014-05-01,153.64976501464844
2014-05-02,153.42953491210938
2014-05-05,153.7232208251953
2014-05-06,152.3852081298828
2014-05-07,153.28269958496094
2014-05-08,153.11947631835938
2014-05-09,153.3479766845703
2014-05-12,154.84095764160156
2014-05-13,154.97962951660156
2014-05-14,154.24533081054688
2014-05-15,152.89105224609375
2014-05-16,153.4213409423828
2014-05-19,153.98431396484375
2014-05-20,153.01341247558594
2014-05-21,154.302490234375
2014-05-22,154.67774963378906
2014-05-23,155.2978057861328
2014-05-27,156.25241088867188
2014-05-28,156.13818359375
2014-05-29,156.9459228515625
2014-05-30,157.19873046875
2014-06-02,157.3782196044922
2014-06-03,157.29664611816406
2014-06-04,157.61488342285156
2014-06-05,158.64283752441406
2014-06-06,159.4015350341797
2014-06-09,159.5647735595703
2014-06-10,159.58102416992188
2014-06-11,159.0262908935547
2014-06-12,157.90037536621094
2014-06-13,158.38174438476562
2014-06-16,158.51226806640625
2014-06-17,158.95289611816406
2014-06-18,160.1195526123047
2014-06-19,160.29901123046875
2014-06-20,160.62448120117188
2014-06-23,160.5752716064453
2014-06-24,159.60794067382812
2014-06-25,160.3292999267578
2014-06-26,160.214599609375
2014-06-27,160.52615356445312
2014-06-30,160.44412231445312
2014-07-01,161.5179901123047
2014-07-02,161.68194580078125
2014-07-03,162.4770965576172
2014-07-07,161.91151428222656
2014-07-08,160.87042236328125
2014-07-09,161.59173583984375
2014-07-10,160.95236206054688
2014-07-11,161.1737060546875
2014-07-14,161.9852294921875
2014-07-15,161.68194580078125
2014-07-16,162.28038024902344
2014-07-17,160.43588256835938
2014-07-18,162.07542419433594
2014-07-21,161.77210998535156
2014-07-22,162.4770965576172
2014-07-23,162.83782958984375
2014-07-24,162.84603881835938
2014-07-25,162.0836639404297
2014-07-28,162.14926147460938
2014-07-29,161.45237731933594
2014-07-30,161.4769744873047
2014-07-31,158.2881317138672
2014-08-01,157.80447387695312
2014-08-04,158.94393920898438
2014-08-05,157.40272521972656
2014-08-06,157.4519500732422
2014-08-07,156.5994110107422
2014-08-08,158.41110229492188
2014-08-11,158.8701629638672
2014-08-12,158.64883422851562
2014-08-13,159.72271728515625
2014-08-14,160.4768829345703
2014-08-15,160.44412231445312
2014-08-18,161.7884979248047
2014-08-19,162.63287353515625
2014-08-20,163.0673370361328
2014-08-21,163.5428466796875
2014-08-22,163.28868103027344
2014-08-25,164.11660766601562
2014-08-26,164.22325134277344
2014-08-27,164.1576385498047
2014-08-28,164.06739807128906
2014-08-29,164.5347137451172
2014-09-02,164.4527587890625
2014-09-03,164.36253356933594
2014-09-04,164.12481689453125
2014-09-05,164.8626251220703
2014-09-08,164.43630981445312
2014-09-09,163.39523315429688
2014-09-10,164.0100555419922
2014-09-11,164.19863891601562
2014-09-12,163.23948669433594
2014-09-15,163.11651611328125
2014-09-16,164.34616088867188
2014-09-17,164.56748962402344
2014-09-18,165.4446563720703
2014-09-19,165.29562377929688
2014-09-22,164.01902770996094
2014-09-23,163.0801239013672
2014-09-24,164.35667419433594
2014-09-25,161.7047119140625
2014-09-26,162.9894561767578
2014-09-29,162.6929931640625
2014-09-30,162.26480102539062
2014-10-01,160.06576538085938
2014-10-02,160.0904998779297
2014-10-03,161.8529815673828
2014-10-06,161.6634979248047
2014-10-07,159.16806030273438
2014-10-08,161.9517364501953
2014-10-09,158.73976135253906
2014-10-10,156.9279022216797
2014-10-13,154.35000610351562
2014-10-14,154.58880615234375
2014-10-15,153.5428924560547
2014-10-16,153.41110229492188
2014-10-17,155.22299194335938
2014-10-20,156.7301483154297
2014-10-21,159.83517456054688
2014-10-22,158.6985626220703
2014-10-23,160.54344177246094
2014-10-24,161.7788543701172
2014-10-27,161.5564422607422
2014-10-28,163.40953063964844
2014-10-29,163.1624755859375
2014-10-30,164.2084197998047
2014-10-31,166.08627319335938
2014-11-03,166.17681884765625
2014-11-04,165.60032653808594
2014-11-05,166.64625549316406
2014-11-06,167.31341552734375
2014-11-07,167.46986389160156
2014-11-10,167.99697875976562
2014-11-11,168.16172790527344
2014-11-12,167.9805145263672
2014-11-13,168.1699676513672
2014-11-14,168.21112060546875
2014-11-17,168.31809997558594
2014-11-18,169.29000854492188
2014-11-19,169.0182647705078
2014-11-20,169.3147735595703
2014-11-21,170.220703125
2014-11-24,170.69834899902344
2014-11-25,170.57489013671875
2014-11-26,171.0113525390625
2014-11-28,170.64894104003906
2014-12-01,169.4629364013672
2014-12-02,170.55833435058594
2014-12-03,171.21722412109375
2014-12-04,171.02784729003906
2014-12-05,171.3078155517578
2014-12-08,170.16310119628906
2014-12-09,170.0477294921875
2014-12-10,167.32164001464844
2014-12-11,168.1699676513672
2014-12-12,165.4521026611328
2014-12-15,164.31552124023438
2014-12-16,162.9977569580078
2014-12-17,166.1933135986328
2014-12-18,170.30308532714844
2014-12-19,171.0277099609375
2014-12-22,171.8144073486328
2014-12-23,172.04624938964844
2014-12-24,172.06288146972656
2014-12-26,172.6177215576172
2014-12-29,172.84959411621094
2014-12-30,171.92205810546875
2014-12-31,170.21612548828125
2015-01-02,170.1249542236328
2015-01-05,167.05259704589844
2015-01-06,165.47914123535156
2015-01-07,167.5411834716797
2015-01-08,170.51426696777344
2015-01-09,169.1477813720703
2015-01-12,167.82278442382812
2015-01-13,167.35072326660156
2015-01-14,166.34039306640625
2015-01-15,164.81661987304688
2015-01-16,166.9780731201172
2015-01-20,167.33413696289062
2015-01-21,168.1789093017578
2015-01-22,170.6798553466797
2015-01-23,169.7440643310547
2015-01-26,170.14158630371094
2015-01-27,167.89727783203125
2015-01-28,165.744140625
2015-01-29,167.27618408203125
2015-01-30,165.17269897460938
2015-02-02,167.21826171875
2015-02-03,169.6364288330078
2015-02-04,168.9904327392578
2015-02-05,170.69647216796875
2015-02-06,170.2244110107422
2015-02-09,169.46241760253906
2015-02-10,171.2678680419922
2015-02-11,171.36721801757812
2015-02-12,173.01522827148438
2015-02-13,173.72738647460938
2015-02-17,174.0006866455078
2015-02-18,174.01727294921875
2015-02-19,173.89300537109375
2015-02-20,174.93653869628906
2015-02-23,174.91163635253906
2015-02-24,175.40850830078125
2015-02-25,175.25955200195312
2015-02-26,175.05242919921875
2015-02-27,174.4561767578125
2015-03-02,175.55760192871094
2015-03-03,174.83712768554688
2015-03-04,174.1000518798828
2015-03-05,174.2906036376953
2015-03-06,171.83929443359375
2015-03-09,172.55148315429688
2015-03-10,169.7523651123047
2015-03-11,169.35484313964844
2015-03-12,171.50802612304688
2015-03-13,170.45631408691406
2015-03-16,172.73361206054688
2015-03-17,172.2201385498047
2015-03-18,174.2906036376953
2015-03-19,173.49557495117188
2015-03-20,175.02694702148438
2015-03-23,174.6858673095703
2015-03-24,173.70433044433594
2015-03-25,171.1588897705078
2015-03-26,170.7512664794922
2015-03-27,171.14230346679688
2015-03-30,173.23020935058594
2015-03-31,171.71621704101562
2015-04-01,171.10897827148438
2015-04-02,171.72454833984375
2015-04-06,172.88084411621094
2015-04-07,172.4232940673828
2015-04-08,173.00558471679688
2015-04-09,173.77085876464844
2015-04-10,174.7191619873047
2015-04-13,173.9288787841797
2015-04-14,174.2616729736328
2015-04-15,175.04356384277344
2015-04-16,174.9936981201172
2015-04-17,172.98060607910156
2015-04-20,174.56118774414062
2015-04-21,174.35316467285156
2015-04-22,175.2100067138672
2015-04-23,175.65086364746094
2015-04-24,176.0584259033203
2015-04-27,175.32643127441406
2015-04-28,175.8837890625
2015-04-29,175.16004943847656
2015-04-30,173.4049072265625
2015-05-01,175.2847900390625
2015-05-04,175.783935546875
2015-05-05,173.77085876464844
2015-05-06,173.05552673339844
2015-05-07,173.7459259033203
2015-05-08,176.03346252441406
2015-05-11,175.193359375
2015-05-12,174.6692657470703
2015-05-13,174.7025909423828
2015-05-14,176.52427673339844
2015-05-15,176.71556091308594
2015-05-18,177.26461791992188
2015-05-19,177.20632934570312
2015-05-20,177.0815887451172
2015-05-21,177.59739685058594
2015-05-22,177.17311096191406
2015-05-26,175.2682342529297
2015-05-27,176.9318084716797
2015-05-28,176.73220825195312
2015-05-29,175.63417053222656
2015-06-01,175.99191284179688
2015-06-02,175.81723022460938
2015-06-03,176.2830352783203
2015-06-04,174.7940216064453
2015-06-05,174.49459838867188
2015-06-08,173.42147827148438
2015-06-09,173.39654541015625
2015-06-10,175.4761199951172
2015-06-11,176.04185485839844
2015-06-12,174.6942138671875
2015-06-15,173.945556640625
2015-06-16,174.8938446044922
2015-06-17,175.17669677734375
2015-06-18,176.9983673095703
2015-06-19,176.21261596679688
2015-06-22,177.1154022216797
2015-06-23,177.24081420898438
2015-06-24,175.9535675048828
2015-06-25,175.41856384277344
2015-06-26,175.3851318359375
2015-06-29,171.70726013183594
2015-06-30,172.06668090820312
2015-07-01,173.44593811035156
2015-07-02,173.28707885742188
2015-07-06,172.79391479492188
2015-07-07,173.88058471679688
2015-07-08,170.96331787109375
2015-07-09,171.27256774902344
2015-07-10,173.42913818359375
2015-07-13,175.3433837890625
2015-07-14,176.10400390625
2015-07-15,176.04550170898438
2015-07-16,177.4581298828125
2015-07-17,177.60862731933594
2015-07-20,177.70054626464844
2015-07-21,176.99838256835938
2015-07-22,176.68080139160156
2015-07-23,175.68601989746094
2015-07-24,173.86383056640625
2015-07-27,172.85240173339844
2015-07-28,174.97557067871094
2015-07-29,176.17922973632812
2015-07-30,176.2210693359375
2015-07-31,175.9535675048828
2015-08-03,175.3600311279297
2015-08-04,175.01734924316406
2015-08-05,175.5941925048828
2015-08-06,174.15640258789062
2015-08-07,173.822021484375
2015-08-10,176.01205444335938
2015-08-11,174.42393493652344
2015-08-12,174.63290405273438
2015-08-13,174.41552734375
2015-08-14,175.05081176757812
2015-08-17,176.02882385253906
2015-08-18,175.5188751220703
2015-08-19,174.13131713867188
2015-08-20,170.49520874023438
2015-08-21,165.36294555664062
2015-08-24,158.40000915527344
2015-08-25,156.53594970703125
2015-08-26,162.54600524902344
2015-08-27,166.5666046142578
2015-08-28,166.57492065429688
2015-08-31,165.22915649414062
2015-09-01,160.2974395751953
2015-09-02,163.34005737304688
2015-09-03,163.45706176757812
2015-09-04,160.98289489746094
2015-09-08,165.028564453125
2015-09-09,162.8218231201172
2015-09-10,163.70785522460938
2015-09-11,164.4517822265625
2015-09-14,163.84158325195312
2015-09-15,165.88955688476562
2015-09-16,167.32720947265625
2015-09-17,166.9510498046875
2015-09-18,164.22288513183594
2015-09-21,165.0714874267578
2015-09-22,162.92889404296875
2015-09-23,162.66845703125
2015-09-24,162.08030700683594
2015-09-25,162.0382537841797
2015-09-28,157.97158813476562
2015-09-29,158.06394958496094
2015-09-30,161.01316833496094
2015-10-01,161.43325805664062
2015-10-02,163.8447723388672
2015-10-05,166.7603759765625
2015-10-06,166.1890411376953
2015-10-07,167.5502166748047
2015-10-08,169.0625457763672
2015-10-09,169.1634063720703
2015-10-12,169.3230743408203
2015-10-13,168.25592041015625
2015-10-14,167.44932556152344
2015-10-15,170.02044677734375
2015-10-16,170.7935028076172
2015-10-19,170.87747192382812
2015-10-20,170.6589813232422
2015-10-21,169.6002960205078
2015-10-22,172.4654998779297
2015-10-23,174.35604858398438
2015-10-26,173.92747497558594
2015-10-27,173.5914306640625
2015-10-28,175.56593322753906
2015-10-29,175.46514892578125
2015-10-30,174.70895385742188
2015-11-02,176.7759246826172
2015-11-03,177.28839111328125
2015-11-04,176.7506561279297
2015-11-05,176.57420349121094
2015-11-06,176.48182678222656
2015-11-09,174.83497619628906
2015-11-10,175.23826599121094
2015-11-11,174.54928588867188
2015-11-12,172.1125946044922
2015-11-13,170.18006896972656
2015-11-16,172.7679443359375
2015-11-17,172.6419677734375
2015-11-18,175.3811492919922
2015-11-19,175.2298126220703
2015-11-20,175.86846923828125
2015-11-23,175.66677856445312
2015-11-24,175.90203857421875
2015-11-25,175.87684631347656
2015-11-27,176.07846069335938
2015-11-30,175.34747314453125
2015-12-01,177.01954650878906
2015-12-02,175.2130889892578
2015-12-03,172.7595672607422
2015-12-04,176.12892150878906
2015-12-07,175.0618438720703
2015-12-08,173.88546752929688
2015-12-09,172.5326690673828
2015-12-10,172.97804260253906
2015-12-11,169.62559509277344
2015-12-14,170.48252868652344
2015-12-15,172.2722625732422
2015-12-16,174.79296875
2015-12-17,172.12942504882812
2015-12-18,169.06292724609375
2015-12-21,170.45755004882812
2015-12-22,172.0043487548828
2015-12-23,174.13430786132812
2015-12-24,173.84690856933594
2015-12-28,173.4496612548828
2015-12-29,175.30072021484375
2015-12-30,174.05821228027344
2015-12-31,172.3170623779297
2016-01-04,169.9081573486328
2016-01-05,170.19554138183594
2016-01-06,168.04864501953125
2016-01-07,164.01686096191406
2016-01-08,162.21656799316406
2016-01-11,162.37716674804688
2016-01-12,163.68727111816406
2016-01-13,159.60476684570312
2016-01-14,162.2249755859375
2016-01-15,158.74264526367188
2016-01-19,158.9539794921875
2016-01-20,156.91693115234375
2016-01-21,157.79600524902344
2016-01-22,161.03326416015625
2016-01-25,158.5989532470703
2016-01-26,160.7627410888672
2016-01-27,159.01312255859375
2016-01-28,159.84141540527344
2016-01-29,163.7379608154297
2016-02-01,163.67877197265625
2016-02-02,160.7289276123047
2016-02-03,161.69253540039062
2016-02-04,161.9460906982422
2016-02-05,158.86097717285156
2016-02-08,156.72259521484375
2016-02-09,156.7310028076172
2016-02-10,156.5957794189453
2016-02-11,154.558837890625
2016-02-12,157.7452850341797
2016-02-16,160.4077911376953
2016-02-17,163.02801513671875
2016-02-18,162.36024475097656
2016-02-19,162.28416442871094
2016-02-22,164.63389587402344
2016-02-23,162.55465698242188
2016-02-24,163.29844665527344
2016-02-25,165.27626037597656
2016-02-26,164.89593505859375
2016-02-29,163.60272216796875
2016-03-01,167.44854736328125
2016-03-02,168.20079040527344
2016-03-03,168.8600311279297
2016-03-04,169.40945434570312
2016-03-07,169.54469299316406
2016-03-08,167.6936798095703
2016-03-09,168.52197265625
2016-03-10,168.65721130371094
2016-03-11,171.3788604736328
2016-03-14,171.1590576171875
2016-03-15,170.88011169433594
2016-03-16,171.8690643310547
2016-03-17,172.95941162109375
2016-03-18,173.63919067382812
2016-03-21,173.8854522705078
2016-03-22,173.79200744628906
2016-03-23,172.6451416015625
2016-03-24,172.56861877441406
2016-03-28,172.67056274414062
2016-03-29,174.26779174804688
2016-03-30,175.03245544433594
2016-03-31,174.60765075683594
2016-04-01,175.7970733642578
2016-04-04,175.2278289794922
2016-04-05,173.47769165039062
2016-04-06,175.37229919433594
2016-04-07,173.2737579345703
2016-04-08,173.7410430908203
2016-04-11,173.333251953125
2016-04-12,174.9474639892578
2016-04-13,176.71458435058594
2016-04-14,176.72311401367188
2016-04-15,176.52769470214844
2016-04-18,177.76808166503906
2016-04-19,178.32882690429688
2016-04-20,178.49874877929688
2016-04-21,177.5387420654297
2016-04-22,177.5387420654297
2016-04-25,177.23284912109375
2016-04-26,177.4962158203125
2016-04-27,177.8614959716797
2016-04-28,176.247314453125
2016-04-29,175.2957763671875
2016-05-02,176.68907165527344
2016-05-03,175.15139770507812
2016-05-04,174.17431640625
2016-05-05,174.14031982421875
2016-05-06,174.77749633789062
2016-05-09,174.92198181152344
2016-05-10,177.09690856933594
2016-05-11,175.440185546875
2016-05-12,175.4912109375
2016-05-13,173.9619140625
2016-05-16,175.6781463623047
2016-05-17,174.0384521484375
2016-05-18,174.08934020996094
2016-05-19,173.48617553710938
2016-05-20,174.5821075439453
2016-05-23,174.34426879882812
2016-05-24,176.60423278808594
2016-05-25,177.8020782470703
2016-05-26,177.85305786132812
2016-05-27,178.61766052246094
2016-05-31,178.27783203125
2016-06-01,178.6432342529297
2016-06-02,179.18692016601562
2016-06-03,178.6516876220703
2016-06-06,179.56076049804688
2016-06-07,179.84112548828125
2016-06-08,180.4272918701172
2016-06-09,180.1809539794922
2016-06-10,178.47328186035156
2016-06-13,177.09690856933594
2016-06-14,176.74859619140625
2016-06-15,176.50221252441406
2016-06-16,177.02894592285156
2016-06-17,176.36968994140625
2016-06-20,177.5054931640625
2016-06-21,178.00936889648438
2016-06-22,177.718994140625
2016-06-23,180.0333251953125
2016-06-24,173.56851196289062
2016-06-27,170.45997619628906
2016-06-28,173.5343780517578
2016-06-29,176.48927307128906
2016-06-30,178.89752197265625
2016-07-01,179.27330017089844
2016-07-05,177.98374938964844
2016-07-06,179.05126953125
2016-07-07,178.94021606445312
2016-07-08,181.6046905517578
2016-07-11,182.24520874023438
2016-07-12,183.56893920898438
2016-07-13,183.54331970214844
2016-07-14,184.56813049316406
2016-07-15,184.3204803466797
2016-07-18,184.81581115722656
2016-07-19,184.62791442871094
2016-07-20,185.39649963378906
2016-07-21,184.6962127685547
2016-07-22,185.52467346191406
2016-07-25,185.020751953125
2016-07-26,185.10610961914062
2016-07-27,184.9097442626953
2016-07-28,185.12326049804688
2016-07-29,185.42213439941406
2016-08-01,185.2683868408203
2016-08-02,184.0813446044922
2016-08-03,184.61936950683594
2016-08-04,184.81581115722656
2016-08-05,186.32740783691406
2016-08-08,186.2164306640625
2016-08-09,186.32740783691406
2016-08-10,185.8662109375
2016-08-11,186.72877502441406
2016-08-12,186.56651306152344
2016-08-15,187.10452270507812
2016-08-16,186.13954162597656
2016-08-17,186.4896697998047
2016-08-18,186.9081573486328
2016-08-19,186.63487243652344
2016-08-22,186.6262969970703
2016-08-23,187.00209045410156
2016-08-24,186.04556274414062
2016-08-25,185.91751098632812
2016-08-26,185.5673370361328
2016-08-29,186.48117065429688
2016-08-30,186.17367553710938
2016-08-31,185.64422607421875
2016-09-01,185.6527099609375
2016-09-02,186.4896697998047
2016-09-06,187.05332946777344
2016-09-07,187.03622436523438
2016-09-08,186.60923767089844
2016-09-09,182.14276123046875
2016-09-12,184.7560577392578
2016-09-13,182.1000213623047
2016-09-14,182.03175354003906
2016-09-15,183.85076904296875
2016-09-16,183.1400604248047
2016-09-19,183.1744384765625
2016-09-20,183.18296813964844
2016-09-21,185.24298095703125
2016-09-22,186.41026306152344
2016-09-23,185.388916015625
2016-09-26,183.88682556152344
2016-09-27,185.02841186523438
2016-09-28,185.9468231201172
2016-09-29,184.26446533203125
2016-09-30,185.65496826171875
2016-10-03,185.20864868164062
2016-10-04,184.26446533203125
2016-10-05,185.07984924316406
2016-10-06,185.20864868164062
2016-10-07,184.57350158691406
2016-10-10,185.5347900390625
2016-10-11,183.1915283203125
2016-10-12,183.43190002441406
2016-10-13,182.83106994628906
2016-10-14,182.9254913330078
2016-10-17,182.2903594970703
2016-10-18,183.43190002441406
2016-10-19,183.92112731933594
2016-10-20,183.57786560058594
2016-10-21,183.6636505126953
2016-10-24,184.44471740722656
2016-10-25,183.82672119140625
2016-10-26,183.45770263671875
2016-10-27,182.96841430664062
2016-10-28,182.42764282226562
2016-10-31,182.43629455566406
2016-11-01,181.11441040039062
2016-11-02,180.0243682861328
2016-11-03,179.2003936767578
2016-11-04,179.00299072265625
2016-11-07,182.95127868652344
2016-11-08,183.77525329589844
2016-11-09,185.7235870361328
2016-11-10,186.1870880126953
2016-11-11,185.7579345703125
2016-11-14,185.90390014648438
2016-11-15,187.35438537597656
2016-11-16,187.00250244140625
2016-11-17,187.96388244628906
2016-11-18,187.54327392578125
2016-11-21,188.95947265625
2016-11-22,189.32858276367188
2016-11-23,189.431640625
2016-11-25,190.13543701171875
2016-11-28,189.2427520751953
2016-11-29,189.61180114746094
2016-11-30,189.15692138671875
2016-12-01,188.4616241455078
2016-12-02,188.55609130859375
2016-12-05,189.68905639648438
2016-12-06,190.2899169921875
2016-12-07,192.779052734375
2016-12-08,193.2510986328125
2016-12-09,194.4184112548828
2016-12-12,194.19528198242188
2016-12-13,195.49136352539062
2016-12-14,193.87765502929688
2016-12-15,194.67593383789062
2016-12-16,194.29515075683594
2016-12-19,194.71824645996094
2016-12-20,195.46934509277344
2016-12-21,194.9254150390625
2016-12-22,194.58872985839844
2016-12-23,194.8736572265625
2016-12-27,195.35711669921875
2016-12-28,193.7425994873047
2016-12-29,193.699462890625
2016-12-30,192.991455078125
2017-01-03,194.46788024902344
2017-01-04,195.624755859375
2017-01-05,195.46934509277344
2017-01-06,196.168701171875
2017-01-09,195.52117919921875
2017-01-10,195.52117919921875
2017-01-11,196.07371520996094
2017-01-12,195.5816192626953
2017-01-13,196.03060913085938
2017-01-17,195.33982849121094
2017-01-18,195.77157592773438
2017-01-19,195.0463409423828
2017-01-20,195.76292419433594
2017-01-23,195.25350952148438
2017-01-24,196.50543212890625
2017-01-25,198.20631408691406
2017-01-26,197.9990997314453
2017-01-27,197.68829345703125
2017-01-30,196.4622344970703
2017-01-31,196.4449920654297
2017-02-01,196.52267456054688
2017-02-02,196.6522216796875
2017-02-03,198.00770568847656
2017-02-06,197.65374755859375
2017-02-07,197.6623992919922
2017-02-08,197.92138671875
2017-02-09,199.0955810546875
2017-02-10,199.88124084472656
2017-02-13,200.96913146972656
2017-02-14,201.77206420898438
2017-02-15,202.82534790039062
2017-02-16,202.65267944335938
2017-02-17,202.97215270996094
2017-02-21,204.18087768554688
2017-02-22,203.99960327148438
2017-02-23,204.13766479492188
2017-02-24,204.396728515625
2017-02-27,204.7161865234375
2017-02-28,204.16366577148438
2017-03-01,207.02137756347656
2017-03-02,205.71768188476562
2017-03-03,205.8472137451172
2017-03-06,205.2342071533203
2017-03-07,204.62120056152344
2017-03-08,204.24131774902344
2017-03-09,204.5003662109375
2017-03-10,205.21693420410156
2017-03-13,205.32054138183594
2017-03-14,204.53489685058594
2017-03-15,206.30474853515625
2017-03-16,205.89901733398438
2017-03-17,205.5373992919922
2017-03-20,205.31198120117188
2017-03-21,202.67584228515625
2017-03-22,203.15277099609375
2017-03-23,202.9359893798828
2017-03-24,202.7886199951172
2017-03-27,202.58047485351562
2017-03-28,204.05459594726562
2017-03-29,204.245361328125
2017-03-30,204.89572143554688
2017-03-31,204.41883850097656
2017-04-03,204.0632781982422
2017-04-04,204.19332885742188
2017-04-05,203.58631896972656
2017-04-06,204.15867614746094
2017-04-07,203.9505615234375
2017-04-10,204.07196044921875
2017-04-11,203.82911682128906
2017-04-12,202.9359893798828
2017-04-13,201.61793518066406
2017-04-17,203.40423583984375
2017-04-18,202.79721069335938
2017-04-19,202.4244384765625
2017-04-20,204.07196044921875
2017-04-21,203.42161560058594
2017-04-24,205.65879821777344
2017-04-25,206.85548400878906
2017-04-26,206.7253875732422
2017-04-27,206.89877319335938
2017-04-28,206.44789123535156
2017-05-01,206.9681854248047
2017-05-02,207.0462646484375
2017-05-03,206.79473876953125
2017-05-04,207.03756713867188
2017-05-05,207.8526611328125
2017-05-08,207.81800842285156
2017-05-09,207.62722778320312
2017-05-10,208.00009155273438
2017-05-11,207.57522583007812
2017-05-12,207.22828674316406
2017-05-15,208.37294006347656
2017-05-16,208.18218994140625
2017-05-17,204.48822021484375
2017-05-18,205.31198120117188
2017-05-19,206.64735412597656
2017-05-22,207.6965789794922
2017-05-23,208.1561737060547
2017-05-24,208.64178466796875
2017-05-25,209.6389923095703
2017-05-26,209.59561157226562
2017-05-30,209.4135284423828
2017-05-31,209.3614959716797
2017-06-01,211.02639770507812
2017-06-02,211.72877502441406
2017-06-05,211.5727081298828
2017-06-06,210.89630126953125
2017-06-07,211.2865447998047
2017-06-08,211.39056396484375
2017-06-09,211.0697479248047
2017-06-12,211.02639770507812
2017-06-13,212.05828857421875
2017-06-14,211.7894744873047
2017-06-15,211.3819122314453
2017-06-16,211.4281005859375
2017-06-19,213.18824768066406
2017-06-20,211.7505340576172
2017-06-21,211.69825744628906
2017-06-22,211.60235595703125
2017-06-23,211.85504150390625
2017-06-26,211.99449157714844
2017-06-27,210.28663635253906
2017-06-28,212.1687774658203
2017-06-29,210.30409240722656
2017-06-30,210.6961669921875
2017-07-03,211.05340576171875
2017-07-05,211.54141235351562
2017-07-06,209.60696411132812
2017-07-07,210.96630859375
2017-07-10,211.19287109375
2017-07-11,211.0360107421875
2017-07-12,212.6218719482422
2017-07-13,212.9791259765625
2017-07-14,213.9724884033203
2017-07-17,213.94635009765625
2017-07-18,214.05963134765625
2017-07-19,215.21856689453125
2017-07-20,215.3143768310547
2017-07-21,215.12269592285156
2017-07-24,215.07046508789062
2017-07-25,215.59323120117188
2017-07-26,215.60189819335938
2017-07-27,215.4015350341797
2017-07-28,215.14889526367188
2017-07-31,215.02688598632812
2017-08-01,215.506103515625
2017-08-02,215.6106719970703
2017-08-03,215.1924285888672
2017-08-04,215.58453369140625
2017-08-07,215.98533630371094
2017-08-08,215.45382690429688
2017-08-09,215.44509887695312
2017-08-10,212.404052734375
2017-08-11,212.7176971435547
2017-08-14,214.82644653320312
2017-08-15,214.80026245117188
2017-08-16,215.17495727539062
2017-08-17,211.8202362060547
2017-08-18,211.4890899658203
2017-08-21,211.6546630859375
2017-08-22,213.8679656982422
2017-08-23,213.10110473632812
2017-08-24,212.60446166992188
2017-08-25,213.10110473632812
2017-08-28,213.10986328125
2017-08-29,213.3538360595703
2017-08-30,214.36459350585938
2017-08-31,215.65426635742188
2017-09-01,215.95921325683594
2017-09-05,214.40814208984375
2017-09-06,215.1400909423828
2017-09-07,215.11398315429688
2017-09-08,214.8612823486328
2017-09-11,217.1529541015625
2017-09-12,217.8848876953125
2017-09-13,217.98948669433594
2017-09-14,217.91978454589844
2017-09-15,218.21315002441406
2017-09-18,218.67726135253906
2017-09-19,218.89620971679688
2017-09-20,218.97494506835938
2017-09-21,218.38829040527344
2017-09-22,218.4320831298828
2017-09-25,217.9854278564453
2017-09-26,218.1168212890625
2017-09-27,218.9661865234375
2017-09-28,219.22894287109375
2017-09-29,219.99952697753906
2017-10-02,220.95404052734375
2017-10-03,221.42694091796875
2017-10-04,221.68959045410156
2017-10-05,223.00318908691406
2017-10-06,222.74917602539062
2017-10-09,222.3813934326172
2017-10-10,222.96815490722656
2017-10-11,223.31838989257812
2017-10-12,222.98562622070312
2017-10-13,223.25709533691406
2017-10-16,223.5548858642578
2017-10-17,223.7124786376953
2017-10-18,223.931396484375
2017-10-19,223.99270629882812
2017-10-20,225.1486053466797
2017-10-23,224.27285766601562
2017-10-24,224.66696166992188
2017-10-25,223.5548858642578
2017-10-26,223.8438262939453
2017-10-27,225.674072265625
2017-10-30,224.8332977294922
2017-10-31,225.18360900878906
2017-11-01,225.4813232421875
2017-11-02,225.5689239501953
2017-11-03,226.32205200195312
2017-11-06,226.67230224609375
2017-11-07,226.51467895507812
2017-11-08,226.89999389648438
2017-11-09,226.07681274414062
2017-11-10,226.00677490234375
2017-11-13,226.21694946289062
2017-11-14,225.6915283203125
2017-11-15,224.5618896484375
2017-11-16,226.47085571289062
2017-11-17,225.8053741455078
2017-11-20,226.19064331054688
2017-11-21,227.67059326171875
2017-11-22,227.4691925048828
2017-11-24,227.9945831298828
2017-11-27,227.88076782226562
2017-11-28,230.1925506591797
2017-11-29,230.052490234375
2017-11-30,232.06658935546875
2017-12-01,231.58493041992188
2017-12-04,231.3046417236328
2017-12-05,230.47279357910156
2017-12-06,230.51657104492188
2017-12-07,231.24343872070312
2017-12-08,232.50437927246094
2017-12-11,233.20494079589844
2017-12-12,233.616455078125
2017-12-13,233.59024047851562
2017-12-14,232.63577270507812
2017-12-15,234.572998046875
2017-12-18,236.06048583984375
2017-12-19,235.15399169921875
2017-12-20,235.03070068359375
2017-12-21,235.51475524902344
2017-12-22,235.45315551757812
2017-12-26,235.1715545654297
2017-12-27,235.28598022460938
2017-12-28,235.77000427246094
2017-12-29,234.88107299804688
2018-01-02,236.5622100830078
2018-01-03,238.0584716796875
2018-01-04,239.0618438720703
2018-01-05,240.65501403808594
2018-01-08,241.0950927734375
2018-01-09,241.64068603515625
2018-01-10,241.2711181640625
2018-01-11,243.03135681152344
2018-01-12,244.6156463623047
2018-01-16,243.77951049804688
2018-01-17,246.1031494140625
2018-01-18,245.68951416015625
2018-01-19,246.80726623535156
2018-01-22,248.8140411376953
2018-01-23,249.34219360351562
2018-01-24,249.2454071044922
2018-01-25,249.3510284423828
2018-01-26,252.23788452148438
2018-01-29,250.5655975341797
2018-01-30,247.99560546875
2018-01-31,248.11883544921875
2018-02-01,247.83712768554688
2018-02-02,242.44168090820312
2018-02-05,232.30213928222656
2018-02-06,236.87905883789062
2018-02-07,235.59400939941406
2018-02-08,226.757080078125
2018-02-09,230.16334533691406
2018-02-12,233.5431671142578
2018-02-13,234.1241455078125
2018-02-14,237.28392028808594
2018-02-15,240.31167602539062
2018-02-16,240.38209533691406
2018-02-20,238.87692260742188
2018-02-21,237.6887969970703
2018-02-22,237.996826171875
2018-02-23,241.7903594970703
2018-02-26,244.5980682373047
2018-02-27,241.54385375976562
2018-02-28,239.0970458984375
2018-03-01,235.62037658691406
2018-03-02,236.83497619628906
2018-03-05,239.57241821289062
2018-03-06,240.1797332763672
2018-03-07,240.09169006347656
2018-03-08,241.25343322753906
2018-03-09,245.4518585205078
2018-03-12,245.14378356933594
2018-03-13,243.55946350097656
2018-03-14,242.30970764160156
2018-03-15,242.04563903808594
2018-03-16,242.30810546875
2018-03-19,239.02957153320312
2018-03-20,239.43603515625
2018-03-21,238.9765625
2018-03-22,233.00283813476562
2018-03-23,228.0364227294922
2018-03-26,234.2753143310547
2018-03-27,230.28985595703125
2018-03-28,229.60940551757812
2018-03-29,232.5432891845703
2018-04-02,227.52389526367188
2018-04-03,230.44009399414062
2018-04-04,232.90557861328125
2018-04-05,234.74366760253906
2018-04-06,229.51222229003906
2018-04-09,230.6433563232422
2018-04-10,234.31063842773438
2018-04-11,233.08233642578125
2018-04-12,234.99993896484375
2018-04-13,234.31063842773438
2018-04-16,236.2371368408203
2018-04-17,238.76446533203125
2018-04-18,238.94117736816406
2018-04-19,237.61566162109375
2018-04-20,235.60086059570312
2018-04-23,235.5655059814453
2018-04-24,232.39306640625
2018-04-25,232.9674530029297
2018-04-26,235.33570861816406
2018-04-27,235.55665588378906
2018-04-30,233.74505615234375
2018-05-01,234.1604461669922
2018-05-02,232.5874786376953
2018-05-03,232.07496643066406
2018-05-04,235.07943725585938
2018-05-07,235.8748016357422
2018-05-08,235.8748016357422
2018-05-09,238.1546630859375
2018-05-10,240.38162231445312
2018-05-11,241.1151123046875
2018-05-14,241.22994995117188
2018-05-15,239.56858825683594
2018-05-16,240.5760498046875
2018-05-17,240.37281799316406
2018-05-18,239.77186584472656
2018-05-21,241.5745849609375
2018-05-22,240.9030303955078
2018-05-23,241.56578063964844
2018-05-24,241.07086181640625
2018-05-25,240.4964599609375
2018-05-29,237.7305145263672
2018-05-30,240.9030303955078
2018-05-31,239.4272003173828
2018-06-01,241.7779083251953
2018-06-04,242.92662048339844
2018-06-05,243.10340881347656
2018-06-06,245.13583374023438
2018-06-07,245.1094207763672
2018-06-08,245.83399963378906
2018-06-11,246.16102600097656
2018-06-12,246.47901916503906
2018-06-13,245.69256591796875
2018-06-14,246.31121826171875
2018-06-15,245.99697875976562
2018-06-18,245.49093627929688
2018-06-19,244.55003356933594
2018-06-20,244.9672393798828
2018-06-21,243.43162536621094
2018-06-22,243.87539672851562
2018-06-25,240.5555877685547
2018-06-26,241.08819580078125
2018-06-27,239.0910186767578
2018-06-28,240.4579620361328
2018-06-29,240.80413818359375
2018-07-02,241.31895446777344
2018-07-03,240.46681213378906
2018-07-05,242.42852783203125
2018-07-06,244.4790802001953
2018-07-09,246.6803741455078
2018-07-10,247.568115234375
2018-07-11,245.75726318359375
2018-07-12,247.98521423339844
2018-07-13,248.1805877685547
2018-07-16,247.9586944580078
2018-07-17,248.96177673339844
2018-07-18,249.48545837402344
2018-07-19,248.54444885253906
2018-07-20,248.26048278808594
2018-07-23,248.72210693359375
2018-07-24,249.97361755371094
2018-07-25,252.1040802001953
2018-07-26,251.50929260253906
2018-07-27,249.8050079345703
2018-07-30,248.50010681152344
2018-07-31,249.72506713867188
2018-08-01,249.3079071044922
2018-08-02,250.66600036621094
2018-08-03,251.7401123046875
2018-08-06,252.66336059570312
2018-08-07,253.49765014648438
2018-08-08,253.39122009277344
2018-08-09,253.04498291015625
2018-08-10,251.34947204589844
2018-08-13,250.40859985351562
2018-08-14,252.00637817382812
2018-08-15,250.12457275390625
2018-08-16,252.1484375
2018-08-17,253.03607177734375
2018-08-20,253.57765197753906
2018-08-21,254.17236328125
2018-08-22,254.02137756347656
2018-08-23,253.68411254882812
2018-08-24,255.21080017089844
2018-08-27,257.22589111328125
2018-08-28,257.3501281738281
2018-08-29,258.73492431640625
2018-08-30,257.6874694824219
2018-08-31,257.6962585449219
2018-09-04,257.2525329589844
2018-09-05,256.5601501464844
2018-09-06,255.78782653808594
2018-09-07,255.2908172607422
2018-09-10,255.73458862304688
2018-09-11,256.57781982421875
2018-09-12,256.63995361328125
2018-09-13,258.1578674316406
2018-09-14,258.2022705078125
2018-09-17,256.835205078125
2018-09-18,258.2288513183594
2018-09-19,258.5040588378906
2018-09-20,260.59893798828125
2018-09-21,260.3608703613281
2018-09-24,259.4958801269531
2018-09-25,259.2552185058594
2018-09-26,258.4794921875
2018-09-27,259.20166015625
2018-09-28,259.2283630371094
2018-10-01,260.1290283203125
2018-10-02,259.9774475097656
2018-10-03,260.12017822265625
2018-10-04,258.0871276855469
2018-10-05,256.6424865722656
2018-10-08,256.6424865722656
2018-10-09,256.26800537109375
2018-10-10,248.15371704101562
2018-10-11,242.68785095214844
2018-10-12,246.0583038330078
2018-10-15,244.67630004882812
2018-10-16,250.0262908935547
2018-10-17,250.0709228515625
2018-10-18,246.45957946777344
2018-10-19,246.32582092285156
2018-10-22,245.22018432617188
2018-10-23,243.97183227539062
2018-10-24,236.57984924316406
2018-10-25,240.82418823242188
2018-10-26,236.5886993408203
2018-10-29,235.27793884277344
2018-10-30,238.764404296875
2018-10-31,241.31468200683594
2018-11-01,243.8826446533203
2018-11-02,242.43821716308594
2018-11-05,243.77561950683594
2018-11-06,245.3182830810547
2018-11-07,250.57028198242188
2018-11-08,250.1155548095703
2018-11-09,247.6722412109375
2018-11-12,243.04446411132812
2018-11-13,242.58973693847656
2018-11-14,240.93121337890625
2018-11-15,243.44570922851562
2018-11-16,244.0788116455078
2018-11-19,239.95040893554688
2018-11-20,235.509765625
2018-11-21,236.3123016357422
2018-11-23,234.73402404785156
2018-11-26,238.52369689941406
2018-11-27,239.32623291015625
2018-11-28,244.83676147460938
2018-11-29,244.30174255371094
2018-11-30,245.79083251953125
2018-12-03,249.04547119140625
2018-12-04,240.97581481933594
2018-12-06,240.6102294921875
2018-12-07,235.0193634033203
2018-12-10,235.46527099609375
2018-12-11,235.51873779296875
2018-12-12,236.70469665527344
2018-12-13,236.6243133544922
2018-12-14,232.25521850585938
2018-12-17,227.69871520996094
2018-12-18,227.44906616210938
2018-12-19,224.04281616210938
2018-12-20,220.3959197998047
2018-12-21,215.88009643554688
2018-12-24,210.17587280273438
2018-12-26,220.7949981689453
2018-12-27,222.49012756347656
2018-12-28,222.20310974121094
2018-12-31,224.1493682861328
2019-01-02,224.38255310058594
2019-01-03,219.02813720703125
2019-01-04,226.36459350585938
2019-01-07,228.14947509765625
2019-01-08,230.29295349121094
2019-01-09,231.3692626953125
2019-01-10,232.18544006347656
2019-01-11,232.275146484375
2019-01-14,230.8580322265625
2019-01-15,233.50387573242188
2019-01-16,234.06886291503906
2019-01-17,235.8446502685547
2019-01-18,238.98382568359375
2019-01-22,235.75497436523438
2019-01-23,236.248291015625
2019-01-24,236.37393188476562
2019-01-25,238.37396240234375
2019-01-28,236.56224060058594
2019-01-29,236.248291015625
2019-01-30,239.9883270263672
2019-01-31,242.09603881835938
2019-02-01,242.21261596679688
2019-02-04,243.91664123535156
2019-02-05,244.93907165527344
2019-02-06,244.61624145507812
2019-02-07,242.2843475341797
2019-02-08,242.58030700683594
2019-02-11,242.71485900878906
2019-02-12,245.8359832763672
2019-02-13,246.6342010498047
2019-02-14,246.0871124267578
2019-02-15,248.76882934570312
2019-02-19,249.1993865966797
2019-02-20,249.70162963867188
2019-02-21,248.8136749267578
2019-02-22,250.35638427734375
2019-02-25,250.6970977783203
2019-02-26,250.51780700683594
2019-02-27,250.41009521484375
2019-02-28,249.9436492919922
2019-03-01,251.50436401367188
2019-03-04,250.58953857421875
2019-03-05,250.24862670898438
2019-03-06,248.7329864501953
2019-03-07,246.6521759033203
2019-03-08,246.15882873535156
2019-03-11,249.728515625
2019-03-12,250.67019653320312
2019-03-13,252.32949829101562
2019-03-14,252.16798400878906
2019-03-15,253.41378784179688
2019-03-18,254.33277893066406
2019-03-19,254.3957977294922
2019-03-20,253.62998962402344
2019-03-21,256.4947509765625
2019-03-22,251.5581512451172
2019-03-25,251.3689727783203
2019-03-26,253.24266052246094
2019-03-27,251.91845703125
2019-03-28,252.87339782714844
2019-03-29,254.46783447265625
2019-04-01,257.485595703125
2019-04-02,257.61175537109375
2019-04-03,258.0171203613281
2019-04-04,258.7016906738281
2019-04-05,259.95391845703125
2019-04-08,260.152099609375
2019-04-09,258.8188171386719
2019-04-10,259.70172119140625
2019-04-11,259.629638671875
2019-04-12,261.38629150390625
2019-04-15,261.2151184082031
2019-04-16,261.38629150390625
2019-04-17,260.7467346191406
2019-04-18,261.2601318359375
2019-04-22,261.4853515625
2019-04-23,263.83648681640625
2019-04-24,263.25103759765625
2019-04-25,263.08880615234375
2019-04-26,264.3139953613281
2019-04-29,264.7283935546875
2019-04-30,264.86346435546875
2019-05-01,262.8726501464844
2019-05-02,262.3050842285156
2019-05-03,264.87261962890625
2019-05-06,263.7824401855469
2019-05-07,259.3774108886719
2019-05-08,259.0169982910156
2019-05-09,258.2332458496094
2019-05-10,259.5305480957031
2019-05-13,253.0084991455078
2019-05-14,255.2965545654297
2019-05-15,256.7920227050781
2019-05-16,259.1701965332031
2019-05-17,257.49468994140625
2019-05-20,255.7921142578125
2019-05-21,258.09820556640625
2019-05-22,257.3055114746094
2019-05-23,254.1615753173828
2019-05-24,254.7380828857422
2019-05-28,252.36888122558594
2019-05-29,250.67530822753906
2019-05-30,251.3599853515625
2019-05-31,247.97274780273438
2019-06-03,247.34226989746094
2019-06-04,252.71116638183594
2019-06-05,254.90025329589844
2019-06-06,256.55767822265625
2019-06-07,259.12518310546875
2019-06-10,260.3143310546875
2019-06-11,260.251220703125
2019-06-12,259.79180908203125
2019-06-13,260.86383056640625
2019-06-14,260.57550048828125
2019-06-17,260.67462158203125
2019-06-18,263.40411376953125
2019-06-19,263.9986877441406
2019-06-20,266.5210266113281
2019-06-21,266.1335754394531
2019-06-24,265.8077087402344
2019-06-25,263.20068359375
2019-06-26,262.9381103515625
2019-06-27,263.8705139160156
2019-06-28,265.2283935546875
2019-07-01,267.6363220214844
2019-07-02,268.3332214355469
2019-07-03,270.4786376953125
2019-07-05,270.17083740234375
2019-07-08,268.6863098144531
2019-07-09,269.02117919921875
2019-07-10,270.306640625
2019-07-11,270.9403076171875
2019-07-12,272.1533203125
2019-07-15,272.2438049316406
2019-07-16,271.36572265625
2019-07-17,269.5191650390625
2019-07-18,270.5057373046875
2019-07-19,269.00311279296875
2019-07-22,269.66387939453125
2019-07-23,271.5921325683594
2019-07-24,272.868408203125
2019-07-25,271.5649108886719
2019-07-26,273.3843994140625
2019-07-29,272.88653564453125
2019-07-30,272.2165832519531
2019-07-31,269.2385559082031
2019-08-01,266.8939208984375
2019-08-02,264.8843688964844
2019-08-05,256.9184875488281
2019-08-06,260.5212097167969
2019-08-07,260.675048828125
2019-08-08,265.7895812988281
2019-08-09,263.9792175292969
2019-08-12,260.7656555175781
2019-08-13,264.821044921875
2019-08-14,256.99090576171875
2019-08-15,257.6697998046875
2019-08-16,261.4717102050781
2019-08-19,264.6219482421875
2019-08-20,262.5942077636719
2019-08-21,264.73052978515625
2019-08-22,264.6490478515625
2019-08-23,257.8507995605469
2019-08-26,260.7023620605469
2019-08-27,259.6794128417969
2019-08-28,261.5079650878906
2019-08-29,264.8481750488281
2019-08-30,264.73052978515625
2019-09-03,263.18255615234375
2019-09-04,266.1698303222656
2019-09-05,269.59149169921875
2019-09-06,269.7997131347656
2019-09-09,269.9355163574219
2019-09-10,269.8721008300781
2019-09-11,271.7912292480469
2019-09-12,272.7326354980469
2019-09-13,272.551513671875
2019-09-16,271.70977783203125
2019-09-17,272.397705078125
2019-09-18,272.5606689453125
2019-09-19,272.54254150390625
2019-09-20,271.25482177734375
2019-09-23,271.1911315917969
2019-09-24,269.063232421875
2019-09-25,270.65460205078125
2019-09-26,270.0907287597656
2019-09-27,268.6357727050781
2019-09-30,269.881591796875
2019-10-01,266.6714172363281
2019-10-02,261.9607238769531
2019-10-03,264.1069641113281
2019-10-04,267.68096923828125
2019-10-07,266.5259704589844
2019-10-08,262.3882141113281
2019-10-09,264.8799133300781
2019-10-10,266.6714172363281
2019-10-11,269.4359130859375
2019-10-14,269.1358947753906
2019-10-15,271.8004455566406
2019-10-16,271.36383056640625
2019-10-17,272.1642150878906
2019-10-18,270.9728698730469
2019-10-21,272.8099365234375
2019-10-22,271.91876220703125
2019-10-23,272.7098388671875
2019-10-24,273.1553955078125
2019-10-25,274.2739562988281
2019-10-28,275.8199157714844
2019-10-29,275.7381591796875
2019-10-30,276.5838317871094
2019-10-31,275.84722900390625
2019-11-01,278.4027404785156
2019-11-04,279.52117919921875
2019-11-05,279.21197509765625
2019-11-06,279.275634765625
2019-11-07,280.2578125
2019-11-08,280.948974609375
2019-11-11,280.4124755859375
2019-11-12,281.0035400390625
2019-11-13,281.0945129394531
2019-11-14,281.5036315917969
2019-11-15,283.54071044921875
2019-11-18,283.7499084472656
2019-11-19,283.6680603027344
2019-11-20,282.6131896972656
2019-11-21,282.1585388183594
2019-11-22,282.7859802246094
2019-11-25,284.97760009765625
2019-11-26,285.62322998046875
2019-11-27,286.8963623046875
2019-11-29,285.83245849609375
2019-12-02,283.40435791015625
2019-12-03,281.5036315917969
2019-12-04,283.2406311035156
2019-12-05,283.7499084472656
2019-12-06,286.34173583984375
2019-12-09,285.4413757324219
2019-12-10,285.12310791015625
2019-12-11,285.9324035644531
2019-12-12,288.3970031738281
2019-12-13,288.5697326660156
2019-12-16,290.55224609375
2019-12-17,290.6158752441406
2019-12-18,290.634033203125
2019-12-19,291.8253479003906
2019-12-20,293.104736328125
2019-12-23,293.55255126953125
2019-12-24,293.56170654296875
2019-12-26,295.1243591308594
2019-12-27,295.0513000488281
2019-12-30,293.4246520996094
2019-12-31,294.1373596191406
2020-01-02,296.8882141113281
2020-01-03,294.6400146484375
2020-01-06,295.76409912109375
2020-01-07,294.9324035644531
2020-01-08,296.5043640136719
2020-01-09,298.5148620605469
2020-01-10,297.6557922363281
2020-01-13,299.702880859375
2020-01-14,299.2460021972656
2020-01-15,299.9222106933594
2020-01-16,302.4170837402344
2020-01-17,303.35833740234375
2020-01-21,302.76434326171875
2020-01-22,302.80084228515625
2020-01-23,303.1481628417969
2020-01-24,300.4523010253906
2020-01-27,295.63623046875
2020-01-28,298.7341613769531
2020-01-29,298.4874267578125
2020-01-30,299.4562072753906
2020-01-31,294.0186462402344
2020-02-03,296.2027282714844
2020-02-04,300.71734619140625
2020-02-05,304.19000244140625
2020-02-06,305.2135314941406
2020-02-07,303.5868225097656
2020-02-10,305.8531799316406
2020-02-11,306.38330078125
2020-02-12,308.3572692871094
2020-02-13,308.0281982421875
2020-02-14,308.521728515625
2020-02-18,307.72662353515625
2020-02-19,309.1979064941406
2020-02-20,307.927734375
2020-02-21,304.7566223144531
2020-02-24,294.649169921875
2020-02-25,285.7206726074219
2020-02-26,284.6697998046875
2020-02-27,271.88470458984375
2020-02-28,270.742431640625
2020-03-02,282.4673767089844
2020-03-03,274.37957763671875
2020-03-04,285.9125671386719
2020-03-05,276.4084167480469
2020-03-06,271.83905029296875
2020-03-09,250.6099395751953
2020-03-10,263.57769775390625
2020-03-11,250.72874450683594
2020-03-12,226.73971557617188
2020-03-13,246.122802734375
2020-03-16,219.1911163330078
2020-03-17,231.02574157714844
2020-03-18,219.32826232910156
2020-03-19,219.79429626464844
2020-03-20,210.3224334716797
2020-03-23,204.94485473632812
2020-03-24,223.51356506347656
2020-03-25,226.85963439941406
2020-03-26,240.10594177246094
2020-03-27,232.95413208007812
2020-03-30,240.51956176757812
2020-03-31,236.9345245361328
2020-04-01,226.27130126953125
2020-04-02,231.49253845214844
2020-04-03,228.14654541015625
2020-04-06,243.4702911376953
2020-04-07,243.7184600830078
2020-04-08,251.8997039794922
2020-04-09,255.73300170898438
2020-04-13,253.39817810058594
2020-04-14,260.8714904785156
2020-04-15,255.3284912109375
2020-04-16,256.56036376953125
2020-04-17,263.4913635253906
2020-04-20,258.84918212890625
2020-04-21,250.9896697998047
2020-04-22,256.56036376953125
2020-04-23,256.5418701171875
2020-04-24,260.1177673339844
2020-04-27,263.8682556152344
2020-04-28,262.6548767089844
2020-04-29,269.5307312011719
2020-04-30,267.02130126953125
2020-05-01,259.9523010253906
2020-05-04,260.6693115234375
2020-05-05,263.0777893066406
2020-05-06,261.29443359375
2020-05-07,264.4473876953125
2020-05-08,268.822998046875
2020-05-11,268.8781433105469
2020-05-12,263.51898193359375
2020-05-13,258.8584289550781
2020-05-14,261.9562072753906
2020-05-15,263.1605224609375
2020-05-18,271.17620849609375
2020-05-19,268.3908996582031
2020-05-20,272.95025634765625
2020-05-21,271.0659484863281
2020-05-22,271.5806579589844
2020-05-26,274.92669677734375
2020-05-27,279.017333984375
2020-05-28,278.5025634765625
2020-05-29,279.7435607910156
2020-06-01,280.8742370605469
2020-06-02,283.199951171875
2020-06-03,286.9687805175781
2020-06-04,286.2149353027344
2020-06-05,293.55059814453125
2020-06-08,297.098876953125
2020-06-09,294.8834533691406
2020-06-10,293.2380676269531
2020-06-11,276.3330993652344
2020-06-12,279.64239501953125
2020-06-15,282.2531433105469
2020-06-16,287.685791015625
2020-06-17,286.4907531738281
2020-06-18,286.60113525390625
2020-06-19,284.9632263183594
2020-06-22,286.7913513183594
2020-06-23,288.1116027832031
2020-06-24,280.76220703125
2020-06-25,283.7721862792969
2020-06-26,277.0321960449219
2020-06-29,281.1038818359375
2020-06-30,284.70458984375
2020-07-01,286.6989440917969
2020-07-02,288.2778015136719
2020-07-06,292.72802734375
2020-07-07,289.7088623046875
2020-07-08,291.9247131347656
2020-07-09,290.262939453125
2020-07-10,293.2265625
2020-07-13,290.68756103515625
2020-07-14,294.4546203613281
2020-07-15,297.15985107421875
2020-07-16,296.18109130859375
2020-07-17,297.0397644042969
2020-07-20,299.4403381347656
2020-07-21,300.077392578125
2020-07-22,301.7854309082031
2020-07-23,298.1846618652344
2020-07-24,296.26416015625
2020-07-27,298.4246826171875
2020-07-28,296.531982421875
2020-07-29,300.1789245605469
2020-07-30,299.1079406738281
2020-07-31,301.4714660644531
2020-08-03,303.5674743652344
2020-08-04,304.74005126953125
2020-08-05,306.63275146484375
2020-08-06,308.682373046875
2020-08-07,308.9040222167969
2020-08-10,309.82733154296875
2020-08-11,307.2696838378906
2020-08-12,311.5538024902344
2020-08-13,310.99066162109375
2020-08-14,310.9998474121094
2020-08-17,311.9877624511719
2020-08-18,312.66180419921875
2020-08-19,311.35992431640625
2020-08-20,312.3293762207031
2020-08-21,313.4373474121094
2020-08-24,316.6134948730469
2020-08-25,317.7214050292969
2020-08-26,320.9067687988281
2020-08-27,321.6083984375
2020-08-28,323.6858825683594
2020-08-31,322.51324462890625
2020-09-01,325.5509033203125
2020-09-02,330.2596130371094
2020-09-03,318.89398193359375
2020-09-04,316.2903137207031
2020-09-08,307.6482849121094
2020-09-09,313.72357177734375
2020-09-10,308.2761535644531
2020-09-11,308.43316650390625
2020-09-14,312.49554443359375
2020-09-15,314.074462890625
2020-09-16,312.8280334472656
2020-09-17,310.0766296386719
2020-09-18,306.50677490234375
2020-09-21,303.0954284667969
2020-09-22,306.18231201171875
2020-09-23,299.08160400390625
2020-09-24,299.8788757324219
2020-09-25,304.7269592285156
2020-09-28,309.78826904296875
2020-09-29,308.1011962890625
2020-09-30,310.43719482421875
2020-10-01,312.4302673339844
2020-10-02,309.4638671875
2020-10-05,314.9515686035156
2020-10-06,310.4742736816406
2020-10-07,315.8785095214844
2020-10-08,318.6780090332031
2020-10-09,321.5238952636719
2020-10-12,326.6964416503906
2020-10-13,324.56439208984375
2020-10-14,322.52496337890625
2020-10-15,322.1263732910156
2020-10-16,321.9317932128906
2020-10-19,317.03729248046875
2020-10-20,318.30731201171875
2020-10-21,317.7046813964844
2020-10-22,319.4474182128906
2020-10-23,320.5320739746094
2020-10-26,314.608642578125
2020-10-27,313.52398681640625
2020-10-28,302.8081359863281
2020-10-29,305.8856506347656
2020-10-30,302.69683837890625
2020-11-02,306.0896301269531
2020-11-03,311.49395751953125
2020-11-04,318.45562744140625
2020-11-05,324.66644287109375
2020-11-06,324.5921630859375
2020-11-09,328.6708679199219
2020-11-10,328.1888732910156
2020-11-11,330.6268615722656
2020-11-12,327.4194641113281
2020-11-13,331.95245361328125
2020-11-16,336.0960693359375
2020-11-17,334.2884216308594
2020-11-18,330.2653503417969
2020-11-19,331.65582275390625
2020-11-20,329.3846435546875
2020-11-23,331.3591613769531
2020-11-24,336.6985778808594
2020-11-25,336.1794738769531
2020-11-27,337.11572265625
2020-11-30,335.6233215332031
2020-12-01,339.2941589355469
2020-12-02,340.0079040527344
2020-12-03,339.9151611328125
2020-12-04,342.8445129394531
2020-12-07,342.1399230957031
2020-12-08,343.1411437988281
2020-12-09,340.0635681152344
2020-12-10,339.9522705078125
2020-12-11,339.55364990234375
2020-12-14,338.033447265625
2020-12-15,342.6034240722656
2020-12-16,343.1411437988281
2020-12-17,345.0599060058594
2020-12-18,343.6822204589844
2020-12-21,342.45330810546875
2020-12-22,341.8761901855469
2020-12-23,342.1834716796875
2020-12-24,343.5146179199219
2020-12-28,346.4656982421875
2020-12-29,345.8046569824219
2020-12-30,346.2981262207031
2020-12-31,348.05755615234375
2021-01-04,343.3191223144531
2021-01-05,345.68365478515625
2021-01-06,347.7503967285156
2021-01-07,352.91705322265625
2021-01-08,354.92791748046875
2021-01-11,352.535400390625
2021-01-12,352.60980224609375
2021-01-13,353.5593566894531
2021-01-14,352.3211975097656
2021-01-15,349.7518615722656
2021-01-19,352.4981689453125
2021-01-20,357.376220703125
2021-01-21,357.7020568847656
2021-01-22,356.43603515625
2021-01-25,357.84173583984375
2021-01-26,357.2831115722656
2021-01-27,348.5509948730469
2021-01-28,351.5486145019531
2021-01-29,344.5107421875
2021-02-01,350.2453308105469
2021-02-02,355.1978759765625
2021-02-03,355.4771728515625
2021-02-04,359.51739501953125
2021-02-05,360.93243408203125
2021-02-08,363.53900146484375
2021-02-09,363.29693603515625
2021-02-10,363.13873291015625
2021-02-11,363.7252197265625
2021-02-12,365.52191162109375
2021-02-16,365.20538330078125
2021-02-17,365.2891845703125
2021-02-18,363.73455810546875
2021-02-19,363.0921936035156
2021-02-22,360.2992858886719
2021-02-23,360.7369384765625
2021-02-24,364.7119445800781
2021-02-25,355.9239501953125
2021-02-26,354.090087890625
2021-03-01,362.6732482910156
2021-03-02,359.8431701660156
2021-03-03,355.07684326171875
2021-03-04,350.6828308105469
2021-03-05,357.13421630859375
2021-03-08,355.3561096191406
2021-03-09,360.42962646484375
2021-03-10,362.6732482910156
2021-03-11,366.35040283203125
2021-03-12,366.8438720703125
2021-03-15,369.03155517578125
2021-03-16,368.5660705566406
2021-03-17,369.8227844238281
2021-03-18,364.44207763671875
2021-03-19,363.7676696777344
2021-03-22,366.6723327636719
2021-03-23,363.7863464355469
2021-03-24,361.93707275390625
2021-03-25,363.9731140136719
2021-03-26,369.838623046875
2021-03-29,369.65185546875
2021-03-30,368.6711120605469
2021-03-31,370.16546630859375
2021-04-01,374.1628723144531
2021-04-05,379.5333251953125
2021-04-06,379.3091735839844
2021-04-07,379.7480773925781
2021-04-08,381.55072021484375
2021-04-09,384.3246154785156
2021-04-12,384.46478271484375
2021-04-13,385.6042175292969
2021-04-14,384.28729248046875
2021-04-15,388.4154968261719
2021-04-16,389.7137451171875
2021-04-19,387.7990417480469
2021-04-20,384.95977783203125
2021-04-21,388.60235595703125
2021-04-22,385.0531311035156
2021-04-23,389.22802734375
2021-04-26,390.0406799316406
2021-04-27,389.9565124511719
2021-04-28,389.8445739746094
2021-04-29,392.3288879394531
2021-04-30,389.7510681152344
2021-05-03,390.59173583984375
2021-05-04,388.1820068359375
2021-05-05,388.3034362792969
2021-05-06,391.40423583984375
2021-05-07,394.25286865234375
2021-05-10,390.348876953125
2021-05-11,386.86505126953125
2021-05-12,378.6460876464844
2021-05-13,383.1945495605469
2021-05-14,389.0786437988281
2021-05-17,388.0886535644531
2021-05-18,384.7449951171875
2021-05-19,383.7361755371094
2021-05-20,387.8644104003906
2021-05-21,387.54693603515625
2021-05-24,391.4977111816406
2021-05-25,390.6289978027344
2021-05-26,391.40423583984375
2021-05-27,391.6097106933594
2021-05-28,392.31024169921875
2021-06-01,391.9646911621094
2021-06-02,392.5810546875
2021-06-03,391.1240234375
2021-06-04,394.70123291015625
2021-06-07,394.3182373046875
2021-06-08,394.40234375
2021-06-09,393.81390380859375
2021-06-10,395.64459228515625
2021-06-11,396.29833984375
2021-06-14,397.18560791015625
2021-06-15,396.45709228515625
2021-06-16,394.2434997558594
2021-06-17,394.1127624511719
2021-06-18,388.79595947265625
2021-06-21,394.3620300292969
2021-06-22,396.47039794921875
2021-06-23,395.9924621582031
2021-06-24,398.3350524902344
2021-06-25,399.74993896484375
2021-06-28,400.5558776855469
2021-06-29,400.7713928222656
2021-06-30,401.1086730957031
2021-07-01,403.3294372558594
2021-07-02,406.4123840332031
2021-07-06,405.672119140625
2021-07-07,407.105712890625
2021-07-08,403.7886047363281
2021-07-09,408.0990295410156
2021-07-12,409.56085205078125
2021-07-13,408.16461181640625
2021-07-14,408.7737121582031
2021-07-15,407.3775634765625
2021-07-16,404.1822204589844
2021-07-19,398.2132873535156
2021-07-20,403.9198303222656
2021-07-21,407.1901550292969
2021-07-22,408.0427551269531
2021-07-23,412.24072265625
2021-07-26,413.25274658203125
2021-07-27,411.3692932128906
2021-07-28,411.20062255859375
2021-07-29,412.9060363769531
2021-07-30,410.90081787109375
2021-08-02,410.0386657714844
2021-08-03,413.3746337890625
2021-08-04,411.3411865234375
2021-08-05,413.9461364746094
2021-08-06,414.6301574707031
2021-08-09,414.2928466796875
2021-08-10,414.80810546875
2021-08-11,415.8389587402344
2021-08-12,417.0852355957031
2021-08-13,417.8442687988281
2021-08-16,418.828125
2021-08-17,416.0826416015625
2021-08-18,411.528564453125
2021-08-19,412.1658020019531
2021-08-20,415.4454345703125
2021-08-23,419.0998229980469
2021-08-24,419.7651062011719
2021-08-25,420.64599609375
2021-08-26,418.16290283203125
2021-08-27,421.9016418457031
2021-08-30,423.7569274902344
2021-08-31,423.1291809082031
2021-09-01,423.35406494140625
2021-09-02,424.656494140625
2021-09-03,424.553466796875
2021-09-07,423.035400390625
2021-09-08,422.52008056640625
2021-09-09,420.711669921875
2021-09-10,417.3944091796875
2021-09-13,418.4626770019531
2021-09-14,416.20440673828125
2021-09-15,419.68084716796875
2021-09-16,419.0155334472656
2021-09-17,414.9338684082031
2021-09-20,408.0151672363281
2021-09-21,407.6298522949219
2021-09-22,411.60614013671875
2021-09-23,416.60711669921875
2021-09-24,417.2933654785156
2021-09-27,416.09954833984375
2021-09-28,407.7143859863281
2021-09-29,408.40057373046875
2021-09-30,403.4089660644531
2021-10-01,408.2031555175781
2021-10-04,402.9390563964844
2021-10-05,407.131591796875
2021-10-06,408.8235778808594
2021-10-07,412.358154296875
2021-10-08,411.60614013671875
2021-10-11,408.626220703125
2021-10-12,407.620361328125
2021-10-13,409.0869140625
2021-10-14,415.9678955078125
2021-10-15,419.1358947753906
2021-10-18,420.376708984375
2021-10-19,423.619873046875
2021-10-20,425.2837219238281
2021-10-21,426.3929443359375
2021-10-22,425.9511413574219
2021-10-25,428.2354431152344
2021-10-26,428.620849609375
2021-10-27,426.72198486328125
2021-10-28,430.8393859863281
2021-10-29,431.71356201171875
2021-11-01,432.456298828125
2021-11-02,434.20477294921875
2021-11-03,436.85565185546875
2021-11-04,438.9143371582031
2021-11-05,440.4371643066406
2021-11-08,440.8131408691406
2021-11-09,439.3561096191406
2021-11-10,435.8215637207031
2021-11-11,435.9626159667969
2021-11-12,439.2527160644531
2021-11-15,439.4031677246094
2021-11-16,441.1422424316406
2021-11-17,440.07061767578125
2021-11-18,441.5652770996094
2021-11-19,440.7756652832031
2021-11-22,439.53472900390625
2021-11-23,440.1175842285156
2021-11-24,441.2926330566406
2021-11-26,431.4503479003906
2021-11-29,436.74285888671875
2021-11-30,428.244873046875
2021-12-01,423.4882507324219
2021-12-02,429.9745178222656
2021-12-03,426.2331237792969
2021-12-06,431.2811584472656
2021-12-07,440.2021789550781
2021-12-08,441.3677978515625
2021-12-09,438.3879089355469
2021-12-10,442.5146484375
2021-12-13,438.5947570800781
2021-12-14,435.5771484375
2021-12-15,442.38311767578125
2021-12-16,438.48187255859375
2021-12-17,433.81512451171875
2021-12-20,429.2023010253906
2021-12-21,436.82440185546875
2021-12-22,441.1921691894531
2021-12-23,443.937255859375
2021-12-27,450.2199401855469
2021-12-28,449.8519287109375
2021-12-29,450.4274597167969
2021-12-30,449.18231201171875
2021-12-31,448.0502014160156
2022-01-03,450.6444396972656
2022-01-04,450.4934387207031
2022-01-05,441.8430480957031
2022-01-06,441.4280090332031
2022-01-07,439.68280029296875
2022-01-10,439.1356506347656
2022-01-11,443.135498046875
2022-01-12,444.3334655761719
2022-01-13,438.21124267578125
2022-01-14,438.3904724121094
2022-01-18,430.62677001953125
2022-01-19,426.1553039550781
2022-01-20,421.43853759765625
2022-01-21,413.1654052734375
2022-01-24,414.9200134277344
2022-01-25,409.8542175292969
2022-01-26,408.82598876953125
2022-01-27,406.80731201171875
2022-01-28,416.9105529785156
2022-01-31,424.41943359375
2022-02-01,427.2872619628906
2022-02-02,431.43798828125
2022-02-03,421.2970275878906
2022-02-04,423.27801513671875
2022-02-07,421.9195861816406
2022-02-08,425.3911437988281
2022-02-09,431.61712646484375
2022-02-10,423.8629455566406
2022-02-11,415.5049133300781
2022-02-14,414.146484375
2022-02-15,420.82537841796875
2022-02-16,421.2970275878906
2022-02-17,412.2974853515625
2022-02-18,409.62786865234375
2022-02-22,405.23193359375
2022-02-23,398.0436706542969
2022-02-24,404.0339050292969
2022-02-25,412.9483947753906
2022-02-28,411.8919372558594
2022-03-01,405.6186828613281
2022-03-02,413.08050537109375
2022-03-03,411.0240783691406
2022-03-04,407.6846008300781
2022-03-07,395.6663818359375
2022-03-08,392.6666564941406
2022-03-09,403.1943054199219
2022-03-10,401.37359619140625
2022-03-11,396.2701721191406
2022-03-14,393.37408447265625
2022-03-15,402.0245666503906
2022-03-16,410.93914794921875
2022-03-17,416.08038330078125
2022-03-18,420.6375427246094
2022-03-21,420.5145263671875
2022-03-22,425.4352111816406
2022-03-23,419.95623779296875
2022-03-24,426.286865234375
2022-03-25,428.3686828613281
2022-03-28,431.4156494140625
2022-03-29,436.7525634765625
2022-03-30,434.0557556152344
2022-03-31,427.3750915527344
2022-04-01,428.5863037109375
2022-04-04,432.2577819824219
2022-04-05,426.7978515625
2022-04-06,422.5301513671875
2022-04-07,424.6592712402344
2022-04-08,423.5238037109375
2022-04-11,416.28472900390625
2022-04-12,414.74237060546875
2022-04-13,419.4925842285156
2022-04-14,414.2691955566406
2022-04-18,414.4395751953125
2022-04-19,421.1297607421875
2022-04-20,420.81744384765625
2022-04-21,414.524658203125
2022-04-22,403.1504821777344
2022-04-25,405.48779296875
2022-04-26,393.7445373535156
2022-04-27,394.8517150878906
2022-04-28,404.8254089355469
2022-04-29,389.86480712890625
2022-05-02,392.2114562988281
2022-05-03,394.0094909667969
2022-05-04,406.0082702636719
2022-05-05,391.5775451660156
2022-05-06,389.240234375
2022-05-09,376.7778625488281
2022-05-10,377.64837646484375
2022-05-11,371.6490478515625
2022-05-12,371.26104736328125
2022-05-13,380.1370849609375
2022-05-16,378.59466552734375
2022-05-17,386.3824768066406
2022-05-18,370.80682373046875
2022-05-19,368.53582763671875
2022-05-20,368.6966857910156
2022-05-23,375.59490966796875
2022-05-24,372.727783203125
2022-05-25,376.02081298828125
2022-05-26,383.5342102050781
2022-05-27,392.94964599609375
2022-05-31,390.7448425292969
2022-06-01,387.584228515625
2022-06-02,394.9651794433594
2022-06-03,388.48321533203125
2022-06-06,389.66607666015625
2022-06-07,393.4038391113281
2022-06-08,389.12664794921875
2022-06-09,379.87213134765625
2022-06-10,368.8574523925781
2022-06-13,354.8526916503906
2022-06-14,353.7834167480469
2022-06-15,358.8269348144531
2022-06-16,346.9512939453125
2022-06-17,347.69921875
2022-06-21,356.4520568847656
2022-06-22,355.8057861328125
2022-06-23,359.29364013671875
2022-06-24,370.7169494628906
2022-06-27,369.3009033203125
2022-06-28,361.7550964355469
2022-06-29,361.46038818359375
2022-06-30,358.52386474609375
2022-07-01,362.3157653808594
2022-07-05,363.0000305175781
2022-07-06,364.2259216308594
2022-07-07,369.6810607910156
2022-07-08,369.3769836425781
2022-07-11,365.1573181152344
2022-07-12,361.9261169433594
2022-07-13,360.02532958984375
2022-07-14,359.1510925292969
2022-07-15,366.0127258300781
2022-07-18,362.99053955078125
2022-07-19,372.79827880859375
2022-07-20,375.17413330078125
2022-07-21,378.99462890625
2022-07-22,375.478271484375
2022-07-25,375.9344482421875
2022-07-26,371.48681640625
2022-07-27,381.13287353515625
2022-07-28,385.91326904296875
2022-07-29,391.53936767578125
2022-08-01,390.37994384765625
2022-08-02,387.8044128417969
2022-08-03,393.87725830078125
2022-08-04,393.6112060546875
2022-08-05,392.94586181640625
2022-08-08,392.48968505859375
2022-08-09,390.93115234375
2022-08-10,399.14227294921875
2022-08-11,399.14227294921875
2022-08-12,405.8993835449219
2022-08-15,407.57196044921875
2022-08-16,408.3702392578125
2022-08-17,405.47161865234375
2022-08-18,406.65008544921875
2022-08-19,401.18560791015625
2022-08-22,392.8318786621094
2022-08-23,391.8814697265625
2022-08-24,393.1360168457031
2022-08-25,398.68609619140625
2022-08-26,385.1909484863281
2022-08-29,382.6440124511719
2022-08-30,378.443359375
2022-08-31,375.56378173828125
2022-09-01,376.7422180175781
2022-09-02,372.769775390625
2022-09-06,371.3631591796875
2022-09-07,378.03472900390625
2022-09-08,380.50567626953125
2022-09-09,386.4169616699219
2022-09-12,390.570068359375
2022-09-13,373.58697509765625
2022-09-14,375.0126037597656
2022-09-15,370.75494384765625
2022-09-16,367.9264831542969
2022-09-19,370.77972412109375
2022-09-20,366.5237731933594
2022-09-21,360.1301574707031
2022-09-22,357.10516357421875
2022-09-23,351.1219482421875
2022-09-26,347.64837646484375
2022-09-27,346.7608947753906
2022-09-28,353.5838928222656
2022-09-29,346.19793701171875
2022-09-30,340.844482421875
2022-10-03,349.84320068359375
2022-10-04,360.68359375
2022-10-05,359.8439025878906
2022-10-06,356.1318359375
2022-10-07,346.19793701171875
2022-10-10,343.5545959472656
2022-10-11,341.3787841796875
2022-10-12,340.2527770996094
2022-10-13,349.232421875
2022-10-14,341.2738952636719
2022-10-17,350.04364013671875
2022-10-18,354.15643310546875
2022-10-19,351.646728515625
2022-10-20,348.6981201171875
2022-10-21,357.17193603515625
2022-10-24,361.54254150390625
2022-10-25,367.3157958984375
2022-10-26,364.5484619140625
2022-10-27,362.60174560546875
2022-10-28,371.228271484375
2022-10-31,368.54681396484375
2022-11-01,366.9340515136719
2022-11-02,357.7253723144531
2022-11-03,354.0419921875
2022-11-04,359.13775634765625
2022-11-07,362.5730895996094
2022-11-08,364.5293884277344
2022-11-09,357.0192565917969
2022-11-10,376.6389465332031
2022-11-11,380.2843017578125
2022-11-14,377.0492858886719
2022-11-15,380.26513671875
2022-11-16,377.36419677734375
2022-11-17,376.2095031738281
2022-11-18,377.9176330566406
2022-11-21,376.5435485839844
2022-11-22,381.6106872558594
2022-11-23,384.01544189453125
2022-11-25,383.9295349121094
2022-11-28,377.80316162109375
2022-11-29,377.1542663574219
2022-11-30,389.03485107421875
2022-12-01,388.7485656738281
2022-12-02,388.30010986328125
2022-12-05,381.3148498535156
2022-12-06,375.8183288574219
2022-12-07,375.178955078125
2022-12-08,378.1180725097656
2022-12-09,375.29345703125
2022-12-12,380.7041015625
2022-12-13,383.58599853515625
2022-12-14,381.1335754394531
2022-12-15,371.8103942871094
2022-12-16,367.4207763671875
2022-12-19,364.3051452636719
2022-12-20,364.80364990234375
2022-12-21,370.25836181640625
2022-12-22,364.9761657714844
2022-12-23,367.07562255859375
2022-12-27,365.6280517578125
2022-12-28,361.0840759277344
2022-12-29,367.5837097167969
2022-12-30,366.615478515625
2023-01-03,365.0720520019531
2023-01-04,367.8905029296875
2023-01-05,363.691650390625
2023-01-06,372.0318298339844
2023-01-09,371.82086181640625
2023-01-10,374.4284362792969
2023-01-11,379.1641845703125
2023-01-12,380.5445861816406
2023-01-13,382.02093505859375
2023-01-17,381.32110595703125
2023-01-18,375.30078125
2023-01-19,372.5686950683594
2023-01-20,379.50927734375
2023-01-23,384.06280517578125
2023-01-24,383.650634765625
2023-01-25,383.7944641113281
2023-01-26,388.01251220703125
2023-01-27,388.9040222167969
2023-01-30,384.0245056152344
2023-01-31,389.6709289550781
2023-02-01,393.8122863769531
2023-02-02,399.54498291015625
2023-02-03,395.2981872558594
2023-02-06,392.88232421875
2023-02-07,398.020751953125
2023-02-08,393.66851806640625
2023-02-09,390.2557067871094
2023-02-10,391.1664123535156
2023-02-13,395.7583312988281
2023-02-14,395.57623291015625
2023-02-15,396.8608093261719
2023-02-16,391.3965148925781
2023-02-17,390.418701171875
2023-02-21,382.5865783691406
2023-02-22,382.059326171875
2023-02-23,384.0916442871094
2023-02-24,379.9886474609375
2023-02-27,381.28277587890625
2023-02-28,379.87359619140625
2023-03-01,378.4163818359375
2023-03-02,381.3594970703125
2023-03-03,387.4756774902344
2023-03-06,387.74407958984375
2023-03-07,381.8004455566406
2023-03-08,382.42352294921875
2023-03-09,375.3678894042969
2023-03-10,369.9515686035156
2023-03-13,369.4243469238281
2023-03-14,375.5308837890625
2023-03-15,373.1822509765625
2023-03-16,379.7297668457031
2023-03-17,375.2897033691406
2023-03-20,378.8983459472656
2023-03-21,383.8734436035156
2023-03-22,377.32977294921875
2023-03-23,378.3498840332031
2023-03-24,380.83258056640625
2023-03-27,381.544677734375
2023-03-28,380.6882629394531
2023-03-29,386.22149658203125
2023-03-30,388.4829406738281
2023-03-31,393.95843505859375
2023-04-03,395.4596252441406
2023-04-04,393.2655944824219
2023-04-05,392.23590087890625
2023-04-06,393.7659606933594
2023-04-10,394.170166015625
2023-04-11,394.2760314941406
2023-04-12,392.66888427734375
2023-04-13,397.8846435546875
2023-04-14,396.9127197265625
2023-04-17,398.3369140625
2023-04-18,398.59674072265625
2023-04-19,398.52935791015625
2023-04-20,396.3545837402344
2023-04-21,396.66253662109375
2023-04-24,397.0762939453125
2023-04-25,390.7731628417969
2023-04-26,389.11810302734375
2023-04-27,396.8646545410156
2023-04-28,400.2519226074219
2023-05-01,399.84771728515625
2023-05-02,395.3537902832031
2023-05-03,392.64007568359375
2023-05-04,389.8590087890625
2023-05-05,397.0762939453125
2023-05-08,397.18218994140625
2023-05-09,395.44036865234375
2023-05-10,397.28802490234375
2023-05-11,396.59515380859375
2023-05-12,396.07550048828125
2023-05-15,397.44195556640625
2023-05-16,394.7860107421875
2023-05-17,399.5783386230469
2023-05-18,403.427490234375
2023-05-19,402.8404846191406
2023-05-22,403.0041198730469
2023-05-23,398.4812927246094
2023-05-24,395.59429931640625
2023-05-25,399.0202331542969
2023-05-26,404.187744140625
2023-05-30,404.3417053222656
2023-05-31,402.0995788574219
2023-06-01,405.919921875
2023-06-02,411.78997802734375
2023-06-05,411.00091552734375
2023-06-06,411.8957824707031
2023-06-07,410.4715881347656
2023-06-08,412.9543762207031
2023-06-09,413.6953430175781
2023-06-12,417.4483642578125
2023-06-13,420.20050048828125
2023-06-14,420.700927734375
2023-06-15,425.9166564941406
2023-06-16,424.4658508300781
2023-06-20,422.263671875
2023-06-21,420.1000671386719
2023-06-22,421.6165466308594
2023-06-23,418.4291076660156
2023-06-26,416.7195129394531
2023-06-27,421.28814697265625
2023-06-28,421.50067138671875
2023-06-29,423.16192626953125
2023-06-30,428.1555480957031
2023-07-03,428.64813232421875
2023-07-05,428.0105895996094
2023-07-06,424.65899658203125
2023-07-07,423.5869140625
2023-07-10,424.65899658203125
2023-07-11,427.36346435546875
2023-07-12,430.80206298828125
2023-07-13,434.22125244140625
2023-07-14,433.9507751464844
2023-07-17,435.45751953125
2023-07-18,438.69329833984375
2023-07-19,439.6688537597656
2023-07-20,436.7518615722656
2023-07-21,436.7518615722656
2023-07-24,438.7030029296875
2023-07-25,439.9006652832031
2023-07-26,439.9682312011719
2023-07-27,437.05133056640625
2023-07-28,441.3301696777344
2023-07-31,442.17047119140625
2023-08-01,440.9051513671875
2023-08-02,434.7718200683594
2023-08-03,433.5258483886719
2023-08-04,431.5650939941406
2023-08-07,435.33197021484375
2023-08-08,433.4389343261719
2023-08-09,430.541259765625
2023-08-10,430.6957702636719
2023-08-11,430.4446716308594
2023-08-14,432.82073974609375
2023-08-15,427.7788391113281
2023-08-16,424.6396789550781
2023-08-17,421.4040222167969
2023-08-18,421.6068420410156
2023-08-21,424.3499755859375
2023-08-22,423.2005615234375
2023-08-23,427.9140930175781
2023-08-24,421.9835205078125
2023-08-25,424.9584655761719
2023-08-28,427.6532897949219
2023-08-29,433.8349304199219
2023-08-30,435.6217956542969
2023-08-31,434.9843444824219
2023-09-01,435.795654296875
2023-09-05,433.91217041015625
2023-09-06,430.99517822265625
2023-09-07,429.67193603515625
2023-09-08,430.3190612792969
2023-09-11,433.1491394042969
2023-09-12,430.7730712890625
2023-09-13,431.27532958984375
2023-09-14,434.9939880371094
2023-09-15,429.7530212402344
2023-09-18,430.00506591796875
2023-09-19,429.1132507324219
2023-09-20,425.16827392578125
2023-09-21,418.1409606933594
2023-09-22,417.2007141113281
2023-09-25,418.9551696777344
2023-09-26,412.8001708984375
2023-09-27,412.9649353027344
2023-09-28,415.3591003417969
2023-09-29,414.35107421875
2023-10-02,414.1862487792969
2023-10-03,408.6419677734375
2023-10-04,411.6176452636719
2023-10-05,411.46258544921875
2023-10-06,416.3478088378906
2023-10-09,419.0133056640625
2023-10-10,421.1942138671875
2023-10-11,422.9195251464844
2023-10-12,420.3412170410156
2023-10-13,418.2475891113281
2023-10-16,422.6481018066406
2023-10-17,422.62872314453125
2023-10-18,416.9971923828125
2023-10-19,413.3332824707031
2023-10-20,408.25421142578125
2023-10-23,407.546630859375
2023-10-24,410.6192932128906
2023-10-25,404.7260437011719
2023-10-26,399.87957763671875
2023-10-27,398.0669860839844
2023-10-30,402.82623291015625
2023-10-31,405.3560485839844
2023-11-01,409.6790771484375
2023-11-02,417.5303039550781
2023-11-03,421.33966064453125
2023-11-06,422.308837890625
2023-11-07,423.51080322265625
2023-11-08,423.8209533691406
2023-11-09,420.5157165527344
2023-11-10,427.0777587890625
2023-11-13,426.6706848144531
2023-11-14,434.9483642578125
2023-11-15,435.86920166015625
2023-11-16,436.4023742675781
2023-11-17,436.9450988769531
2023-11-20,440.30859375
2023-11-21,439.34893798828125
2023-11-22,441.0451965332031
2023-11-24,441.3166198730469
2023-11-27,440.52178955078125
2023-11-28,440.9579772949219
2023-11-29,440.6477355957031
2023-11-30,442.3828125
2023-12-01,444.99993896484375
2023-12-04,442.6639404296875
2023-12-05,442.57666015625
2023-12-06,440.79327392578125
2023-12-07,444.1565856933594
2023-12-08,446.066162109375
2023-12-11,447.8011474609375
2023-12-12,449.8463439941406
2023-12-13,456.0497741699219
2023-12-14,457.513427734375
2023-12-15,456.7601318359375
2023-12-18,459.32940673828125
2023-12-19,462.1225280761719
2023-12-20,455.7187805175781
2023-12-21,460.0398864746094
2023-12-22,460.96441650390625
2023-12-26,462.9108581542969
2023-12-27,463.7478332519531
2023-12-28,463.9229431152344
2023-12-29,462.5799865722656
2024-01-02,459.9911804199219
2024-01-03,456.2345886230469
2024-01-04,454.7649841308594
2024-01-05,455.3879089355469
2024-01-08,461.88897705078125
2024-01-09,461.1882629394531
2024-01-10,463.7965087890625
2024-01-11,463.5921325683594
2024-01-12,463.9132080078125
2024-01-16,462.21014404296875
2024-01-17,459.640869140625
2024-01-18,463.7283630371094
2024-01-19,469.50927734375
2024-01-22,470.5019836425781
2024-01-23,471.87420654296875
2024-01-24,472.3900451660156
2024-01-25,474.9593200683594
2024-01-26,474.35589599609375
2024-01-29,478.11248779296875
2024-01-30,477.7427062988281
2024-01-31,469.9472351074219
2024-02-01,476.0979309082031
2024-02-02,481.11004638671875
2024-02-05,479.3582458496094
2024-02-06,480.74993896484375
2024-02-07,484.7596435546875
2024-02-08,484.9737548828125
2024-02-09,487.7765808105469
2024-02-12,487.5624694824219
2024-02-13,480.8472595214844
2024-02-14,485.217041015625
2024-02-15,488.56488037109375
2024-02-16,486.1318664550781
2024-02-20,483.45550537109375
2024-02-21,483.8934326171875
2024-02-22,493.9078369140625
2024-02-23,494.2485046386719
2024-02-26,492.43829345703125
2024-02-27,493.35308837890625
2024-02-28,492.7010803222656
2024-02-29,494.4723205566406
2024-03-01,499.1145935058594
2024-03-04,498.57928466796875
2024-03-05,493.5964050292969
2024-03-06,496.0975341796875
2024-03-07,501.0220642089844
2024-03-08,498.01483154296875
2024-03-11,497.5865783691406
2024-03-12,502.9393615722656
2024-03-13,502.15093994140625
2024-03-14,501.1582946777344
2024-03-15,497.7170715332031
2024-03-18,500.6750793457031
2024-03-19,503.4573669433594
2024-03-20,508.1140441894531
2024-03-21,509.79315185546875
2024-03-22,508.82672119140625
2024-03-25,507.42083740234375
2024-03-26,506.4836120605469
2024-03-27,510.74005126953125
2024-03-28,510.642578125
2024-04-01,509.7540588378906
2024-04-02,506.5130920410156
2024-04-03,507.0694580078125
2024-04-04,500.880126953125
2024-04-05,506.1127014160156
2024-04-08,506.3958435058594
2024-04-09,506.98162841796875
2024-04-10,501.9051208496094
2024-04-11,505.6929626464844
2024-04-12,498.7128601074219
2024-04-15,492.46490478515625
2024-04-16,491.56671142578125
2024-04-17,488.6575622558594
2024-04-18,487.65203857421875
2024-04-19,483.3956298828125
2024-04-22,487.8472900390625
2024-04-23,493.6363830566406
2024-04-24,493.4020690917969
2024-04-25,491.5276794433594
2024-04-26,496.1844177246094
2024-04-29,497.9416198730469
2024-04-30,490.0535583496094
2024-05-01,488.4623107910156
2024-05-02,493.03106689453125
2024-05-03,499.1423645019531
2024-05-06,504.29693603515625
2024-05-07,504.8534240722656
2024-05-08,504.90216064453125
2024-05-09,507.8113098144531
2024-05-10,508.4655456542969
2024-05-13,508.5338439941406
2024-05-14,510.86700439453125
2024-05-15,517.1930541992188
2024-05-16,516.1289672851562
2024-05-17,516.8709106445312
2024-05-20,517.4664916992188
2024-05-21,518.7354736328125
2024-05-22,517.241943359375
2024-05-23,513.4638061523438
2024-05-24,516.8611450195312
2024-05-28,517.222412109375
2024-05-29,513.6005249023438
2024-05-30,510.1933898925781
2024-05-31,514.84033203125
2024-06-03,515.2600708007812
2024-06-04,515.8361206054688
2024-06-05,521.9669799804688
2024-06-06,521.9570922851562
2024-06-07,521.3225708007812
2024-06-10,522.9334106445312
2024-06-11,524.1926879882812
2024-06-12,528.4979858398438
2024-06-13,529.5620727539062
2024-06-14,529.8842163085938
2024-06-17,534.1015625
2024-06-18,535.4585571289062
2024-06-20,534.0039672851562
2024-06-21,533.2880249023438
2024-06-24,531.5545043945312
2024-06-25,533.6014404296875
2024-06-26,534.2674560546875
2024-06-27,535.1096801757812
2024-06-28,533.0039672851562
2024-07-01,534.1009521484375
2024-07-02,537.6953735351562
2024-07-03,540.0948486328125
2024-07-05,543.2092895507812
2024-07-08,543.8360595703125
2024-07-09,544.3648681640625
2024-07-10,549.7515869140625
2024-07-11,545.0112915039062
2024-07-12,548.448974609375
2024-07-15,549.9572143554688
2024-07-16,553.2185668945312
2024-07-17,545.4618530273438
2024-07-18,541.2700805664062
2024-07-19,537.67578125
2024-07-22,543.2190551757812
2024-07-23,542.366943359375
2024-07-24,530.0755615234375
2024-07-25,527.313720703125
2024-07-26,533.219482421875
2024-07-29,533.5328979492188
2024-07-30,530.8297729492188
2024-07-31,539.458251953125
2024-08-01,531.8189697265625
2024-08-02,521.9172973632812
2024-08-05,506.7171936035156
2024-08-06,511.3888854980469
2024-08-07,507.9707336425781
2024-08-08,519.713623046875
2024-08-09,522.0054931640625
2024-08-12,522.2796630859375
2024-08-13,530.8689575195312
2024-08-14,532.543701171875
2024-08-15,541.671630859375
2024-08-16,542.8861694335938
2024-08-19,548.0767822265625
2024-08-20,547.1856079101562
2024-08-21,549.0659790039062
2024-08-22,544.7567138671875
2024-08-23,550.5448608398438
2024-08-26,549.2325439453125
2024-08-27,549.9867553710938
2024-08-28,546.7938232421875
2024-08-29,546.8427124023438
2024-08-30,552.0629272460938
2024-09-03,540.7020263671875
2024-09-04,539.5953979492188
2024-09-05,538.282958984375
2024-09-06,529.2235717773438
2024-09-09,535.1487426757812
2024-09-10,537.4797973632812
2024-09-11,542.9937133789062
2024-09-12,547.5675048828125
2024-09-13,550.4274291992188
2024-09-16,551.240234375
2024-09-17,551.465576171875
2024-09-18,549.8299560546875
2024-09-19,559.2124633789062
2024-09-20,558.2459106445312
2024-09-23,559.6408081054688
2024-09-24,561.2421264648438
2024-09-25,560.0043334960938
2024-09-26,562.224609375
2024-09-27,561.4090576171875
2024-09-30,563.6588134765625
2024-10-01,558.6093139648438
2024-10-02,558.8450927734375
2024-10-03,557.8234252929688
2024-10-04,562.8925170898438
2024-10-07,557.8037719726562
2024-10-08,563.0792236328125
2024-10-09,566.9793701171875
2024-10-10,565.987060546875
2024-10-11,569.3763427734375
2024-10-14,574.0328369140625
2024-10-15,569.5728759765625
2024-10-16,572.0485229492188
2024-10-17,572.0975341796875
2024-10-18,574.298095703125
2024-10-21,573.3550415039062
2024-10-22,573.0504760742188
2024-10-23,567.8143920898438
2024-10-24,569.0423583984375
2024-10-25,568.8458251953125
2024-10-28,570.6043701171875
2024-10-29,571.5277709960938
2024-10-30,569.7988891601562
2024-10-31,558.6289672851562
2024-11-01,560.9866333007812
2024-11-04,559.7783203125
2024-11-05,566.5470581054688
2024-11-06,580.6346435546875
2024-11-07,585.1241455078125
2024-11-08,587.6588134765625
2024-11-11,588.2186279296875
2024-11-12,586.3915405273438
2024-11-13,586.6763916015625
2024-11-14,582.9039306640625
2024-11-15,575.4376831054688
2024-11-18,577.7955322265625
2024-11-19,579.9075927734375
2024-11-20,580.1041259765625
2024-11-21,583.2183227539062
2024-11-22,585.0259399414062
2024-11-25,587.0103149414062
2024-11-26,590.075439453125
2024-11-27,588.2874755859375
2024-11-29,591.9419555664062
2024-12-02,593.0030517578125
2024-12-03,593.2778930664062
2024-12-04,596.9619750976562
2024-12-05,595.9796142578125
2024-12-06,597.109375
2024-12-09,594.034423828125
2024-12-10,592.1875610351562
2024-12-11,596.7655029296875
2024-12-12,593.690673828125
2024-12-13,593.5728149414062
2024-12-16,596.1073608398438
2024-12-17,593.6512451171875
2024-12-18,575.9584350585938
2024-12-19,575.7815551757812
2024-12-20,582.697265625
2024-12-23,586.1866455078125
2024-12-24,592.7020263671875
2024-12-26,592.7416381835938
2024-12-27,586.5020141601562
2024-12-30,579.80908203125
2024-12-31,577.69970703125
2025-01-02,576.2802734375
2025-01-03,583.4857788085938
2025-01-06,586.8469848632812
2025-01-07,580.2132568359375
2025-01-08,581.0609741210938
2025-01-10,572.1896362304688
2025-01-13,573.0768432617188
2025-01-14,573.8653564453125
2025-01-15,584.3040161132812
2025-01-16,583.1802368164062
2025-01-17,589.0353393554688
2025-01-21,594.4270629882812
2025-01-22,597.7685546875
2025-01-23,601.03125
2025-01-24,599.2766723632812
2025-01-27,590.7997436523438
2025-01-28,595.8760986328125
2025-01-29,593.204833984375
2025-01-30,596.3886108398438
2025-01-31,593.214599609375
2025-02-03,589.2225952148438
2025-02-04,593.1752319335938
2025-02-05,595.5803833007812
2025-02-06,597.6503295898438
2025-02-07,592.1797485351562
2025-02-10,596.2013549804688
2025-02-11,596.65478515625
2025-02-12,594.7326049804688
2025-02-13,601.0115356445312
2025-02-14,600.9819946289062
2025-02-18,602.746337890625
2025-02-19,604.1658325195312
2025-02-20,601.6522216796875
2025-02-21,591.3615112304688
2025-02-24,588.670654296875
2025-02-25,585.7430419921875
2025-02-26,586.0387573242188
2025-02-27,576.6844482421875
2025-02-28,585.6838989257812
2025-03-03,575.4227905273438
2025-03-04,568.611572265625
2025-03-05,574.7228393554688
2025-03-06,564.5209350585938
2025-03-07,567.6849975585938
2025-03-10,552.5643920898438
2025-03-11,547.9710083007812
2025-03-12,550.8788452148438
2025-03-13,543.5353393554688
2025-03-14,554.7625122070312
2025-03-17,559.0404052734375
2025-03-18,552.9981079101562
2025-03-19,559.0206909179688
2025-03-20,557.4041748046875
2025-03-21,557.5880737304688
2025-03-24,567.5736694335938
2025-03-25,568.9379272460938
2025-03-26,562.1458129882812
2025-03-27,560.6528930664062
2025-03-28,549.3623657226562
2025-03-31,553.0501098632812
2025-04-01,554.6121826171875
2025-04-02,558.1220092773438
2025-04-03,530.6173095703125
2025-04-04,499.5533447265625
2025-04-07,498.6635437011719
2025-04-08,490.8531188964844
2025-04-09,542.4021606445312
2025-04-10,518.6345825195312
2025-04-11,527.888427734375
2025-04-14,533.009765625
2025-04-15,531.5169067382812
2025-04-16,519.7022705078125
2025-04-17,520.44384765625
2025-04-21,508.0558776855469
2025-04-22,521.2743530273438
2025-04-23,529.3517456054688
2025-04-24,540.4940795898438
2025-04-25,544.3992919921875
2025-04-28,544.6068725585938
2025-04-29,548.0375366210938
2025-04-30,548.2550048828125
2025-05-01,552.1405029296875
2025-05-02,560.3365478515625
2025-05-05,557.1233520507812
2025-05-06,552.4667358398438
2025-05-07,554.7901611328125
2025-05-08,558.6558837890625
2025-05-09,557.9439697265625
2025-05-12,576.3826293945312
2025-05-13,580.1890258789062
2025-05-14,580.9304809570312
2025-05-15,583.7679443359375
2025-05-16,587.4655151367188
2025-05-19,588.108154296875
2025-05-20,586.130859375
2025-05-21,576.2540893554688
2025-05-22,576.4815063476562
2025-05-23,572.5465087890625
2025-05-27,584.4501342773438
2025-05-28,581.0689086914062
2025-05-29,583.3626098632812
2025-05-30,582.7100830078125
2025-06-02,585.992431640625
2025-06-03,589.3341064453125
2025-06-04,589.1759643554688
2025-06-05,586.32861328125
2025-06-06,592.3495483398438
2025-06-09,592.8834228515625
2025-06-10,596.2449340820312
2025-06-11,594.54443359375
2025-06-12,596.9072875976562
2025-06-13,590.2338256835938
2025-06-16,595.8494262695312
2025-06-17,590.7578735351562
2025-06-18,590.6688232421875
2025-06-20,589.2816772460938
2025-06-23,595.1021728515625
2025-06-24,601.6764526367188
2025-06-25,602.0135498046875
2025-06-26,606.7236938476562
2025-06-27,609.7380981445312
2025-06-30,612.6533203125
2025-07-01,612.455078125
2025-07-02,615.2315063476562
2025-07-03,620.0804443359375
2025-07-07,615.4595336914062
2025-07-08,615.1224365234375
2025-07-09,618.8110961914062
2025-07-10,620.5562744140625
2025-07-11,618.3748168945312
2025-07-14,619.5548095703125
2025-07-15,616.9072875976562
2025-07-16,618.9697265625
2025-07-17,622.7576293945312
2025-07-18,622.301513671875
2025-07-21,623.4815063476562
2025-07-22,623.5707397460938
2025-07-23,628.875732421875
2025-07-24,629.083984375
2025-07-25,631.7413940429688
2025-07-28,631.5828247070312
2025-07-29,629.9169311523438
2025-07-30,629.1236572265625
2025-07-31,626.763671875
2025-08-01,616.4907836914062
2025-08-04,625.8612670898438
2025-08-05,622.688232421875
2025-08-06,627.4578247070312
2025-08-07,626.9322509765625
2025-08-08,631.82080078125
2025-08-11,630.5713500976562
2025-08-12,637.284423828125
2025-08-13,639.4659423828125
2025-08-14,639.5254516601562
2025-08-15,638.0281372070312
2025-08-18,637.8893432617188
2025-08-19,634.4286499023438
2025-08-20,632.742919921875
2025-08-21,630.2044677734375
2025-08-22,639.8823852539062
2025-08-25,637.0662231445312
2025-08-26,639.733642578125
2025-08-27,641.1912841796875
2025-08-28,643.4620361328125
2025-08-29,639.6245727539062
2025-09-02,634.884765625
2025-09-03,638.3255615234375
2025-09-04,643.660400390625
2025-09-05,641.7960815429688
2025-09-08,643.3728637695312
2025-09-09,644.8601684570312
2025-09-10,646.724365234375
2025-09-11,652.0987548828125
2025-09-12,651.8805541992188
2025-09-15,655.3511962890625
2025-09-16,654.4488525390625
2025-09-17,653.6357421875
2025-09-18,656.6898193359375
2025-09-19,659.9423217773438
2025-09-22,663.0645141601562
2025-09-23,659.4551391601562
2025-09-24,657.3569946289062
2025-09-25,654.3242797851562
2025-09-26,658.072998046875
2025-09-29,659.9224243164062
2025-09-30,662.4082641601562
2025-10-01,664.6654663085938
2025-10-02,665.4309692382812
2025-10-03,665.421142578125
2025-10-06,667.8074951171875
2025-10-07,665.3316040039062
2025-10-08,669.2990112304688
2025-10-09,667.3600463867188
2025-10-10,649.32275390625
2025-10-13,659.2860107421875
2025-10-14,658.4805908203125
2025-10-15,661.4039916992188
2025-10-16,656.899658203125
2025-10-17,660.62841796875
2025-10-20,667.499267578125
2025-10-21,667.4892578125
2025-10-22,664.0191040039062
2025-10-23,667.9566650390625
2025-10-24,673.4155883789062
2025-10-27,681.3603515625
2025-10-28,683.1700439453125
2025-10-29,683.4981689453125
2025-10-30,675.98095703125
2025-10-31,678.1983642578125
2025-11-03,679.4711303710938
2025-11-04,671.4169921875
2025-11-05,673.7437133789062
2025-11-06,666.514892578125
2025-11-07,667.1710815429688
2025-11-10,677.5819091796875
2025-11-11,679.1329956054688
