date,AAPL,ACN,AMD,AMZN,BAC,BLK,COST,CVS,DIS,DPZ,F,GILD,INTU,JD,JPM,KO,LUV,MA,MCD,MSFT,NAT,NVDA,PBI,PFE,SBUX,SPY,TGT,TM,TSLA,UL,UNH,WMT,XOM
2023-01-03,123.09602355957031,258.138916015625,64.0199966430664,85.81999969482422,30.97426986694336,662.3668212890625,435.0462951660156,82.17081451416016,86.92302703857422,324.95819091796875,9.09868335723877,76.83837127685547,382.8005676269531,53.6224250793457,124.92872619628906,57.51914978027344,30.330848693847656,340.24554443359375,246.61038208007812,233.4528045654297,2.2394118309020996,14.300683975219727,3.534588098526001,42.382503509521484,93.15756225585938,366.06915283203125,135.33277893066406,128.38607788085938,108.0999984741211,50.86966323852539,490.9798583984375,46.14738845825195,95.4342041015625
2023-01-04,124.36566162109375,257.2601013183594,64.66000366210938,85.13999938964844,31.556591033935547,671.5390625,438.1943359375,81.34831237792969,89.86376953125,329.8622741699219,9.355749130249023,76.9373550415039,383.1822204589844,61.49275588989258,126.09369659423828,57.49173355102539,31.279850006103516,348.43768310546875,246.66641235351562,223.2408447265625,2.179293394088745,14.734251022338867,3.701645612716675,41.44819641113281,96.51136779785156,368.8952331542969,136.2157745361328,127.37406921386719,113.63999938964844,51.21235656738281,477.593994140625,46.19880294799805,95.71196746826172
2023-01-05,123.04680633544922,251.18540954589844,62.33000183105469,83.12000274658203,31.491891860961914,652.3202514648438,432.0806579589844,79.99515533447266,89.80513763427734,324.53680419921875,9.542712211608887,77.25231170654297,367.5738830566406,61.306697845458984,126.06575012207031,56.83385467529297,31.19611167907715,345.1216125488281,244.58587646484375,216.62448120117188,2.1943230628967285,14.25073528289795,3.9566285610198975,41.059600830078125,96.48365783691406,364.6848449707031,137.58937072753906,125.82355499267578,110.33999633789062,50.4765739440918,463.8294677734375,46.04133605957031,97.85343170166016
2023-01-06,127.57421875,257.135986328125,63.959999084472656,86.08000183105469,31.806163787841797,686.5158081054688,463.446044921875,81.01223754882812,91.7591323852539,328.16693115234375,9.799777030944824,79.25898742675781,378.2403869628906,59.81822204589844,128.47804260253906,57.930328369140625,32.63823318481445,361.3064880371094,251.40579223632812,219.17747497558594,2.216867446899414,14.844138145446777,4.044552803039551,42.101375579833984,98.57168579101562,373.0478515625,142.84283447265625,129.02671813964844,113.05999755859375,51.202274322509766,463.8672790527344,47.1693115234375,99.03616333007812
2023-01-09,128.09584045410156,261.47235107421875,67.23999786376953,87.36000061035156,31.325517654418945,700.4600219726562,459.4917907714844,80.9149398803711,92.58956909179688,319.7956237792969,9.885468482971191,76.5774154663086,387.65374755859375,58.72977066040039,127.9471664428711,57.20848083496094,33.30221176147461,364.54931640625,249.3346405029297,221.31146240234375,2.1943230628967285,15.612370491027832,4.09730863571167,40.009544372558594,96.77005767822266,372.8363952636719,139.45350646972656,129.92730712890625,119.7699966430664,51.353458404541016,463.9241027832031,46.58122634887695,97.19039916992188
2023-01-10,128.66668701171875,262.5993957519531,68.05000305175781,89.87000274658203,31.538110733032227,704.4508666992188,462.0351257324219,80.17205047607422,93.36138153076172,325.3988037109375,10.002318382263184,78.41311645507812,381.1231994628906,59.21352767944336,129.09278869628906,56.769893646240234,33.86332702636719,364.58868408203125,250.88343811035156,222.9972381591797,2.292015314102173,15.893091201782227,4.1500630378723145,39.372894287109375,97.93417358398438,375.4510498046875,139.1145782470703,129.18453979492188,118.8499984741211,51.41393280029297,460.08062744140625,46.552303314208984,98.64192962646484
2023-01-11,131.38311767578125,269.5717468261719,69.05999755859375,95.08999633789062,31.778438568115234,703.1857299804688,464.82806396484375,79.37608337402344,94.11368560791016,335.0919494628906,10.29833698272705,78.4581069946289,387.6242980957031,58.64604568481445,130.05215454101562,56.66025161743164,33.638877868652344,371.3201599121094,250.79006958007812,229.74029541015625,2.224381923675537,15.984996795654297,4.211612224578857,39.232337951660156,98.21135711669922,380.1996154785156,141.7903594970703,128.91529846191406,123.22000122070312,51.37361145019531,467.08599853515625,46.960426330566406,99.788818359375
2023-01-12,131.30438232421875,272.21881103515625,70.80000305175781,95.2699966430664,31.86162567138672,701.362548828125,463.023681640625,78.87195587158203,97.51360321044922,323.3778381347656,10.461926460266113,77.13532257080078,388.9873352050781,58.7669792175293,129.92173767089844,55.92926788330078,34.57406997680664,373.23638916015625,248.81219482421875,232.41017150878906,2.2694711685180664,16.494483947753906,4.141271114349365,39.44731140136719,97.79558563232422,381.5838623046875,142.48606872558594,132.17416381835938,123.55999755859375,51.6255989074707,469.23492431640625,46.53623580932617,101.44644165039062
2023-01-13,132.6331024169922,270.58837890625,71.0,98.12000274658203,32.564125061035156,701.390380859375,465.7302551269531,79.52642059326172,97.11305236816406,323.20538330078125,9.908838272094727,77.63024139404297,385.5651550292969,59.16700744628906,133.20028686523438,56.13028335571289,34.59278106689453,369.0206298828125,250.8647003173828,233.11175537109375,2.3596489429473877,16.882099151611328,4.018176078796387,39.56306076049805,99.0705795288086,383.064208984375,146.81192016601562,130.26156616210938,122.4000015258789,51.84733581542969,463.4603271484375,46.690486907958984,101.38371276855469
2023-01-17,133.79444885253906,273.2162170410156,71.58999633789062,96.05000305175781,31.907838821411133,697.4276123046875,467.1890869140625,79.04000091552734,97.61132049560547,329.6706848144531,9.869889259338379,76.85638427734375,382.61370849609375,55.78071975708008,131.14187622070312,56.35871124267578,34.63953399658203,368.5096740722656,255.7348175048828,234.20310974121094,2.419767379760742,17.684297561645508,3.8687028884887695,38.09960174560547,98.62712097167969,382.3625183105469,144.58209228515625,134.4117431640625,131.49000549316406,51.49456787109375,459.20965576171875,46.40768814086914,101.18659973144531
2023-01-18,133.07598876953125,266.52197265625,70.52999877929688,95.45999908447266,31.168376922607422,695.2228393554688,460.1827392578125,78.0052261352539,96.76133728027344,331.8641052246094,9.66734790802002,75.3536148071289,378.56396484375,54.44108963012695,127.20201110839844,54.650047302246094,33.94749450683594,362.5348815917969,248.205810546875,229.77920532226562,2.3671631813049316,17.359617233276367,3.74560809135437,37.206642150878906,97.01026916503906,376.32574462890625,143.44935607910156,135.0987548828125,128.77999877929688,50.799102783203125,450.8411560058594,45.26043701171875,99.10784912109375
2023-01-19,133.13502502441406,261.7171325683594,67.70999908447266,93.68000030517578,30.7154541015625,678.9529418945312,450.6042175292969,77.90282440185547,96.8004150390625,334.1341247558594,9.488181114196777,75.24563598632812,371.2392272949219,55.278358459472656,125.50688171386719,54.56781005859375,34.08777618408203,361.5718078613281,245.9106903076172,225.99842834472656,2.292015314102173,16.748233795166016,3.69285249710083,37.17356872558594,96.32658386230469,373.5862121582031,141.9062957763672,133.86395263671875,127.16999816894531,50.75878143310547,458.528076171875,44.614505767822266,99.7440185546875
2023-01-20,135.69400024414062,268.9867858886719,70.06999969482422,97.25,31.288537979125977,689.9669799804688,460.7969970703125,77.4753646850586,101.09917449951172,333.3583068847656,9.659558296203613,74.69673156738281,390.33062744140625,56.21796417236328,125.81422424316406,54.896759033203125,34.65824508666992,369.76751708984375,250.57545471191406,234.07643127441406,2.2619564533233643,17.82115936279297,3.780778646469116,37.297584533691406,97.04723358154297,380.5456848144531,144.6802215576172,135.6558380126953,133.4199981689453,51.41393280029297,460.7622375488281,45.164024353027344,101.56290435791016
2023-01-23,138.88287353515625,267.90301513671875,76.52999877929688,97.5199966430664,31.72297477722168,695.8367309570312,472.7942199707031,77.6534652709961,103.2583236694336,330.8775329589844,9.971158981323242,74.89468383789062,402.02874755859375,56.804054260253906,127.85403442382812,55.0338134765625,34.31221389770508,372.01788330078125,251.23797607421875,236.37606811523438,2.224381923675537,19.173809051513672,4.009383678436279,37.19010543823242,98.12820434570312,385.11175537109375,146.8386993408203,135.58155822753906,143.75,51.30307388305664,459.9007873535156,45.8388786315918,101.0342788696289
2023-01-24,140.28045654296875,263.6159973144531,74.69999694824219,96.31999969482422,31.954057693481445,699.6043090820312,472.3143005371094,76.60265350341797,103.56119537353516,325.02520751953125,9.924420356750488,75.60557556152344,393.7430419921875,57.32501983642578,128.9530792236328,55.32621383666992,34.3028678894043,373.4329528808594,251.48980712890625,235.8498992919922,2.224381923675537,19.245729446411133,4.018176078796387,36.96685791015625,98.52548217773438,384.6983947753906,145.87538146972656,135.56300354003906,143.88999938964844,51.02084732055664,465.3819580078125,45.96099853515625,101.97508239746094
2023-01-25,139.6210174560547,261.9760437011719,74.91000366210938,97.18000030517578,32.23135757446289,698.8414916992188,471.1337890625,76.36221313476562,105.6324234008789,335.8486328125,9.963367462158203,75.65056610107422,394.086181640625,57.10174560546875,129.57711791992188,55.673423767089844,34.48055648803711,375.771728515625,254.69920349121094,234.4564208984375,2.1868081092834473,19.30367660522461,3.9302501678466797,37.264522552490234,98.83960723876953,384.8426208496094,146.46408081054688,135.6929931640625,144.42999267578125,50.88981628417969,466.2339782714844,45.74247360229492,101.43748474121094
2023-01-26,141.68788146972656,263.0310363769531,75.16000366210938,99.22000122070312,32.66579055786133,705.9578857421875,478.25531005859375,78.06311798095703,107.17606353759766,339.10516357421875,10.064638137817383,75.24563598632812,404.5291442871094,58.71116256713867,130.37815856933594,55.563777923583984,33.38637924194336,370.7109069824219,256.30389404296875,241.657470703125,2.171778440475464,19.782194137573242,3.7368152141571045,36.92241668701172,100.48416900634766,389.0721435546875,148.9793243408203,135.06163024902344,160.27000427246094,50.51688766479492,466.21502685546875,45.7006950378418,105.51433563232422
2023-01-27,143.62677001953125,265.9177551269531,75.4000015258789,102.23999786376953,32.7674674987793,706.21826171875,483.04461669921875,78.16997528076172,107.0197525024414,340.18756103515625,10.337287902832031,75.34461212158203,414.4034118652344,59.2972526550293,130.69480895996094,55.27138137817383,33.891387939453125,367.55645751953125,254.1953887939453,241.81336975097656,2.2469265460968018,20.34463119506836,3.7544002532958984,36.53858947753906,100.72438049316406,389.9661560058594,150.2993927001953,136.63070678710938,177.89999389648438,50.214515686035156,460.12799072265625,46.05098342895508,103.58790588378906
2023-01-30,140.7430419921875,263.0885314941406,72.44999694824219,100.55000305175781,32.62881851196289,695.68798828125,483.03497314453125,77.5198974609375,105.11461639404297,333.789306640625,10.041268348693848,75.0026626586914,408.3533020019531,55.659786224365234,129.58645629882812,55.4084358215332,33.17128372192383,364.6968078613281,252.73069763183594,236.5027313232422,2.2469265460968018,19.14283561706543,3.8071553707122803,36.33833312988281,100.15155792236328,385.07330322265625,150.4510040283203,134.79238891601562,166.66000366210938,50.62776565551758,459.8818054199219,45.68141174316406,101.75109100341797
2023-01-31,142.01266479492188,267.6248779296875,75.1500015258789,103.12999725341797,32.795196533203125,706.2462768554688,490.5788269042969,78.56181335449219,105.99391174316406,338.10906982421875,10.524245262145996,75.53358459472656,414.4524230957031,55.38069152832031,130.35951232910156,56.02977752685547,33.451839447021484,364.185791015625,249.474609375,241.4723358154297,2.2845005989074707,19.517459869384766,3.7895703315734863,36.84731674194336,100.83524322509766,390.7351379394531,153.537109375,136.5843048095703,173.22000122070312,51.5046501159668,472.56719970703125,46.23415756225586,103.94631958007812
2023-02-01,143.13467407226562,271.98858642578125,84.63999938964844,105.1500015258789,33.20189666748047,709.4276123046875,497.0765075683594,77.91172790527344,106.87319946289062,344.61260986328125,10.742364883422852,75.58757781982422,427.0819396972656,56.25517654418945,130.0148468017578,56.03891372680664,33.32090759277344,367.60552978515625,248.42034912109375,246.28599548339844,2.3295891284942627,20.922056198120117,3.912665605545044,36.68878173828125,101.62057495117188,394.8877868652344,157.9432373046875,137.94911193847656,181.41000366210938,51.58528518676758,470.49395751953125,46.491241455078125,102.8083724975586
2023-02-02,148.4396209716797,282.0586853027344,88.30999755859375,112.91000366210938,33.3960075378418,716.9624633789062,503.2489929199219,76.74514770507812,110.60530853271484,345.263916015625,11.155232429504395,73.23896026611328,443.36907958984375,55.176029205322266,129.4094696044922,55.079498291015625,34.43379211425781,368.45068359375,245.56546020507812,257.8329162597656,2.307044744491577,21.68729019165039,4.053345680236816,36.99751281738281,100.844482421875,400.6361389160156,161.45745849609375,136.12933349609375,188.27000427246094,50.66807174682617,445.7196350097656,46.15381622314453,99.59170532226562
2023-02-03,152.06153869628906,277.3784484863281,86.08999633789062,103.38999938964844,33.673309326171875,704.3391723632812,494.9516906738281,76.38003540039062,108.16282653808594,344.4497985839844,10.306126594543457,76.0374984741211,415.521240234375,53.61312484741211,131.41200256347656,54.66831970214844,33.99425506591797,367.4384765625,246.51708984375,251.74273681640625,2.3220746517181396,21.07889747619629,4.079722881317139,36.76387405395508,96.36353302001953,396.3777770996094,157.65785217285156,134.35601806640625,189.97999572753906,50.92005920410156,446.84619140625,45.54001998901367,100.28162384033203
2023-02-06,149.33526611328125,272.83258056640625,83.68000030517578,102.18000030517578,33.61784744262695,690.59033203125,495.7112121582031,75.91694641113281,107.3421630859375,340.96331787109375,10.236018180847168,77.71121978759766,406.92169189453125,52.775856018066406,132.18502807617188,54.97898864746094,33.68563461303711,366.5147705078125,249.95974731445312,250.20314025878906,2.449826717376709,21.067909240722656,3.9038734436035156,36.513553619384766,97.02873992919922,393.9553527832031,155.05337524414062,133.50184631347656,194.75999450683594,50.66807174682617,449.8945007324219,45.20901870727539,100.11138153076172
2023-02-07,152.2091827392578,276.03582763671875,85.91000366210938,102.11000061035156,33.98757553100586,689.1390991210938,496.614990234375,76.5670394897461,109.06166076660156,342.1318664550781,10.477505683898926,77.4322738647461,419.3551940917969,53.11076354980469,133.79638671875,54.88761520385742,33.84461975097656,368.5686340332031,249.41860961914062,260.71722412109375,2.4798851013183594,22.15082550048828,3.859909772872925,36.3717041015625,98.7010269165039,399.1077880859375,155.8739471435547,134.29103088378906,196.80999755859375,49.96253967285156,451.447021484375,45.305419921875,102.96967315673828
2023-02-08,149.52223205566406,273.0531005859375,84.69000244140625,100.05000305175781,33.73801803588867,678.9436645507812,484.38543701171875,79.22078704833984,109.20820617675781,338.6741638183594,10.45413589477539,77.09032440185547,413.5404968261719,51.49203872680664,132.85568237304688,54.56781005859375,33.01230239868164,363.94012451171875,245.20162963867188,259.908447265625,2.4723708629608154,22.18279457092285,3.763193130493164,36.69711685180664,98.21135711669922,394.7435607910156,153.2248992919922,133.5389862060547,201.2899932861328,50.04316329956055,457.44891357421875,45.061187744140625,102.07364654541016
2023-02-09,148.4888153076172,273.4847412109375,83.20999908447266,98.23999786376953,33.017032623291016,666.0226440429688,481.3280029296875,80.20928192138672,107.82088470458984,339.9959411621094,10.508665084838867,76.96435546875,411.57940673828125,51.58507537841797,130.78794860839844,54.4764404296875,32.59146499633789,364.0088806152344,243.18641662597656,256.8780517578125,2.5174591541290283,22.31466293334961,3.6576831340789795,36.16310119628906,98.4713363647461,391.3215026855469,152.8502960205078,134.46742248535156,207.32000732421875,50.244754791259766,459.8250732421875,45.47895812988281,102.45893859863281
2023-02-10,148.85353088378906,272.3338317871094,81.4800033569336,97.61000061035156,32.88763427734375,673.0367431640625,480.712646484375,79.84416198730469,105.57379150390625,339.12432861328125,10.541789054870605,78.01716613769531,405.4803161621094,48.64533233642578,131.36541748046875,54.4764404296875,32.329612731933594,360.4810485839844,244.8284454345703,256.3713073730469,2.502429723739624,21.243730545043945,3.7368152141571045,36.613685607910156,99.43700408935547,392.2347106933594,151.64622497558594,133.15830993652344,196.88999938964844,50.33546447753906,467.890625,46.185951232910156,106.7777099609375
2023-02-13,151.65298461914062,276.54412841796875,83.12999725341797,99.54000091552734,32.952335357666016,685.5017700195312,486.9237060546875,80.03117370605469,105.1830062866211,340.07257080078125,10.8399076461792,78.7280502319336,409.9614562988281,48.775569915771484,132.79049682617188,55.371891021728516,32.79720687866211,364.41180419921875,248.35504150390625,264.38104248046875,2.6527259349823,21.766210556030273,3.7895703315734863,36.705474853515625,100.76481628417969,396.8391418457031,154.589599609375,133.56683349609375,194.63999938964844,52.3009033203125,468.9319763183594,46.88972091674805,106.36238098144531
2023-02-14,151.0122833251953,273.1106872558594,85.94999694824219,99.69999694824219,32.92460250854492,678.2832641601562,483.8182067871094,78.82896423339844,105.1830062866211,332.91766357421875,10.740534782409668,77.09933471679688,413.7659912109375,48.673240661621094,133.37725830078125,54.449031829833984,33.20869064331055,363.556884765625,248.73760986328125,265.2093811035156,2.727874279022217,22.948028564453125,3.7192306518554688,36.48017883300781,100.2634048461914,396.656494140625,153.6292266845703,132.44338989257812,209.25,52.24042892456055,466.54638671875,46.754756927490234,105.1163558959961
2023-02-15,153.1118621826172,275.872802734375,85.18000030517578,101.16000366210938,32.869144439697266,673.669189453125,491.5674133300781,78.67757415771484,106.72664642333984,344.9095764160156,10.70741081237793,76.53242492675781,413.0502014160156,48.58951187133789,133.9361114501953,54.449031829833984,33.40508270263672,363.2424621582031,248.69093322753906,263.08953857421875,2.81805157661438,22.741233825683594,3.7544002532958984,36.146419525146484,101.21052551269531,397.9446716308594,157.982177734375,130.8836212158203,214.24000549316406,51.98845291137695,465.0506591796875,47.10182189941406,104.80034637451172
2023-02-16,151.51499938964844,269.7060546875,80.08000183105469,98.1500015258789,32.61033630371094,663.2598876953125,484.664306640625,78.33917999267578,103.39510345458984,341.77740478515625,10.690849304199219,75.03868103027344,400.4205627441406,50.329166412353516,132.0919189453125,54.1109504699707,33.115169525146484,361.1885681152344,248.00979614257812,256.08538818359375,2.8330814838409424,21.97999382019043,3.7721941471099854,35.837684631347656,99.8548583984375,392.4653625488281,156.65386962890625,132.4898223876953,202.0399932861328,51.242591857910156,461.358642578125,46.362693786621094,104.49337005615234
2023-02-17,150.37158203125,265.7067565917969,78.5,97.19999694824219,32.67503356933594,666.1994018554688,487.9139709472656,78.88240051269531,102.79914855957031,342.2851257324219,10.674288749694824,76.2714614868164,396.5179748535156,49.32444763183594,132.4831085205078,54.93330383300781,33.06841278076172,354.87969970703125,251.89097595214844,252.0900115966797,2.7654483318328857,21.36661148071289,3.7988836765289307,36.05462646484375,99.44629669189453,391.48492431640625,155.4691619873047,132.6291046142578,208.30999755859375,51.605438232421875,472.4630432128906,47.06003952026367,100.47540283203125
2023-02-21,146.35964965820312,258.1302490234375,76.7699966430664,94.58000183105469,31.907838821411133,647.2133178710938,482.395263671875,78.02749633789062,99.74115753173828,335.4559326171875,10.102892875671387,76.16346740722656,388.5558776855469,43.8822021484375,130.05215454101562,54.64091110229492,31.57210350036621,349.7991638183594,250.5475311279297,246.82469177246094,2.7654483318328857,20.63434410095215,3.665433645248413,35.62908935546875,97.29210662841797,383.6313781738281,149.1864776611328,129.2216796875,197.3699951171875,51.87757873535156,465.107421875,47.34606170654297,100.37611389160156
2023-02-22,146.7835235595703,258.5905456542969,76.61000061035156,95.79000091552734,31.69524574279785,639.455078125,478.2129821777344,77.66238403320312,99.34059143066406,333.76055908203125,10.111175537109375,75.13763427734375,398.4791564941406,43.28680419921875,129.05551147460938,54.805381774902344,31.422473907470703,348.8263244628906,250.63148498535156,245.6915283203125,2.727874279022217,20.733245849609375,3.7010207176208496,35.362083435058594,97.28279876708984,383.1026916503906,148.73773193359375,128.72959899902344,200.86000061035156,51.686073303222656,462.8164978027344,46.35306167602539,99.07591247558594
2023-02-23,147.26651000976562,260.1250915527344,79.75,95.81999969482422,31.667510986328125,643.5759887695312,474.1268615722656,77.35961151123047,99.38943481445312,294.8731994628906,9.9952392578125,74.27378845214844,403.8721618652344,43.39844512939453,130.0894012451172,54.90589141845703,31.45987892150879,349.3766174316406,248.89610290527344,248.87611389160156,2.8856852054595947,23.64033317565918,3.745504140853882,35.295326232910156,96.11285400390625,385.14056396484375,148.54026794433594,129.00811767578125,202.07000732421875,51.56098556518555,465.4671325683594,45.662132263183594,99.98784637451172
2023-02-24,144.6149444580078,255.61746215820312,78.08999633789062,93.5,31.621294021606445,635.7528686523438,469.7715148925781,76.38003540039062,97.99234008789062,284.92156982421875,9.837900161743164,72.58207702636719,411.64801025390625,41.67738723754883,131.26295471191406,54.67746353149414,31.39442253112793,347.0083312988281,246.0039520263672,243.4545440673828,2.855625867843628,23.262714385986328,3.896746873855591,34.836402893066406,94.33934020996094,381.0263671875,149.85064697265625,126.3156509399414,196.8800048828125,51.13384246826172,458.4997253417969,45.78425598144531,99.99687957763672
2023-02-27,145.80763244628906,255.34902954101562,78.7699966430664,93.76000213623047,31.621294021606445,635.4085083007812,468.25238037109375,75.55184936523438,98.13888549804688,283.1591796875,9.986957550048828,72.78903198242188,404.5977783203125,41.62157440185547,132.4086151123047,54.65918731689453,31.36636734008789,349.3275146484375,247.03028869628906,244.37277221679688,3.193791627883911,23.477497100830078,3.932335138320923,34.02702713012695,95.11932373046875,382.32403564453125,149.71600341796875,126.50132751464844,207.6300048828125,51.35758972167969,457.5435791015625,45.4532470703125,99.8163070678711
2023-02-28,145.30494689941406,254.67764282226562,78.58000183105469,94.2300033569336,31.704490661621094,641.334228515625,465.5122375488281,74.39417266845703,97.3182144165039,281.6075439453125,9.9952392578125,72.465087890625,399.2635803222656,41.34248352050781,133.5169677734375,54.37592315673828,31.403778076171875,349.1407775878906,247.64013671875,243.64990234375,3.3290579319000244,23.19278335571289,3.861161708831787,33.851802825927734,94.79432678222656,380.9110107421875,151.2328338623047,126.19493865966797,205.7100067138672,50.77790832519531,450.5571594238281,45.67498779296875,99.23844146728516
2023-03-01,143.2349395751953,252.7978973388672,78.29000091552734,92.16999816894531,31.556591033935547,633.0829467773438,460.2146911621094,73.4413070678711,96.2728271484375,289.0018310546875,10.202265739440918,71.61923217773438,393.46844482421875,42.542572021484375,132.7718505859375,53.78200149536133,31.469240188598633,347.3818054199219,246.52354431152344,240.57276916503906,3.3290579319000244,22.67530059814453,4.092473983764648,33.52638626098633,94.1814956665039,379.44989013671875,145.75791931152344,126.76128387451172,202.77000427246094,50.73722839355469,449.8755798339844,45.038692474365234,100.123291015625
2023-03-02,143.8263702392578,254.39950561523438,80.44000244140625,92.12999725341797,31.156557083129883,638.0597534179688,466.9641418457031,72.5151596069336,96.64408874511719,292.4403381347656,10.392731666564941,71.64622497558594,392.5859375,43.78916549682617,131.39337158203125,54.56781005859375,31.72173309326172,349.4158630371094,251.07456970214844,245.30081176757812,3.3816616535186768,23.29068374633789,4.056888103485107,33.89352035522461,95.64859008789062,382.40093994140625,148.93515014648438,127.44834899902344,190.89999389648438,51.25588607788086,452.2232971191406,45.15116882324219,100.58377838134766
2023-03-03,148.87326049804688,258.1781921386719,81.5199966430664,94.9000015258789,31.77987289428711,646.7388305664062,456.93621826171875,72.85357666015625,98.81300354003906,291.90399169921875,10.831625938415527,72.95101165771484,400.5774841308594,44.1519889831543,133.8057098388672,54.311973571777344,31.964889526367188,355.2432556152344,252.4820556640625,249.38406372070312,3.4117212295532227,23.866106033325195,4.0479912757873535,34.33575439453125,97.07853698730469,388.5338439941406,148.98902893066406,129.82518005371094,197.7899932861328,50.68637466430664,453.03741455078125,45.20580291748047,101.85686492919922
2023-03-06,151.63328552246094,258.5905456542969,81.16000366210938,93.75,31.71474838256836,645.0054321289062,464.4546813964844,73.8865737915039,98.34406280517578,302.97637939453125,10.748814582824707,72.98700714111328,404.6860046386719,44.579917907714844,133.02334594726562,55.15259552001953,31.57210350036621,360.5793151855469,253.955322265625,250.9275360107422,3.298999547958374,23.530445098876953,3.665433645248413,34.30238342285156,97.4870834350586,388.8030090332031,148.27099609375,130.10372924804688,193.80999755859375,50.340606689453125,455.1390380859375,45.19937515258789,102.759765625
2023-03-07,149.4351348876953,253.3828887939453,82.11000061035156,93.55000305175781,30.700695037841797,632.1406860351562,466.44488525390625,71.6424560546875,96.7808609008789,297.737060546875,10.624600410461426,72.24011993408203,401.33258056640625,43.32401657104492,129.11141967773438,54.83279037475586,31.374664306640625,353.71026611328125,250.66171264648438,248.27044677734375,3.3140289783477783,23.26866340637207,3.6387438774108887,33.659889221191406,95.95498657226562,382.84320068359375,146.1349334716797,129.1288299560547,187.7100067138672,49.50667953491211,448.6070251464844,44.74946594238281,100.77338409423828
2023-03-08,150.68698120117188,252.864990234375,85.37000274658203,93.91999816894531,30.29136085510254,631.8595581054688,467.3006286621094,71.07252502441406,97.0153579711914,298.9631042480469,10.748814582824707,72.16813659667969,408.5690612792969,43.7054443359375,128.34767150878906,54.86020278930664,31.87297248840332,352.8160705566406,248.9726104736328,247.83087158203125,3.3816616535186768,24.160919189453125,3.6565370559692383,33.476318359375,95.1750259399414,383.46795654296875,146.75416564941406,129.71377563476562,182.0,49.6795654296875,445.501953125,44.37989807128906,99.30165100097656
2023-03-09,148.43951416015625,249.12469482421875,84.02999877929688,92.25,28.41210174560547,610.2343139648438,461.031982421875,68.57015228271484,93.92803955078125,296.0801086425781,10.309919357299805,71.04331970214844,396.7140808105469,38.77486038208008,121.39937591552734,54.33024215698242,31.10200309753418,348.30548095703125,245.50074768066406,246.48281860351562,3.2313661575317383,23.41653823852539,3.5942602157592773,32.92560958862305,93.13224792480469,376.39306640625,144.17825317382812,128.60891723632812,172.9199981689453,49.55752944946289,440.1153869628906,44.08103942871094,98.53416442871094
2023-03-10,146.37939453125,242.59349060058594,82.66999816894531,90.7300033569336,28.160911560058594,595.0083618164062,452.9750671386719,68.6592025756836,91.41718292236328,287.498046875,10.0200834274292,71.53823852539062,384.9768371582031,37.64919662475586,124.48233795166016,54.101806640625,30.810537338256836,341.1023254394531,245.8760986328125,242.839111328125,3.1712472438812256,22.94593048095703,3.451913595199585,32.86720657348633,92.27798461914062,370.9619140625,141.9703826904297,128.09828186035156,173.44000244140625,49.56769561767578,437.3318176269531,44.01676940917969,97.31524658203125
2023-03-13,148.32125854492188,241.02066040039062,82.01000213623047,92.43000030517578,26.523540496826172,586.33203125,453.80194091796875,67.92898559570312,90.4695053100586,289.8255615234375,9.962115287780762,71.5472412109375,383.947265625,37.31428909301758,122.24694061279297,54.650047302246094,29.202789306640625,338.7438659667969,246.86131286621094,248.0458221435547,3.0699548721313477,22.946929931640625,3.211702346801758,33.259368896484375,91.99942779541016,370.4332275390625,141.73703002929688,127.30908203125,174.47999572753906,49.97449493408203,440.5143737792969,44.14530944824219,96.19564819335938
2023-03-14,150.41094970703125,242.1427459716797,87.44999694824219,94.87999725341797,26.75612449645996,597.6319580078125,463.3394470214844,67.28780364990234,91.2120132446289,295.3262023925781,9.879304885864258,72.4647445678711,400.36175537109375,37.62128829956055,125.38579559326172,54.85106658935547,28.704479217529297,346.7135314941406,249.5074462890625,254.75685119628906,3.186831474304199,24.043014526367188,3.3540499210357666,33.29275131225586,92.35228729248047,376.5564880371094,142.14089965820312,126.89126586914062,183.25999450683594,50.51349639892578,441.3694763183594,44.37989807128906,96.55681610107422
2023-03-15,150.80528259277344,236.09109497070312,89.68000030517578,96.19999694824219,26.50493621826172,591.9257202148438,466.9352111816406,67.14531707763672,90.95799255371094,300.61541748046875,9.697120666503906,72.35574340820312,398.42022705078125,36.597957611083984,119.46205139160156,55.21656036376953,27.952312469482422,342.0555114746094,249.92034912109375,259.29931640625,3.0154123306274414,24.2078800201416,3.345153331756592,33.60982131958008,92.24085235595703,374.2013854980469,142.82302856445312,124.02237701416016,180.4499969482422,49.86262130737305,442.177001953125,44.874794006347656,91.75334930419922
2023-03-16,153.62440490722656,242.56472778320312,96.5999984741211,100.04000091552734,26.951488494873047,596.83544921875,468.4735412597656,67.52824401855469,92.12061309814453,301.90399169921875,9.788212776184082,72.53742980957031,410.020263671875,37.0165901184082,121.78126525878906,55.52040481567383,28.6574649810791,341.9769592285156,253.8896026611328,269.8103942871094,2.8829524517059326,25.519790649414062,3.336256742477417,33.68491744995117,93.25296783447266,380.7668151855469,146.34129333496094,126.17635345458984,184.1300048828125,50.56433868408203,448.437744140625,44.619876861572266,91.22061920166016
2023-03-17,152.7865447998047,239.76426696777344,97.83999633789062,98.94999694824219,25.881620407104492,596.5825805664062,468.2716064453125,66.22809600830078,91.05569458007812,298.7593994140625,9.357597351074219,70.23003387451172,405.6470031738281,36.12350845336914,117.18012237548828,55.262596130371094,28.234375,343.6082458496094,250.7273406982422,272.96563720703125,2.8673691749572754,25.703641891479492,3.2561864852905273,33.459625244140625,91.64659118652344,376.3146057128906,143.0294647216797,123.92952728271484,180.1300048828125,49.984657287597656,446.04364013671875,44.981285095214844,90.14616394042969
2023-03-20,155.15231323242188,242.20989990234375,96.80999755859375,97.70999908447266,25.81649398803711,603.0007934570312,470.42523193359375,66.77130889892578,92.0522232055664,305.0198059082031,9.258225440979004,72.18313598632812,403.8330383300781,35.965354919433594,118.41889190673828,55.796627044677734,28.28138542175293,343.27410888671875,254.04908752441406,265.9321594238281,3.0232040882110596,25.87849235534668,3.336256742477417,34.052059173583984,92.71440887451172,379.9331359863281,146.51185607910156,125.46146392822266,183.25,50.838924407958984,453.1309509277344,45.465293884277344,92.50275421142578
2023-03-21,157.0054473876953,247.07228088378906,95.93000030517578,100.61000061035156,26.597965240478516,620.4193115234375,471.92510986328125,67.28780364990234,94.31884765625,305.4621887207031,9.705402374267578,71.8924331665039,413.8248596191406,36.78402328491211,121.59498596191406,55.53881072998047,29.183982849121094,348.4331970214844,253.5517578125,267.4463806152344,3.2569570541381836,26.177242279052734,3.3540499210357666,33.92689895629883,93.35508728027344,384.9218444824219,146.03619384765625,126.06495666503906,197.5800018310547,51.418609619140625,456.11407470703125,45.3104133605957,96.64710235595703
2023-03-22,155.57615661621094,242.900390625,97.58000183105469,98.69999694824219,25.714160919189453,607.4608154296875,468.7234802246094,66.26370239257812,92.7165756225586,300.30767822265625,9.5066556930542,70.68424224853516,406.1568603515625,35.816505432128906,118.45613861083984,55.290225982666016,28.28138542175293,344.95452880859375,251.3560333251953,265.99078369140625,3.194622755050659,26.44602394104004,3.2828760147094727,33.38452911376953,92.03658294677734,378.3602600097656,141.33311462402344,125.8699722290039,191.14999389648438,51.82539749145508,451.7629089355469,45.0200080871582,94.43498229980469
2023-03-23,156.66043090820312,260.5374450683594,100.27999877929688,98.70999908447266,25.090843200683594,610.7028198242188,468.9542541503906,64.44703674316406,93.62518310546875,303.3368835449219,9.4569730758667,71.54724884033203,424.0814514160156,37.27707290649414,118.13947296142578,55.17051696777344,27.848892211914062,348.2366943359375,252.9981231689453,271.236572265625,3.140080451965332,27.168420791625977,3.15832257270813,33.52638626098633,91.38660430908203,379.38311767578125,140.12147521972656,126.14851379394531,192.22000122070312,51.84573745727539,446.4331359863281,45.3846321105957,93.36953735351562
2023-03-24,157.96157836914062,260.863525390625,97.94999694824219,98.12999725341797,25.249000549316406,604.237548828125,476.1747131347656,65.23961639404297,91.91544342041016,299.5672302246094,9.531500816345215,72.6737060546875,421.2182312011719,37.48174285888672,116.34185791015625,56.072845458984375,27.85828971862793,345.544189453125,254.60267639160156,274.0793151855469,3.14787220954895,26.75676155090332,3.0871496200561523,33.70161056518555,91.31231689453125,381.8726501464844,140.2112579345703,126.87271118164062,190.41000366210938,52.262699127197266,452.20941162109375,45.75570297241211,93.4778823852539
2023-03-27,156.0197296142578,262.74322509765625,96.61000061035156,98.04000091552734,26.50493621826172,607.4608154296875,474.20367431640625,65.51567077636719,93.42001342773438,309.8665771484375,9.53978157043457,72.29215240478516,418.6393737792969,37.007286071777344,119.67628479003906,56.48716735839844,28.347198486328125,348.482421875,256.9579772949219,269.9862060546875,3.1167051792144775,26.508970260620117,3.336256742477417,33.559757232666016,91.60945892333984,382.5867004394531,143.0474395751953,127.16053009033203,191.80999755859375,52.588134765625,457.8241882324219,46.52045822143555,95.52750396728516
2023-03-28,155.39869689941406,263.7406921386719,94.55999755859375,97.23999786376953,26.160720825195312,605.5118408203125,468.00238037109375,65.11494445800781,92.63842010498047,311.79949951171875,9.606029510498047,73.55486297607422,411.1773681640625,38.6539192199707,120.03953552246094,56.55162811279297,28.798498153686523,348.1973876953125,258.8441162109375,268.8628234863281,3.038787603378296,26.3880672454834,3.3095664978027344,33.36784744262695,91.66517639160156,381.7279052734375,143.39743041992188,128.0611114501953,189.19000244140625,52.761024475097656,448.9697570800781,46.33975601196289,96.71932983398438
2023-03-29,158.47415161132812,268.4784240722656,96.08999633789062,100.25,26.672393798828125,615.7998046875,471.9443359375,65.97872161865234,94.6412582397461,315.0210876464844,9.978677749633789,73.84555053710938,424.865966796875,38.30970764160156,120.28169250488281,56.95675277709961,29.5600643157959,353.3074035644531,260.3360595703125,274.0206298828125,3.093330144882202,26.961589813232422,3.318462610244751,33.58478546142578,93.42938995361328,387.2762756347656,141.9075469970703,129.67662048339844,193.8800048828125,52.52711486816406,443.279052734375,46.5398063659668,98.38068389892578
2023-03-30,160.04148864746094,271.0870361328125,97.87999725341797,102.0,26.328170776367188,619.379150390625,472.53082275390625,66.52195739746094,95.84295654296875,315.08837890625,10.177421569824219,73.99089050292969,431.53369140625,41.30527114868164,119.91844940185547,56.947540283203125,29.917339324951172,353.0420837402344,260.6644592285156,277.478759765625,3.0699548721313477,27.360260009765625,3.3540499210357666,33.693275451660156,94.0793685913086,389.5438537597656,143.84617614746094,131.9889373779297,195.27999877929688,52.86272048950195,446.5757141113281,47.00447082519531,98.85921478271484
2023-03-31,162.54518127441406,274.1081237792969,98.01000213623047,103.29000091552734,26.607271194458008,626.9498291015625,477.7129821777344,66.17465209960938,97.82624816894531,317.2232360839844,10.434136390686035,75.37169647216797,437.1620788574219,40.830814361572266,121.3714370727539,57.11327362060547,30.594289779663086,357.1202087402344,262.37225341796875,281.6304016113281,3.085537910461426,27.753934860229492,3.4608101844787598,34.04372024536133,96.68852996826172,395.03436279296875,148.65692138671875,133.94581604003906,207.4600067138672,52.81187057495117,448.97930908203125,47.57883834838867,99.0127182006836
2023-04-03,163.79702758789062,274.1368713378906,96.55999755859375,102.41000366210938,26.597965240478516,624.4107055664062,477.8668212890625,67.75977325439453,97.46476745605469,319.77166748046875,10.500384330749512,75.6169662475586,432.10247802734375,39.44467544555664,121.23174285888672,57.45395278930664,29.795114517211914,360.12725830078125,264.746337890625,280.5851745605469,2.711533546447754,27.941776275634766,3.4074299335479736,34.50263595581055,97.35708618164062,396.5396728515625,149.04287719726562,134.56027221679688,194.77000427246094,53.59494400024414,469.5001525878906,47.97895812988281,104.8545150756836
2023-04-04,163.2647705078125,274.1368713378906,95.87000274658203,103.94999694824219,26.030471801757812,617.5707397460938,478.5398864746094,67.90227508544922,97.27912902832031,316.3578186035156,10.533509254455566,74.59954071044922,431.2591552734375,38.9237060546875,119.61107635498047,57.279014587402344,29.823318481445312,357.60174560546875,264.8775939941406,280.53631591796875,2.7271173000335693,27.430200576782227,3.4074299335479736,34.127159118652344,96.56783294677734,394.3396301269531,149.03390502929688,134.37120056152344,192.5800018310547,53.83902359008789,468.6070556640625,47.507850646972656,103.852294921875
2023-04-05,161.42144775390625,269.8115539550781,92.55999755859375,101.0999984741211,25.714160919189453,614.6941528320312,477.9629821777344,69.23804473876953,97.61132049560547,315.7903747558594,10.29335880279541,75.98941802978516,430.6119384765625,38.24381637573242,119.7894287109375,57.822235107421875,29.691692352294922,358.0545349121094,264.6336364746094,277.7620544433594,2.76607608795166,26.858678817749023,3.2650833129882812,34.66951370239258,97.40351867675781,393.30706787109375,148.30691528320312,132.74520874023438,185.52000427246094,54.2254753112793,483.7887878417969,48.29518508911133,105.63101196289062
2023-04-06,162.3086395263672,270.16644287109375,92.47000122070312,102.05999755859375,25.900224685668945,615.0315551757812,467.24285888671875,69.05104064941406,97.66993713378906,317.9060363769531,10.21054744720459,75.73505401611328,438.853515625,38.48933029174805,119.65802764892578,57.85906982421875,29.70109748840332,355.7710876464844,265.4500732421875,284.8540954589844,2.6569912433624268,27.01454734802246,3.2828760147094727,34.6277961730957,97.19924926757812,394.84130859375,148.61207580566406,131.27992248535156,185.05999755859375,54.489891052246094,487.1898498535156,48.65980529785156,103.87937927246094
2023-04-10,159.71617126464844,270.1472473144531,95.4800033569336,102.16999816894531,25.99325942993164,618.2360229492188,474.7901916503906,67.71524810791016,98.4906005859375,317.06939697265625,10.533509254455566,75.03557586669922,436.8495788574219,37.743343353271484,120.05228424072266,57.7209587097168,30.24641227722168,354.4620056152344,266.2852478027344,282.6952209472656,2.719325542449951,27.556100845336914,3.327359676361084,34.819705963134766,97.25496673583984,395.2466125488281,151.6815643310547,130.46693420410156,184.50999450683594,54.489891052246094,489.4414978027344,48.56623077392578,103.41889953613281
2023-04-11,158.50375366210938,274.6068420410156,94.02999877929688,99.91999816894531,26.70960807800293,627.4745483398438,479.42437744140625,67.93788146972656,98.10957336425781,319.6947326660156,10.657723426818848,74.9810791015625,429.7574157714844,37.78111267089844,120.6436767578125,57.61967849731445,30.75412368774414,358.38916015625,266.9420166015625,276.2870178222656,2.711533546447754,27.146438598632812,3.38073992729187,34.86977767944336,98.1834945678711,395.352783203125,152.2021484375,130.06988525390625,186.7899932861328,54.2254753112793,494.9421081542969,48.42424774169922,104.15023803710938
2023-04-12,157.81375122070312,273.2107849121094,92.33000183105469,97.83000183105469,26.49563217163086,623.9984130859375,470.48297119140625,66.71788024902344,95.6866455078125,313.9247741699219,10.492103576660156,74.63587951660156,427.3900146484375,34.89158248901367,120.62488555908203,57.7209587097168,30.312232971191406,356.07623291015625,267.71142578125,276.9316711425781,2.711533546447754,26.47300148010254,3.273979902267456,34.51932907104492,98.0534896850586,393.74127197265625,146.75416564941406,128.9827423095703,180.5399932861328,54.337337493896484,495.15118408203125,48.18870162963867,104.04190826416016
2023-04-13,163.19577026367188,274.6645812988281,92.08999633789062,102.4000015258789,26.570058822631836,628.4585571289062,478.69366455078125,67.16313171386719,98.51991271972656,319.8486328125,10.31820011138916,75.64421844482422,433.9910888671875,35.36372375488281,121.08486938476562,58.144500732421875,30.28402328491211,363.8221130371094,271.2490539550781,283.1347961425781,2.7816593647003174,26.441022872924805,3.3629467487335205,34.602760314941406,99.34415435791016,398.9712829589844,146.5387725830078,129.7295684814453,185.89999389648438,55.028900146484375,499.9394226074219,48.23710250854492,104.52947235107422
2023-04-14,162.8507537841797,268.868408203125,91.75,102.51000213623047,27.463172912597656,647.76025390625,472.35772705078125,66.52195739746094,97.6015396118164,317.7137451171875,10.367888450622559,75.3989486694336,433.8044738769531,34.797149658203125,130.22793579101562,58.052425384521484,29.776309967041016,366.5582580566406,271.1646423339844,279.52044677734375,2.7816593647003174,26.73577880859375,3.398533344268799,34.369136810302734,99.78985595703125,397.9967041015625,144.50140380859375,128.52899169921875,185.0,54.489891052246094,486.2208557128906,47.91119384765625,104.78228759765625
2023-04-17,162.8704833984375,269.5712585449219,89.87000274658203,102.73999786376953,28.25394630432129,654.3471069335938,474.89599609375,67.50154113769531,97.99234008789062,317.252197265625,10.500384330749512,75.97124481201172,432.30157470703125,35.930301666259766,131.2605438232422,58.429927825927734,30.3780460357666,366.8830871582031,271.4742736816406,282.11883544921875,2.992037057876587,26.979578018188477,3.4697065353393555,34.36079406738281,100.56983184814453,399.4247741699219,146.02720642089844,130.2211456298828,187.0399932861328,54.69329071044922,480.10260009765625,48.24678421020508,103.5633544921875
2023-04-18,164.09278869628906,269.552001953125,89.77999877929688,102.30000305175781,28.430707931518555,650.2900390625,477.7418518066406,67.80430603027344,98.60784149169922,314.1747741699219,10.541789054870605,76.10751342773438,434.7573547363281,35.62812423706055,132.73431396484375,58.52200698852539,30.14299201965332,366.449951171875,272.9756164550781,281.6988830566406,3.054370880126953,27.644023895263672,3.398533344268799,33.835105895996094,100.19841766357422,399.6853332519531,145.75791931152344,129.54994201660156,184.30999755859375,54.69329071044922,479.2760314941406,48.3532600402832,105.58587646484375
2023-04-19,165.2362060546875,269.4942321777344,89.94000244140625,104.30000305175781,27.965545654296875,651.4236450195312,476.9054260253906,66.08560943603516,96.47801208496094,313.1747131347656,10.11945629119873,76.40730285644531,437.6059875488281,35.03322219848633,132.56536865234375,58.63249206542969,30.509675979614258,366.9224548339844,273.3134460449219,281.7769775390625,2.9374945163726807,27.907804489135742,3.398533344268799,33.576454162597656,99.50202178955078,399.6177978515625,145.8566131591797,127.86723327636719,180.58999633789062,54.77464294433594,461.90936279296875,48.40489196777344,105.25179290771484
2023-04-20,164.27017211914062,265.3059387207031,90.11000061035156,103.80999755859375,27.816694259643555,652.4918823242188,486.0871887207031,65.76687622070312,95.81364440917969,310.5204162597656,9.829619407653809,76.9341812133789,439.4821472167969,34.17391586303711,132.1804656982422,58.890296936035156,30.28402328491211,369.08782958984375,273.0600891113281,279.4910583496094,2.843993663787842,27.081493377685547,3.327359676361084,33.25102615356445,99.3998794555664,397.4370422363281,143.8551788330078,126.4870376586914,162.99000549316406,55.201778411865234,463.10638427734375,48.714664459228516,104.41209411621094
2023-04-21,162.66351318359375,266.05694580078125,88.43000030517578,106.95999908447266,27.78878402709961,638.0249633789062,486.82745361328125,65.39875030517578,97.27912902832031,317.848388671875,9.779932022094727,78.64201354980469,438.4998474121094,33.64511489868164,131.92703247070312,58.973167419433594,30.227611541748047,369.323974609375,274.0547180175781,279.149169921875,2.7894511222839355,27.096481323242188,3.3095664978027344,33.551414489746094,100.45841217041016,397.7458190917969,145.56045532226562,127.30948638916016,165.0800018310547,55.43568420410156,459.64825439453125,48.95989990234375,104.74616241455078
2023-04-24,162.96905517578125,266.9427490234375,87.56999969482422,106.20999908447266,27.68644905090332,631.7003173828125,491.7020568847656,65.93746185302734,97.38660430908203,317.6079406738281,10.069768905639648,78.76010131835938,434.4920959472656,32.74803924560547,132.10537719726562,58.88109588623047,30.23701286315918,368.8219909667969,275.12445068359375,275.2514953613281,2.9374945163726807,27.019542694091797,3.2650833129882812,33.30109405517578,101.47981262207031,398.16070556640625,147.1400909423828,127.47019958496094,162.5500030517578,55.47636413574219,464.5124816894531,49.292259216308594,106.7235336303711
2023-04-25,161.4313507080078,260.63629150390625,83.80000305175781,102.56999969482422,26.830549240112305,618.1329345703125,483.7701416015625,65.42568969726562,95.75503540039062,316.9925231933594,9.868541717529297,77.75174713134766,412.40008544921875,31.822633743286133,129.23292541503906,58.78902053833008,29.419036865234375,362.71978759765625,273.53863525390625,269.0483703613281,2.8284101486206055,26.21921157836914,3.167219400405884,32.817142486572266,101.52622985839844,391.84039306640625,141.45875549316406,126.21287536621094,160.6699981689453,55.62890625,467.3435363769531,48.90827560424805,105.20664978027344
2023-04-26,161.42144775390625,261.1272888183594,85.94000244140625,104.9800033569336,26.458419799804688,609.6626586914062,475.5882568359375,64.87801361083984,94.38724517822266,326.0321350097656,9.675697326660156,76.07117462158203,406.3785400390625,32.32310485839844,126.94242858886719,58.51279067993164,29.052350997924805,360.9776916503906,271.89654541015625,288.536865234375,2.7349088191986084,26.933616638183594,3.0337696075439453,32.23305892944336,103.50401306152344,390.1806945800781,139.52017211914062,126.69500732421875,153.75,55.31364440917969,458.82171630859375,48.6953010559082,104.24053955078125
2023-04-27,166.00511169433594,265.20965576171875,87.44000244140625,109.81999969482422,26.87706184387207,620.915771484375,481.9433898925781,65.59626770019531,97.63085174560547,304.9813537597656,9.734389305114746,75.89859771728516,421.56500244140625,32.81413650512695,128.65087890625,58.63249206542969,28.093345642089844,367.7787780761719,276.55078125,297.77801513671875,2.7271173000335693,27.203393936157227,3.202806234359741,32.32484436035156,104.6925277709961,397.948486328125,141.9434814453125,130.00372314453125,160.19000244140625,56.43232345581055,465.966064453125,48.84695816040039,105.48655700683594
2023-04-28,167.25692749023438,269.8697204589844,89.37000274658203,105.44999694824219,27.239892959594727,628.8987426757812,483.8182067871094,65.82073211669922,100.1417236328125,305.2986755371094,9.960771560668945,74.68128967285156,436.09326171875,33.730106353759766,129.76797485351562,59.06523513793945,28.478830337524414,374.03851318359375,277.51727294921875,300.1518249511719,2.750492572784424,27.72595977783203,3.1227364540100098,32.45000457763672,106.12248229980469,401.34503173828125,141.58445739746094,129.82411193847656,164.30999755859375,56.4730110168457,467.50506591796875,48.714664459228516,106.84994506835938
2023-05-01,167.16824340820312,269.0321044921875,89.69000244140625,102.05000305175781,27.016616821289062,621.1874389648438,474.5594482421875,66.34149169921875,99.85839080810547,299.317138671875,10.11169147491455,73.96365356445312,434.6787109375,33.512916564941406,132.5465850830078,59.20335388183594,28.760887145996094,373.8711242675781,279.2344665527344,298.49114990234375,2.7037417888641357,28.8859920501709,3.0070791244506836,32.717010498046875,106.37317657470703,400.9397277832031,141.01901245117188,129.21908569335938,161.8300018310547,56.279781341552734,470.9346618652344,48.91472625732422,103.53626251220703
2023-05-02,166.13319396972656,266.4516906738281,89.91000366210938,103.62999725341797,26.19792938232422,610.4029541015625,475.732421875,65.3269271850586,98.28543853759766,299.6440734863281,9.893694877624512,73.07339477539062,428.7358093261719,32.32310485839844,130.40634155273438,58.93634033203125,28.168556213378906,370.1015930175781,279.6942443847656,298.3445739746094,2.6491994857788086,28.186573028564453,2.9448018074035645,32.591854095458984,106.28032684326172,396.4334716796875,139.76246643066406,127.772705078125,160.30999755859375,56.371307373046875,468.7401123046875,48.78242492675781,99.40998840332031
2023-05-03,165.0587615966797,264.94970703125,81.62000274658203,103.6500015258789,25.918834686279297,601.92333984375,471.1655578613281,62.920711517333984,98.53945922851562,302.78875732421875,9.885310173034668,72.17406463623047,422.0462951660156,32.74803924560547,127.64649200439453,58.60487365722656,28.948928833007812,368.9892883300781,277.0199279785156,297.3580017089844,2.6102406978607178,27.778915405273438,2.918112277984619,32.08286666870117,96.53070068359375,393.7123718261719,138.7303009033203,128.16029357910156,160.61000061035156,56.43232345581055,464.9874572753906,48.60171890258789,97.45068359375
2023-05-04,163.42247009277344,256.5923767089844,86.61000061035156,104.0,25.10944938659668,591.8506469726562,472.4180603027344,61.762489318847656,95.20790100097656,299.4710388183594,9.692466735839844,71.32920837402344,414.9737243652344,33.78675842285156,125.90048217773438,58.6693229675293,27.53862190246582,370.1900939941406,276.963623046875,298.3445739746094,2.6024487018585205,27.53911018371582,2.571141242980957,31.899293899536133,97.23638916015625,390.92376708984375,136.89935302734375,127.53636932373047,161.1999969482422,56.35097122192383,462.9353332519531,48.737762451171875,95.74419403076172
2023-05-05,171.0913848876953,255.7740020751953,89.83999633789062,105.66000366210938,25.779279708862305,603.8628540039062,480.8193359375,63.45942306518555,98.207275390625,299.1825256347656,10.053000450134277,72.44659423828125,418.4117736816406,33.881187438964844,128.3599395751953,58.9455451965332,27.88649559020996,378.5954895019531,278.3148498535156,303.4633483886719,2.7037417888641357,28.65618324279785,2.6690051555633545,32.11623764038086,99.5484390258789,398.16070556640625,140.28302001953125,130.02261352539062,170.05999755859375,56.50352096557617,469.5856628417969,49.158843994140625,98.12786865234375
2023-05-08,171.0223846435547,254.974853515625,95.04000091552734,105.83000183105469,25.760677337646484,602.6072387695312,480.8193359375,62.56156921386719,100.60091400146484,297.0957336425781,10.078154563903809,71.392822265625,419.3351745605469,33.90007400512695,128.66969299316406,58.85346221923828,27.820688247680664,379.43206787109375,278.39935302734375,301.5096130371094,2.672574996948242,29.12679100036621,2.6690051555633545,32.26642608642578,99.51129150390625,398.266845703125,140.46253967285156,130.2778778076172,171.7899932861328,56.25944137573242,468.0085144042969,49.466548919677734,98.51611328125
2023-05-09,169.31710815429688,253.68467712402344,95.05999755859375,106.62000274658203,25.732770919799805,595.5143432617188,482.486083984375,62.82194519042969,99.82908630371094,296.8072204589844,9.944002151489258,71.58357238769531,420.1112060546875,33.63566970825195,128.05010986328125,58.365474700927734,27.85828971862793,376.902587890625,278.37115478515625,299.8978271484375,2.711533546447754,28.547273635864258,2.820248603820801,32.1078987121582,99.08417510986328,396.5203552246094,141.28826904296875,133.15170288085938,169.14999389648438,55.75094223022461,465.8805236816406,49.550758361816406,98.54319763183594
2023-05-10,171.08152770996094,258.8935852050781,97.0199966430664,110.19000244140625,25.416458129882812,589.527099609375,481.3974609375,62.5885009765625,98.81300354003906,295.124267578125,9.969156265258789,70.9567642211914,423.8832092285156,33.14463806152344,128.1158447265625,58.466758728027344,27.49161148071289,376.5089111328125,278.28668212890625,305.0849609375,2.750492572784424,28.86101531982422,2.7757656574249268,31.957706451416016,99.32559967041016,398.37298583984375,141.5664825439453,135.74195861816406,168.5399932861328,55.04922866821289,465.5859375,49.41148376464844,97.27912902832031
2023-05-11,171.26882934570312,262.14788818359375,97.0999984741211,112.18000030517578,25.481578826904297,601.557861328125,483.54595947265625,61.92411422729492,90.1861801147461,295.1628112792969,9.952386856079102,71.49273681640625,417.37054443359375,35.53369903564453,127.7121810913086,58.79822540283203,27.237756729125977,377.34552001953125,276.6164245605469,302.93585205078125,2.8362019062042236,28.55426788330078,2.686798334121704,31.696245193481445,98.56974029541016,397.67828369140625,142.58966064453125,134.8722381591797,172.0800018310547,55.201778411865234,464.3414306640625,49.596107482910156,95.51846313476562
2023-05-12,170.34095764160156,266.8849792480469,95.26000213623047,110.26000213623047,25.20248031616211,604.4436645507812,485.646240234375,61.57395553588867,89.87353515625,295.787841796875,9.784696578979492,71.01126098632812,420.05224609375,33.33349609375,125.88169860839844,59.028411865234375,26.918088912963867,375.898681640625,277.88323974609375,301.82220458984375,2.7738678455352783,28.316463470458984,2.7401785850524902,31.502248764038086,99.0269775390625,397.15716552734375,141.7998809814453,135.439453125,167.97999572753906,55.13058853149414,466.6879577636719,49.57991027832031,95.50944519042969
2023-05-15,169.84739685058594,267.1930847167969,97.4000015258789,111.19999694824219,25.72346305847168,604.1158447265625,483.6904602050781,61.81637191772461,90.7235107421875,296.0474548339844,9.759543418884277,71.20204162597656,418.6672058105469,35.571468353271484,126.94242858886719,58.87187576293945,27.312973022460938,377.3652038574219,277.65802001953125,302.3009033203125,2.7738678455352783,28.928953170776367,2.7134885787963867,31.34200096130371,99.51222229003906,398.5274353027344,144.11549377441406,134.6169891357422,166.35000610351562,55.19160461425781,462.536376953125,49.19446563720703,95.69158935546875
2023-05-16,169.84739685058594,268.81060791015625,101.4800033569336,113.4000015258789,25.45367431640625,593.884033203125,478.0157165527344,60.245140075683594,88.88677215576172,290.2775573730469,9.432547569274902,71.14752960205078,413.9521789550781,35.80754089355469,126.08822631835938,58.208953857421875,26.833467483520508,374.24517822265625,276.01593017578125,304.5282287597656,2.81282639503479,29.188739776611328,2.6779019832611084,31.215476989746094,98.24313354492188,395.86419677734375,141.7841796875,133.41641235351562,166.52000427246094,54.85601043701172,455.7530822753906,48.51427459716797,93.36918640136719
2023-05-17,170.4593963623047,274.04840087890625,103.75,115.5,26.579360961914062,609.634521484375,476.9077453613281,62.33711242675781,90.63558959960938,293.35479736328125,9.64216136932373,71.59266662597656,424.2171936035156,35.25985336303711,129.96511840820312,58.144500732421875,28.093345642089844,380.8985900878906,275.368408203125,307.4064025878906,2.843993663787842,30.15294075012207,2.855835437774658,30.996191024780273,98.625732421875,400.6695861816406,145.44375610351562,134.2577667236328,173.86000061035156,54.794979095458984,460.58880615234375,48.43329620361328,95.46388244628906
2023-05-18,172.78892517089844,276.79248046875,107.93000030517578,118.1500015258789,26.486326217651367,627.1466674804688,479.8944396972656,62.2293701171875,91.6028060913086,299.42291259765625,9.759543418884277,71.047607421875,439.7375793457031,33.80564498901367,130.95077514648438,57.822235107421875,28.168556213378906,385.8393859863281,275.9220886230469,311.8315124511719,2.805034875869751,31.651697158813477,2.9003190994262695,30.768463134765625,99.93212127685547,404.5293273925781,139.31732177734375,134.7209930419922,176.88999938964844,54.199951171875,455.28759765625,49.061668395996094,96.32908630371094
2023-05-19,172.89749145507812,279.132080078125,105.81999969482422,116.25,26.15141487121582,624.682373046875,478.3721923828125,62.29221725463867,89.24824523925781,300.4807434082031,9.767927169799805,71.62899780273438,438.1364440917969,33.106868743896484,130.6503448486328,57.8498649597168,27.717262268066406,379.4911193847656,277.32958984375,311.6553039550781,2.8829524517059326,31.238040924072266,2.8914222717285156,31.013051986694336,98.45774841308594,403.9406433105469,137.60047912597656,134.44683837890625,180.13999938964844,54.6411018371582,454.8980407714844,48.55638885498047,96.77537536621094
2023-05-22,171.9498748779297,280.1334533691406,108.0,115.01000213623047,26.365386962890625,629.0768432617188,473.89215087890625,62.328125,89.70744323730469,297.06689453125,9.751157760620117,71.42005920410156,446.0734558105469,33.98506164550781,129.57083129882812,56.634498596191406,27.56682586669922,378.467529296875,271.5118408203125,314.4356689453125,3.124497413635254,31.15011215209961,2.909493923187256,32.683048248291016,96.02220153808594,404.104736328125,137.2661590576172,133.47312927246094,188.8699951171875,53.69723892211914,456.60809326171875,48.128822326660156,95.60051727294922
2023-05-23,169.343994140625,277.3894348144531,108.12000274658203,114.98999786376953,26.588665008544922,619.8382568359375,467.14801025390625,62.55259704589844,87.75345611572266,292.62396240234375,9.835003852844238,71.38372039794922,441.8396911621094,33.087982177734375,128.21908569335938,56.533206939697266,27.717262268066406,367.857421875,268.7155456542969,308.6399841308594,2.9842453002929688,30.662517547607422,3.0269577503204346,33.4337158203125,93.63331604003906,399.5694885253906,132.9740447998047,131.92276000976562,185.77000427246094,53.47153854370117,455.487060546875,48.03813552856445,96.90287780761719
2023-05-24,169.620361328125,276.156982421875,108.2699966430664,116.75,26.142112731933594,613.7197875976562,465.1151123046875,61.7894287109375,87.02071380615234,295.0377502441406,9.499624252319336,71.81068420410156,408.559326171875,31.992605209350586,127.04569244384766,56.05442810058594,27.209552764892578,362.6902160644531,268.29327392578125,307.2595520019531,2.992037057876587,30.512638092041016,2.9727437496185303,32.581844329833984,92.95210266113281,396.6747741699219,129.30543518066406,131.7147979736328,182.89999389648438,52.94831085205078,456.8076477050781,47.81787872314453,97.98664093017578
2023-05-25,170.75552368164062,280.91339111328125,120.3499984741211,115.0,26.207229614257812,618.8919677734375,468.7665710449219,60.756919860839844,86.11211395263672,292.825927734375,9.541547775268555,70.53889465332031,405.7892150878906,30.632823944091797,127.35551452636719,55.621681213378906,27.49161148071289,364.2059326171875,267.91790771484375,319.07611083984375,2.8829524517059326,37.948463439941406,2.936600685119629,31.9071044921875,91.86030578613281,400.1098327636719,127.18196105957031,131.9700469970703,184.47000122070312,52.650787353515625,453.8340148925781,47.34174728393555,96.22891998291016
2023-05-26,173.16400146484375,292.3132019042969,127.02999877929688,120.11000061035156,26.33747673034668,629.929443359375,488.71966552734375,60.72998046875,86.25865173339844,288.3349609375,10.136845588684082,70.03015899658203,411.02490234375,31.25605583190918,128.5476531982422,55.48357009887695,27.877094268798828,368.46771240234375,268.4058532714844,325.8997497558594,2.9686617851257324,38.913658142089844,2.9908149242401123,31.71310806274414,91.94428253173828,405.29156494140625,125.53739166259766,132.4237823486328,193.1699981689453,52.68156814575195,457.463134765625,47.42594909667969,95.60051727294922
2023-05-30,175.0098419189453,296.96356201171875,125.2699966430664,121.66000366210938,26.290966033935547,631.1288452148438,489.46148681640625,60.290042877197266,85.79946899414062,280.21856689453125,10.556068420410156,69.33978271484375,398.9032897949219,30.311763763427734,129.0357666015625,55.04160690307617,28.01812744140625,361.7060546875,267.3549499511719,324.25506591796875,2.8206183910369873,40.07769012451172,3.0359933376312256,31.215476989746094,91.2164306640625,405.4459533691406,120.93807983398438,130.2022247314453,201.16000366210938,51.26578140258789,455.8765563964844,47.309356689453125,94.75350952148438
2023-05-31,174.96051025390625,294.54693603515625,118.20999908447266,120.58000183105469,25.853708267211914,616.1090698242188,492.86248779296875,61.080135345458984,85.93624877929688,278.7375793457031,10.061384201049805,69.8939208984375,411.7026672363281,30.783910751342773,127.39302062988281,54.931129455566406,28.083946228027344,359.26507568359375,267.53314208984375,321.4942321777344,2.7349088191986084,37.80258560180664,2.9998505115509033,32.06734848022461,91.11377716064453,403.19769287109375,118.30858612060547,128.689697265625,203.92999267578125,51.23500442504883,462.8973388671875,47.571720123291016,93.05952453613281
2023-06-01,177.7638397216797,293.8536682128906,119.47000122070312,122.7699966430664,26.050636291503906,626.6875610351562,493.86444091796875,61.843292236328125,86.55174255371094,285.296142578125,10.153614044189453,69.23077392578125,414.6496276855469,32.60639572143555,129.14845275878906,55.24418258666992,27.369386672973633,365.0327453613281,270.123046875,325.59625244140625,2.76607608795166,39.73697280883789,3.0450289249420166,32.06734848022461,91.00180053710938,407.02850341796875,118.51643371582031,132.962646484375,207.52000427246094,51.41967010498047,468.9681091308594,47.746620178222656,94.13421630859375
2023-06-02,178.6126708984375,299.8135681152344,117.86000061035156,124.25,26.92274284362793,638.886962890625,493.85491943359375,62.83988952636719,88.68159484863281,291.566162109375,10.38838005065918,70.75690460205078,422.8714294433594,33.456260681152344,131.86131286621094,56.3122444152832,28.27198028564453,367.8377685546875,273.4812927246094,328.3570556640625,2.8751602172851562,39.29434585571289,3.1444215774536133,32.35411834716797,92.84945678710938,412.9145812988281,120.37783813476562,138.02024841308594,213.97000122070312,51.94289016723633,474.6208190917969,48.20331954956055,96.31999206542969
2023-06-05,177.2603759765625,293.1315612792969,117.93000030517578,125.30000305175781,26.763324737548828,633.8554077148438,499.30792236328125,63.51329040527344,88.90630340576172,286.41168212890625,10.556068420410156,70.60249328613281,435.0029296875,34.268348693847656,130.56590270996094,55.93473434448242,28.206167221069336,364.6783752441406,272.085205078125,328.8857727050781,2.750492572784424,39.13848114013672,3.0179216861724854,32.59871292114258,93.25071716308594,412.123291015625,118.01040649414062,137.76499938964844,217.61000061035156,51.6966667175293,473.30029296875,48.520748138427734,95.89193725585938
2023-06-06,176.89520263671875,296.58807373046875,124.2300033569336,126.61000061035156,27.410371780395508,641.754150390625,497.3907470703125,63.30678939819336,90.03961944580078,286.3250732421875,10.841141700744629,69.22168731689453,440.5528869628906,35.647010803222656,130.80056762695312,55.52961349487305,28.57284927368164,373.9695739746094,268.41558837890625,326.6731262207031,2.7972428798675537,38.62190246582031,3.1534574031829834,32.362548828125,91.65501403808594,413.0206604003906,119.90796661376953,140.3647003173828,221.30999755859375,51.594078063964844,463.2109069824219,48.51427459716797,96.67517852783203
2023-06-07,175.5231475830078,299.4668884277344,117.83000183105469,121.2300033569336,27.644807815551758,640.1589965820312,492.54449462890625,64.17768096923828,90.3913345336914,286.1519775390625,11.394519805908203,69.11268615722656,414.8853454589844,34.89158248901367,132.06784057617188,55.44674301147461,28.948928833007812,365.53466796875,265.9252014160156,316.5895080566406,2.8595774173736572,37.44775390625,3.406456708908081,32.80113983154297,91.37507629394531,411.5925598144531,119.04955291748047,137.36795043945312,224.57000732421875,51.22475051879883,458.0426330566406,48.585533142089844,98.84275817871094
2023-06-08,178.23760986328125,295.9045104980469,121.05000305175781,124.25,27.410371780395508,642.3771362304688,501.0806884765625,64.42011260986328,90.40110778808594,288.4022521972656,11.386133193969727,71.22019958496094,415.8676452636719,35.165428161621094,132.10537719726562,55.58485412597656,28.760887145996094,361.7945861816406,269.58526611328125,318.4300231933594,2.8362019062042236,38.48200607299805,3.3432071208953857,32.96982955932617,92.5228500366211,414.0821533203125,118.61580657958984,138.833251953125,234.86000061035156,51.47096633911133,465.7379455566406,49.28840255737305,98.53309631347656
2023-06-09,178.62258911132812,297.2427978515625,124.91999816894531,123.43000030517578,27.447877883911133,645.9827270507812,498.3734130859375,64.42909240722656,89.81490325927734,286.6424865722656,11.520285606384277,70.96585845947266,423.9126892089844,34.54219055175781,132.3682098388672,55.67692565917969,28.789098739624023,363.39886474609375,270.53814697265625,319.9278869628906,2.898535966873169,38.74181365966797,3.252849817276001,32.868614196777344,91.41239166259766,414.82513427734375,114.74840545654297,140.51596069335938,244.39999389648438,51.132415771484375,468.9586181640625,49.58638381958008,97.80449676513672
2023-06-12,181.41603088378906,299.9002380371094,129.19000244140625,126.56999969482422,27.31659507751465,644.0759887695312,501.92852783203125,64.19564819335938,90.9970703125,290.287109375,11.553824424743652,70.72966003417969,438.224853515625,34.65550994873047,132.35885620117188,55.43754196166992,29.578866958618164,369.3928527832031,272.2172546386719,324.8816223144531,2.85178542137146,39.45328903198242,3.261885404586792,33.65300369262695,91.87896728515625,418.58837890625,114.28756713867188,141.4140167236328,249.8300018310547,51.17344665527344,467.9800720214844,49.91353988647461,96.92107391357422
2023-06-13,180.94223022460938,303.4433898925781,124.52999877929688,126.66000366210938,27.56978988647461,650.409423828125,502.9401550292969,64.87801361083984,91.69074249267578,290.3159484863281,11.847281455993652,71.26561737060547,439.6294860839844,35.8736457824707,133.31631469726562,55.658512115478516,30.509675979614258,365.5248718261719,272.1983642578125,327.2703552246094,2.8595774173736572,40.9921760559082,3.379349708557129,33.973506927490234,92.62550354003906,421.3480529785156,116.31163024902344,149.4399871826172,258.7099914550781,51.306819915771484,466.7640075683594,50.302223205566406,96.93929290771484
2023-06-14,181.5739288330078,303.3374938964844,127.33000183105469,126.41999816894531,27.307220458984375,653.580810546875,507.93084716796875,59.84111785888672,90.32294464111328,295.1822814941406,11.90597152709961,71.49491882324219,438.32305908203125,36.48743438720703,132.8188018798828,56.036006927490234,31.56269645690918,368.8515625,272.0946044921875,330.2563171386719,3.0139293670654297,42.965736389160156,3.2980287075042725,33.197547912597656,93.93193054199219,421.849853515625,120.38687133789062,156.5206298828125,256.7900085449219,51.52226257324219,436.88525390625,50.810752868652344,95.77355194091797
2023-06-15,183.60733032226562,311.7332763671875,124.23999786376953,127.11000061035156,27.541654586791992,671.2688598632812,509.8384704589844,62.399959564208984,90.80168151855469,314.2418518066406,12.115583419799805,72.4579849243164,448.2344970703125,37.7338981628418,134.3207550048828,56.80604553222656,31.938779830932617,373.0640563964844,276.02825927734375,340.7903747558594,3.070796012878418,42.62199783325195,3.2980287075042725,33.526485443115234,94.60379028320312,427.079833984375,124.5524673461914,158.9879608154297,255.89999389648438,52.71235275268555,444.4309387207031,51.08930587768555,96.43839263916016
2023-06-16,182.53143310546875,307.6605529785156,120.08000183105469,125.48999786376953,27.372859954833984,663.3309936523438,504.5107116699219,60.80179977416992,89.21894836425781,319.98675537109375,12.09043025970459,72.32957458496094,446.9771423339844,37.630027770996094,134.48031616210938,57.21426010131836,32.20204162597656,370.59368896484375,277.05657958984375,335.1415100097656,3.0789196491241455,42.66096115112305,3.2889926433563232,33.7879524230957,95.06104278564453,425.6250915527344,120.91096496582031,155.3673095703125,260.5400085449219,53.27660369873047,437.37176513671875,50.37671661376953,95.74622344970703
2023-06-20,182.62025451660156,305.60009765625,118.93000030517578,125.77999877929688,27.07278060913086,652.1649780273438,500.7049865722656,61.65475082397461,87.68507385253906,314.31915283203125,11.922741889953613,71.27481079101562,447.0754089355469,35.09932327270508,133.79505920410156,56.83388137817383,32.580116271972656,368.7137756347656,276.43389892578125,330.9513854980469,3.030176877975464,43.77614974975586,3.261885404586792,33.18068313598633,94.50113677978516,423.4168701171875,119.92604064941406,148.56082153320312,274.45001220703125,52.85597229003906,447.7697448730469,49.93296813964844,93.55133819580078
2023-06-21,181.58384704589844,301.55621337890625,112.11000061035156,124.83000183105469,26.79145622253418,650.3622436523438,500.62786865234375,61.744537353515625,86.60061645507812,311.97283935546875,11.755051612854004,71.1830825805664,442.5567932128906,34.5516357421875,133.5979461669922,56.991600036621094,32.46669006347656,370.2098083496094,277.8300476074219,326.5556640625,3.0545480251312256,43.013702392578125,3.1715290546417236,32.8095703125,95.06104278564453,421.2474060058594,120.37783813476562,147.94635009765625,259.4599914550781,53.17402267456055,454.7907409667969,50.03013610839844,94.59868621826172
2023-06-22,184.58456420898438,295.82745361328125,110.69999694824219,130.14999389648438,26.21942901611328,641.2444458007812,505.04046630859375,62.31916046142578,86.45405578613281,309.9742431640625,11.897586822509766,71.64167022705078,442.861328125,34.5516357421875,131.02586364746094,57.381248474121094,32.40052795410156,371.84356689453125,276.6791687011719,332.5765686035156,3.0383005142211914,42.99372482299805,3.0721359252929688,32.66618728637695,94.10921478271484,422.7679748535156,119.62786865234375,148.52301025390625,264.6099853515625,53.02012252807617,456.9847717285156,50.44797897338867,94.07957458496094
2023-06-23,184.2686767578125,287.3353576660156,110.01000213623047,129.3300018310547,26.02250099182129,642.25439453125,505.271728515625,62.48974609375,86.07303619384766,305.8996276855469,11.755051612854004,71.0546875,444.6785583496094,32.927452087402344,130.34059143066406,56.77821350097656,32.06971740722656,373.82196044921875,273.4812927246094,327.9849853515625,2.9895575046539307,42.17831802368164,2.9727437496185303,32.30351257324219,91.7669906616211,419.57177734375,119.1218490600586,144.99688720703125,256.6000061035156,53.10219192504883,455.02923583984375,50.35404586791992,93.25990295410156
2023-06-26,182.8769073486328,286.3533020019531,107.51000213623047,127.33000183105469,26.341339111328125,641.990234375,504.2889709472656,62.714202880859375,86.65921783447266,308.23626708984375,11.830512046813965,70.22002410888672,445.27777099609375,33.02188491821289,130.65975952148438,56.79677200317383,32.1358757019043,371.4696044921875,272.707763671875,321.69989013671875,2.8677008152008057,40.60245895385742,3.0179216861724854,31.114273071289062,91.66433715820312,417.8575744628906,121.53446197509766,146.10292053222656,241.0500030517578,52.98934555053711,456.99432373046875,50.22124481201172,94.981201171875
2023-06-27,185.63084411621094,289.6268615722656,110.38999938964844,129.17999267578125,26.48200225830078,646.209228515625,510.9465026855469,61.66372299194336,87.01094818115234,313.7300720214844,12.082047462463379,69.71558380126953,450.9063720703125,33.75843048095703,130.6691131591797,56.6761589050293,33.317344665527344,375.7706604003906,274.7925109863281,327.54449462890625,2.8514535427093506,41.84555435180664,3.1263506412506104,30.717853546142578,92.1216049194336,422.4386901855469,119.73629760742188,148.5891876220703,250.2100067138672,53.245826721191406,460.3331298828125,50.03985595703125,95.21800231933594
2023-06-28,186.80551147460938,290.5030212402344,110.16999816894531,129.0399932861328,26.322586059570312,646.7566528320312,513.3261108398438,61.17888641357422,86.7862319946289,314.2997741699219,12.400656700134277,69.87150573730469,451.49578857421875,32.85190963745117,130.09654235839844,56.1473388671875,33.52528762817383,374.23529052734375,275.20758056640625,328.7976379394531,2.835205554962158,41.08710861206055,3.081171989440918,30.60821533203125,92.01895141601562,422.65179443359375,119.70014190673828,151.35903930664062,256.239990234375,52.94831085205078,452.5966796875,50.31193923950195,95.99213409423828
2023-06-29,187.14109802246094,296.8673095703125,111.23999786376953,127.9000015258789,26.8758544921875,649.5787353515625,512.2566528320312,61.735572814941406,86.90347290039062,319.3302001953125,12.534807205200195,69.71558380126953,447.753173828125,32.12480545043945,134.63990783691406,55.6834716796875,33.978965759277344,381.55804443359375,277.78289794921875,328.0143737792969,2.9083197116851807,40.79232406616211,3.1805644035339355,30.464828491210938,92.08425903320312,424.31756591796875,120.09773254394531,151.63316345214844,257.5,52.85597229003906,454.49505615234375,49.97183609008789,97.17609405517578
2023-06-30,191.46453857421875,297.1080017089844,113.91000366210938,130.36000061035156,26.90398406982422,652.3443603515625,518.7022705078125,62.06776809692383,87.22587585449219,325.37445068359375,12.685729026794434,70.68779754638672,450.08123779296875,32.22867965698242,136.52671813964844,55.869022369384766,34.22471618652344,387.0992126464844,281.4996643066406,333.3891296386719,2.981433868408203,42.271244049072266,3.198636054992676,30.937149047851562,92.4388656616211,429.3248291015625,119.1850814819336,151.96405029296875,261.7699890136719,53.48179626464844,458.5015869140625,50.91115188598633,97.67698669433594
2023-07-03,189.9740447998047,299.40911865234375,115.81999969482422,130.22000122070312,27.38224220275879,654.6474609375,521.264892578125,62.64238357543945,88.41781616210938,325.05584716796875,12.777958869934082,70.3667984008789,443.57843017578125,33.191856384277344,137.62501525878906,56.203006744384766,35.00920867919922,387.748779296875,278.1319580078125,330.8926696777344,2.981433868408203,42.382164001464844,3.216707229614258,30.911849975585938,92.5228500366211,429.81878662109375,121.85974884033203,151.69937133789062,279.82000732421875,53.635684967041016,455.8686828613281,51.241539001464844,97.86825561523438
2023-07-05,188.85862731933594,298.3789367675781,113.94999694824219,130.3800048828125,27.26970863342285,653.9396362304688,521.3516845703125,62.48076629638672,87.7241439819336,323.4144287109375,12.870189666748047,70.8437271118164,449.7374572753906,33.239070892333984,136.7082061767578,56.6204948425293,35.17934036254883,388.5067138671875,280.0752258300781,331.0493469238281,3.0383005142211914,42.28623962402344,3.090207815170288,30.7515926361084,91.87896728515625,429.1795349121094,119.77244567871094,153.05120849609375,282.4800109863281,53.040645599365234,449.5154724121094,51.21238708496094,97.36735534667969
2023-07-06,189.3323974609375,296.5207214355469,113.4800033569336,128.36000061035156,26.519514083862305,642.4242553710938,517.7291259765625,62.43588638305664,86.69830322265625,322.40057373046875,12.55996036529541,69.92654418945312,443.5096740722656,32.18146514892578,135.3566436767578,56.18445587158203,35.065914154052734,387.5013427734375,278.2074279785156,334.1037902832031,2.948939085006714,42.072391510009766,3.054064989089966,30.051546096801758,89.77002716064453,425.81878662109375,118.22726440429688,152.03968811035156,276.5400085449219,52.640533447265625,447.7411193847656,50.88848114013672,93.73347473144531
2023-07-07,188.21701049804688,294.3928527832031,113.16999816894531,129.77999877929688,26.753948211669922,645.699462890625,505.8594665527344,62.10367965698242,86.60061645507812,329.90277099609375,12.55996036529541,68.25724792480469,441.02008056640625,33.76787185668945,136.42466735839844,55.44225311279297,35.529048919677734,383.10528564453125,275.5472412109375,330.13885498046875,3.030176877975464,42.47209548950195,3.198636054992676,29.96719741821289,89.63005828857422,424.7437438964844,117.51342010498047,152.92832946777344,274.42999267578125,52.38404846191406,440.3194885253906,49.7159538269043,93.95207214355469
2023-07-10,186.1737823486328,296.98284912109375,113.58000183105469,127.12999725341797,26.8758544921875,657.092041015625,507.747802734375,62.27427291870117,86.07303619384766,335.4352722167969,12.635422706604004,69.42207336425781,456.9018859863281,33.947288513183594,137.19021606445312,55.024776458740234,36.30409240722656,386.535400390625,277.8017883300781,324.86199951171875,2.9976816177368164,42.14933776855469,3.216707229614258,30.09370994567871,92.5041732788086,425.81878662109375,119.04049682617188,151.48193359375,269.6099853515625,52.476383209228516,441.7217712402344,50.16618347167969,95.34549713134766
2023-07-11,185.65061950683594,298.20562744140625,111.31999969482422,128.77999877929688,27.21344566345215,670.33447265625,510.28173828125,63.9891471862793,87.43104553222656,337.7332763671875,12.769574165344238,69.81645965576172,456.2819519042969,34.013389587402344,139.3357696533203,55.2196044921875,37.03187561035156,392.0944519042969,278.03759765625,325.4886169433594,3.0383005142211914,42.374168395996094,3.2799570560455322,30.380481719970703,93.40003204345703,428.5306396484375,120.53144836425781,149.7613983154297,269.7900085449219,52.39430618286133,441.56915283203125,50.09168243408203,96.51126098632812
2023-07-12,187.31878662109375,303.3077697753906,114.58000183105469,130.8000030517578,27.53227996826172,685.24755859375,518.3361206054688,63.27086639404297,88.07586669921875,375.19586181640625,12.761190414428711,70.05493927001953,469.21173095703125,35.32595443725586,140.02572631835938,55.5164794921875,36.4364128112793,394.94305419921875,278.8583068847656,330.1192626953125,3.0545480251312256,43.870086669921875,3.361278533935547,30.355178833007812,94.37984466552734,431.9785461425781,120.09773254394531,150.56497192382812,271.989990234375,53.02012252807617,430.89453125,50.2180061340332,96.98482513427734
2023-07-13,188.07884216308594,304.5929870605469,115.91999816894531,134.3000030517578,27.822980880737305,698.27294921875,518.76953125,63.944252014160156,88.38850402832031,373.5351257324219,12.736037254333496,70.35761260986328,473.649658203125,37.16732406616211,140.70623779296875,55.989627838134766,35.00920867919922,394.8149108886719,278.4903564453125,335.464599609375,3.0789196491241455,45.94357681274414,3.3341712951660156,30.414220809936523,94.80908966064453,435.4070739746094,120.01639556884766,151.58592224121094,277.8999938964844,53.4920539855957,427.12646484375,49.92325210571289,95.20889282226562
2023-07-14,188.22691345214844,305.1341247558594,115.94000244140625,134.67999267578125,27.297842025756836,687.1635131835938,526.7180786132812,64.08789825439453,86.5810775756836,371.40130615234375,12.55996036529541,70.79786682128906,476.2473449707031,36.015289306640625,141.55690002441406,56.4998893737793,34.366485595703125,396.73699951171875,278.22625732421875,337.9903869628906,2.9733099937438965,45.43594741821289,3.234778642654419,30.633512496948242,94.81842041015625,435.13592529296875,118.299560546875,150.45150756835938,281.3800048828125,53.72801208496094,458.05322265625,50.09492492675781,91.93022155761719
2023-07-17,191.48426818847656,309.0090637207031,118.31999969482422,133.55999755859375,27.56978988647461,687.0125732421875,532.7493896484375,63.899356842041016,83.59146881103516,376.30621337890625,11.813742637634277,71.06385040283203,482.96807861328125,35.67534255981445,144.96893310546875,56.4163932800293,34.28142166137695,396.431396484375,277.98095703125,338.47015380859375,3.0383005142211914,46.42721939086914,3.2889926433563232,30.245532989501953,94.18387603759766,436.6468200683594,117.47726440429688,150.73512268066406,290.3800048828125,53.78957748413086,461.7830810546875,50.156463623046875,92.33094024658203
2023-07-18,191.22763061523438,311.56982421875,117.93000030517578,132.8300018310547,28.788862228393555,697.4517211914062,533.3563842773438,64.92288970947266,83.97249603271484,378.7683410644531,11.880819320678711,71.7425765991211,487.5043640136719,34.05116271972656,145.2335968017578,56.19373321533203,34.72565841674805,392.4493713378906,277.1697692871094,351.9411926269531,3.0545480251312256,47.459468841552734,3.3432071208953857,30.5660400390625,94.02523803710938,439.8913269042969,118.20015716552734,154.2707061767578,293.3399963378906,53.65619659423828,476.9698181152344,50.065773010253906,91.91201782226562
2023-07-19,192.5799560546875,308.0620422363281,116.43000030517578,135.36000061035156,29.567190170288086,705.35205078125,533.8572998046875,66.78141784667969,85.03741455078125,378.80694580078125,11.822128295898438,72.42127990722656,492.55230712890625,34.38166427612305,145.79124450683594,57.186424255371094,35.30221176147461,392.5577087402344,277.462158203125,347.6238098144531,3.0626721382141113,47.04277038574219,3.4516353607177734,30.73472023010254,95.02371978759766,440.86956787109375,119.90796661376953,155.00808715820312,291.260009765625,54.1896858215332,480.4994201660156,50.081966400146484,92.54952239990234
2023-07-20,190.6353759765625,301.9453125,110.25,129.9600067138672,29.71723175048828,708.73095703125,536.6031494140625,67.77262115478516,84.22651672363281,374.4620361328125,11.763435363769531,73.32014465332031,483.9127502441406,34.62717819213867,147.58700561523438,57.882232666015625,35.04701232910156,392.35076904296875,280.2921447753906,339.5862121582031,3.070796012878418,45.48690414428711,3.388385534286499,31.013051986694336,94.13721466064453,437.944580078125,121.66097259521484,154.3557891845703,262.8999938964844,53.54335021972656,481.0144958496094,51.008331298828125,94.17974090576172
2023-07-21,189.46075439453125,304.19677734375,110.94999694824219,130.0,29.989177703857422,709.0424194335938,537.4702758789062,67.9355697631836,85.17420196533203,372.1544494628906,11.679591178894043,73.96216583251953,484.6409606933594,35.0048942565918,146.4528350830078,57.928627014160156,35.20769119262695,391.7889099121094,278.8583068847656,336.5513000488281,3.127662181854248,44.27678298950195,3.361278533935547,31.54442024230957,95.94755554199219,437.944580078125,121.15492248535156,153.91146850585938,260.0199890136719,53.738277435302734,483.19903564453125,51.296607971191406,94.61691284179688
2023-07-24,190.26028442382812,302.7377014160156,110.61000061035156,128.8000030517578,30.617473602294922,714.111083984375,543.3182983398438,68.75025177001953,84.6075439453125,372.59857177734375,11.832155227661133,71.22894287109375,480.6852722167969,36.2230339050293,149.33558654785156,57.947174072265625,35.160430908203125,398.98431396484375,278.57525634765625,337.8631286621094,3.2495193481445312,44.579566955566406,3.4606709480285645,31.63719940185547,95.91021728515625,439.9010009765625,122.35671997070312,155.5374755859375,269.05999755859375,52.825199127197266,485.25,51.59782791137695,96.10140228271484
2023-07-25,191.11903381347656,306.8927917480469,113.0,129.1300048828125,30.148597717285156,704.1437377929688,544.5322875976562,68.48773956298828,83.65985870361328,383.3642272949219,11.510074615478516,70.83455657958984,488.5277404785156,36.38356018066406,148.22030639648438,57.752349853515625,33.58198928833008,395.5245361328125,275.79248046875,343.6098937988281,3.2901384830474854,45.64579772949219,3.4877781867980957,31.257658004760742,96.04086303710938,441.10198974609375,120.72122955322266,156.51116943359375,265.2799987792969,55.297691345214844,487.3963623046875,51.555721282958984,96.24713897705078
2023-07-26,191.98765563964844,305.8492126464844,110.08999633789062,128.14999389648438,30.392410278320312,701.4443359375,545.4765014648438,67.98081970214844,83.88455963134766,387.5257263183594,11.586358070373535,70.79786682128906,488.9114685058594,36.950138092041016,149.10874938964844,58.49454879760742,34.27196502685547,396.63836669921875,275.217041015625,330.67730712890625,3.314509391784668,45.41895294189453,3.5148849487304688,31.384164810180664,94.9303970336914,441.1697998046875,121.50733184814453,156.6435089111328,264.3500061035156,55.43107223510742,484.6013488769531,51.74034881591797,95.70978546142578
2023-07-27,190.7242431640625,308.0814208984375,111.0999984741211,128.25,29.96104621887207,688.1451416015625,541.2950439453125,68.31575775146484,83.39607238769531,388.7036437988281,11.637211799621582,70.17417907714844,488.5867614746094,35.864200592041016,147.46417236328125,57.928627014160156,31.20960807800293,388.84185791015625,278.4621276855469,323.77532958984375,3.3307576179504395,45.86663818359375,3.4877781867980957,30.872467041015625,94.04389953613281,438.244873046875,121.53446197509766,156.3882598876953,255.7100067138672,54.836021423339844,481.9589538574219,51.552490234375,96.01033020019531
2023-07-28,193.30052185058594,304.9215087890625,112.95999908447266,132.2100067138672,29.914155960083008,696.8948974609375,542.7305297851562,67.53726196289062,84.14835357666016,387.0622253417969,11.238852500915527,70.49519348144531,503.65185546875,38.27214431762695,148.3053436279297,57.965728759765625,31.852325439453125,387.32391357421875,277.3677978515625,331.26470947265625,3.4526145458221436,46.71601104736328,3.5148849487304688,30.7616024017334,94.48249053955078,442.535400390625,121.98625183105469,158.01425170898438,266.44000244140625,55.595211029052734,479.74578857421875,51.795413970947266,94.86280822753906
2023-07-31,193.9124755859375,305.694580078125,114.4000015258789,133.67999267578125,30.007932662963867,697.376220703125,540.177490234375,67.60968780517578,86.8448486328125,383.06494140625,11.19647216796875,69.83480834960938,503.5141906738281,39.00869369506836,149.29779052734375,57.45547103881836,32.287105560302734,388.6249694824219,276.58489990234375,328.8661193847656,3.566347122192383,46.695030212402344,3.5600640773773193,30.753074645996094,94.78109741210938,443.3780212402344,123.31453704833984,159.04469299316406,267.42999267578125,55.12328338623047,483.0463562011719,51.77922058105469,97.66787719726562
2023-08-01,193.08334350585938,310.1589660644531,117.5999984741211,131.69000244140625,29.65159034729004,691.1561279296875,535.16748046875,66.9398422241211,86.98163604736328,385.8746337890625,11.374463081359863,69.41290283203125,500.36529541015625,37.80944061279297,148.56053161621094,57.30703353881836,31.597129821777344,391.375,274.57562255859375,329.27734375,3.5419764518737793,46.47319030761719,3.4697065353393555,30.369306564331055,94.49181365966797,442.1092224121094,120.17001342773438,162.4479217529297,261.07000732421875,54.92835235595703,481.4914855957031,51.536293029785156,97.10324096679688
2023-08-02,190.0924835205078,307.0763854980469,109.3499984741211,128.2100067138672,29.24835777282715,677.1680908203125,532.1615600585938,69.16665649414062,84.314453125,384.5711669921875,11.052384376525879,69.41290283203125,490.08245849609375,36.11915969848633,146.878173828125,57.483306884765625,31.54041862487793,384.4261169433594,273.207763671875,320.6229553222656,3.5094809532165527,44.23681640625,3.4335639476776123,30.14755630493164,95.30367279052734,435.9591979980469,120.6669921875,164.3480682373047,254.11000061035156,54.34357452392578,481.5487365722656,51.57191848754883,95.89193725585938
2023-08-03,188.70066833496094,306.4483337402344,113.1500015258789,128.91000366210938,29.454662322998047,670.3062133789062,537.3064575195312,67.27477264404297,83.52307891845703,387.5257263183594,11.103239059448242,69.27533721923828,489.0296325683594,37.35618591308594,147.7760772705078,57.186424255371094,30.49127960205078,387.3731689453125,274.52838134765625,319.800537109375,3.582595109939575,44.482635498046875,3.090207815170288,29.84906768798828,95.49029541015625,434.7098083496094,119.93506622314453,159.3566436767578,259.32000732421875,54.08994674682617,481.60595703125,51.584877014160156,97.55860137939453
2023-08-04,179.63926696777344,301.4911193847656,115.81999969482422,139.57000732421875,29.35150909423828,670.4100341796875,531.8628540039062,65.98031616210938,84.314453125,381.73248291015625,10.925250053405762,72.16448974609375,489.0296325683594,36.9123649597168,147.46417236328125,56.3236198425293,30.935510635375977,385.73699951171875,270.7550354003906,320.8971252441406,3.5176045894622803,44.647518157958984,3.1173148155212402,29.866127014160156,93.95057678222656,432.74365234375,119.75434875488281,161.45530700683594,253.86000061035156,53.7172737121582,479.5740966796875,51.286888122558594,97.83182525634766
2023-08-07,176.53982543945312,305.2308044433594,116.80999755859375,142.22000122070312,29.895401000976562,672.552490234375,538.0000610351562,66.90364837646484,84.83226013183594,384.94775390625,10.967626571655273,73.98967742919922,497.1771240234375,36.74238967895508,148.16358947753906,56.7689323425293,31.162351608276367,391.17779541015625,274.8868408203125,323.1781311035156,3.525729179382324,45.38398742675781,3.081171989440918,30.428991317749023,94.93973541259766,436.5208740234375,119.22125244140625,163.9132080078125,251.4499969482422,54.04853820800781,487.21514892578125,51.983272552490234,97.63146209716797
2023-08-08,177.47756958007812,304.5350341796875,113.2300033569336,139.94000244140625,29.323379516601562,657.8565673828125,535.7938232421875,66.98509979248047,86.10233306884766,384.2911376953125,10.91677188873291,73.44854736328125,492.79827880859375,35.930301666259766,147.3318328857422,56.51844024658203,31.89013671875,387.5506591796875,273.16998291015625,319.2033996582031,3.4932334423065186,44.63153076171875,3.1263506412506104,30.39488410949707,93.96924591064453,434.62261962890625,118.35377502441406,160.98263549804688,249.6999969482422,53.913963317871094,482.5599060058594,52.03510284423828,98.11416625976562
2023-08-09,175.88836669921875,301.0368957519531,110.47000122070312,137.85000610351562,28.938899993896484,653.240966796875,539.2430419921875,67.5282211303711,85.47706604003906,382.5628662109375,10.78963565826416,73.53108215332031,488.7540588378906,35.571468353271484,145.35643005371094,56.64833068847656,31.78616714477539,388.0237731933594,271.89654541015625,315.4635925292969,3.5988426208496094,42.5230598449707,3.1715290546417236,30.565448760986328,93.24138641357422,431.7170715332031,118.01040649414062,158.0898895263672,242.19000244140625,53.95537567138672,478.9826354980469,52.119319915771484,99.78080749511719
2023-08-10,175.6711883544922,299.95465087890625,110.2300033569336,138.55999755859375,29.013919830322266,657.8848266601562,540.967529296875,66.94889068603516,89.6488265991211,384.66766357421875,10.306517601013184,73.37518310546875,493.4477233886719,36.34579086303711,145.13905334472656,56.51844024658203,31.98465347290039,391.4439392089844,271.30224609375,316.14892578125,3.590719223022461,42.357177734375,3.1444215774536133,30.463117599487305,95.37095642089844,431.8720397949219,118.299560546875,158.4963836669922,245.33999633789062,54.100303649902344,480.28961181640625,52.09331130981445,100.29084014892578
2023-08-11,175.73049926757812,298.6404113769531,107.56999969482422,138.41000366210938,29.342132568359375,656.5633544921875,542.3839111328125,67.77262115478516,86.97186279296875,380.5835266113281,10.289567947387695,73.37518310546875,489.80694580078125,34.42887496948242,145.98023986816406,56.7503776550293,31.852325439453125,389.31494140625,272.26434326171875,314.26922607421875,3.3551290035247803,40.825294494628906,3.1624932289123535,30.736021041870117,94.74239349365234,431.6202087402344,118.41702270507812,158.13717651367188,242.64999389648438,53.75867462158203,484.6108703613281,52.398868560791016,101.84819793701172
2023-08-14,177.38116455078125,301.2108459472656,111.9800033569336,140.57000732421875,29.004541397094727,654.0338745117188,540.9482421875,67.2928695678711,86.76669311523438,383.8856201171875,10.340420722961426,73.23759460449219,497.70849609375,34.712162017822266,146.28271484375,56.4813346862793,31.691650390625,392.8633117675781,272.4436340332031,317.2356262207031,3.3551290035247803,43.721187591552734,3.252849817276001,30.7616024017334,94.76114654541016,434.0027770996094,116.94416046142578,157.58883666992188,239.75999450683594,53.65517044067383,487.3963623046875,52.0088005065918,101.93016052246094
2023-08-15,175.39442443847656,297.0460510253906,111.3499984741211,137.6699981689453,28.076173782348633,635.0526733398438,538.096435546875,66.37861633300781,85.05695343017578,380.2455749511719,10.153955459594727,73.04497528076172,489.22637939453125,33.9661750793457,142.55877685546875,56.10095977783203,31.304122924804688,388.79254150390625,271.9625549316406,315.10137939453125,3.3470046520233154,43.90805435180664,3.198636054992676,30.181678771972656,93.85116577148438,428.9471435546875,113.96403503417969,156.3504638671875,232.9600067138672,53.14789962768555,483.3517150878906,51.74225616455078,99.31327056884766
2023-08-16,174.524658203125,297.2779541015625,107.19000244140625,135.07000732421875,27.466636657714844,634.5051879882812,538.6167602539062,65.8264389038086,84.36328887939453,375.69793701171875,10.009867668151855,71.5407943725586,487.7208251953125,32.93689727783203,141.95387268066406,56.11023712158203,31.115089416503906,388.7137145996094,269.2268981933594,314.3361511230469,3.3551290035247803,43.454383850097656,3.1263506412506104,30.258426666259766,92.85675811767578,425.7994384765625,117.33602905273438,153.37261962890625,225.60000610351562,52.96156692504883,480.3658752441406,51.76825714111328,97.64212799072266
2023-08-17,171.98440551757812,295.3453063964844,104.44000244140625,133.97999572753906,27.457258224487305,636.16650390625,527.113037109375,60.46763229370117,83.94318389892578,369.12261962890625,10.02681827545166,70.16500091552734,478.6680603027344,32.823577880859375,140.4794158935547,56.230838775634766,30.46292495727539,386.98876953125,265.887451171875,310.8828125,3.3632524013519287,43.31248474121094,3.1624932289123535,31.1368465423584,90.59584045410156,422.5549011230469,118.5754623413086,153.4104461669922,219.22000122070312,52.74416732788086,471.2080383300781,50.60781478881836,99.53364562988281
2023-08-18,172.46875,292.73626708984375,105.44999694824219,133.22000122070312,27.297842025756836,632.6268920898438,525.0223999023438,60.47666931152344,83.98226928710938,365.77227783203125,10.137001991271973,69.59635162353516,478.18585205078125,31.265501022338867,140.80078125,56.54627990722656,30.387311935424805,386.5452575683594,265.7743225097656,310.4903564453125,3.395747184753418,43.26752471923828,3.234778642654419,31.264768600463867,91.21501159667969,422.7582702636719,119.57794952392578,153.02284240722656,215.49000549316406,52.40254592895508,475.481689453125,51.335933685302734,101.03950500488281
2023-08-21,173.80308532714844,296.18603515625,108.22000122070312,134.67999267578125,27.335350036621094,633.8917846679688,523.3556518554688,60.72108840942383,83.90411376953125,366.7861022949219,10.145480155944824,69.65138244628906,480.4490966796875,31.369373321533203,141.28280639648438,56.063846588134766,30.1699161529541,387.56048583984375,264.170654296875,315.7881774902344,3.379500150680542,46.93285369873047,3.2072880268096924,31.56325912475586,90.49264526367188,425.50885009765625,116.46115112304688,153.89256286621094,231.27999877929688,52.309383392333984,474.7566833496094,51.19941329956055,99.81829071044922
2023-08-22,175.17697143554688,298.49554443359375,105.66000366210938,134.25,26.6695499420166,628.4644775390625,518.6925659179688,60.69392395019531,83.8161849975586,366.6315612792969,10.060722351074219,70.02742004394531,480.0948791503906,31.4260311126709,138.352783203125,55.720577239990234,29.772945404052734,392.13397216796875,264.4253234863281,316.35711669921875,3.403871774673462,45.634796142578125,3.1981239318847656,31.41827964782715,90.12675476074219,424.3563232421875,113.86380767822266,155.9723358154297,233.19000244140625,52.371498107910156,469.66265869140625,51.036888122558594,99.2581787109375
2023-08-23,179.02191162109375,304.71856689453125,109.43000030517578,135.52000427246094,26.67892837524414,640.668701171875,521.091552734375,60.10554885864258,83.85526275634766,369.4316711425781,10.137001991271973,70.66028594970703,492.8475036621094,31.92650604248047,139.2884979248047,55.9154052734375,29.839109420776367,395.30780029296875,265.89691162109375,320.81121826171875,3.4282429218292236,47.081748962402344,3.2439427375793457,31.264768600463867,89.29182434082031,429.0826416015625,112.28717803955078,156.84205627441406,236.86000061035156,52.63029861450195,466.896240234375,51.39119338989258,98.38587951660156
2023-08-24,174.3368377685547,303.55902099609375,101.80000305175781,131.83999633789062,26.838348388671875,635.3736572265625,513.2439575195312,60.187015533447266,80.57256317138672,365.8011779785156,9.959012985229492,70.00908660888672,490.5252380371094,31.180513381958008,139.15618896484375,55.7669677734375,29.508296966552734,391.96636962890625,266.3497314453125,313.914306640625,3.4119954109191895,47.12870788574219,3.1981239318847656,30.838354110717773,88.96348571777344,423.1359558105469,113.09825134277344,153.88311767578125,230.0399932861328,52.34043502807617,465.6178894042969,50.99787902832031,97.65132904052734
2023-08-25,176.54100036621094,308.02337646484375,102.25,133.25999450683594,26.725814819335938,638.0164794921875,515.464111328125,60.93833541870117,81.44208526611328,367.59710693359375,10.094625473022461,70.49519348144531,510.7466125488281,31.123855590820312,138.9860382080078,56.0267333984375,29.508296966552734,397.1114807128906,268.453369140625,316.8673400878906,3.3307576179504395,45.98454666137695,3.0973236560821533,31.02597999572754,89.5732650756836,426.1190490722656,110.99305725097656,155.47129821777344,238.58999633789062,52.70276641845703,466.5909423828125,51.3001823425293,99.39590454101562
2023-08-28,178.1027069091797,310.1010437011719,102.61000061035156,133.13999938964844,26.969629287719727,640.8858642578125,517.5682983398438,60.86592102050781,82.22368621826172,374.8675842285156,10.086148262023926,70.66028594970703,510.5694274902344,31.92650604248047,139.4680938720703,56.18445587158203,29.385425567626953,401.59619140625,267.6043701171875,317.5736999511719,3.2251477241516113,46.80094909667969,3.1614694595336914,30.881000518798828,91.03675842285156,428.8211669921875,112.48766326904297,158.10879516601562,238.82000732421875,52.89944839477539,468.6514587402344,51.59273147583008,100.23147583007812
2023-08-29,181.98716735839844,312.5554504394531,105.91999816894531,134.91000366210938,27.354106903076172,652.2405395507812,523.9197998046875,60.7663459777832,82.45816040039062,372.85931396484375,10.213284492492676,71.73340606689453,527.9075317382812,32.57806396484375,140.60226440429688,56.1287956237793,30.06595230102539,405.7458190917969,267.5195007324219,322.194580078125,3.3470046520233154,48.748531341552734,3.170632839202881,30.829830169677734,93.01622772216797,435.0196838378906,114.97563934326172,158.2411346435547,257.17999267578125,53.116844177246094,470.13006591796875,52.025054931640625,100.82830810546875
2023-08-30,185.4762725830078,312.3621826171875,106.58999633789062,135.07000732421875,27.232200622558594,656.7522583007812,523.4275512695312,60.49478530883789,82.3409194946289,380.60284423828125,10.196333885192871,71.22894287109375,531.93212890625,32.07759475708008,140.03517150878906,56.10095977783203,29.89581871032715,407.97344970703125,268.132568359375,322.5673522949219,3.257643222808838,49.228187561035156,3.188960313796997,30.616621017456055,93.10066223144531,436.8114929199219,115.69559478759766,158.86509704589844,256.8999938964844,53.344600677490234,468.8899230957031,52.398868560791016,101.810791015625
2023-08-31,185.6937255859375,312.8646545410156,105.72000122070312,138.00999450683594,27.10927391052246,661.2166748046875,530.2036743164062,58.99214553833008,81.75471496582031,374.046875,10.281089782714844,70.14665985107422,533.1423950195312,31.359928131103516,138.3055419921875,55.5072021484375,29.86746597290039,406.7216796875,266.64361572265625,321.556884765625,3.176405191421509,49.31911849975586,3.014850616455078,30.173147201538086,91.41201782226562,436.1722412109375,115.3310775756836,162.7220916748047,258.0799865722656,52.8166389465332,454.6285400390625,52.8571891784668,102.09542846679688
2023-09-01,187.26531982421875,316.70098876953125,109.44999694824219,138.1199951171875,27.402402877807617,666.549560546875,525.348388671875,59.44474411010742,79.76166534423828,377.657958984375,10.289567947387695,70.30258178710938,540.8077392578125,32.200347900390625,138.76870727539062,55.024776458740234,29.69733428955078,409.6095886230469,266.4444274902344,322.4398193359375,3.1845290660858154,48.47373580932617,3.014850616455078,30.514278411865234,91.9373779296875,436.9858703613281,114.39237213134766,163.10968017578125,245.00999450683594,52.48536682128906,454.3042297363281,52.519134521484375,104.23486328125
2023-09-05,187.50254821777344,315.1741638183594,110.77999877929688,137.27000427246094,27.090362548828125,656.865478515625,525.8117065429688,59.39042663574219,79.32200622558594,376.4510803222656,10.247188568115234,68.93597412109375,541.7721557617188,32.351436614990234,137.23748779296875,54.57017135620117,29.25054168701172,405.5979919433594,264.75628662109375,327.2372741699219,3.0951671600341797,48.51270294189453,2.749103307723999,30.173147201538086,90.84912872314453,435.0971984863281,114.09163665771484,165.7849884033203,256.489990234375,51.76071548461914,458.6636962890625,52.09656524658203,104.24403381347656
2023-09-06,180.7912139892578,315.3094482421875,109.27999877929688,135.36000061035156,26.84451675415039,655.2136840820312,527.7036743164062,59.2999153137207,79.1168441772461,371.1888427734375,10.23023509979248,68.0921630859375,542.1361694335938,31.90761947631836,137.01068115234375,54.53306198120117,28.49004554748535,407.25390625,261.228271484375,326.5799560546875,3.1032910346984863,47.030662536621094,2.730776786804199,29.311784744262695,90.01419067382812,432.1722412109375,112.74283599853516,169.05587768554688,251.9199981689453,51.52261734008789,454.9719543457031,52.48663330078125,105.14388275146484
2023-09-07,175.503173828125,317.14544677734375,106.58999633789062,137.85000610351562,26.598670959472656,657.0010986328125,529.5665893554688,59.381385803222656,78.71627044677734,375.9296875,10.137001991271973,67.8169937133789,544.753662109375,30.538394927978516,135.8386688232422,54.11558151245117,27.976713180541992,408.6732482910156,263.9690856933594,323.66619873046875,3.0383005142211914,46.2111930847168,2.6757943630218506,29.23503875732422,89.2167739868164,430.8454284667969,113.42633819580078,169.09368896484375,251.49000549316406,51.936702728271484,462.4795227050781,53.136741638183594,104.62967681884766
2023-09-08,176.115966796875,314.50738525390625,106.08999633789062,138.22999572753906,26.816152572631836,656.582763671875,532.0474853515625,59.5986328125,79.70304107666016,374.01788330078125,10.425178527832031,69.70641326904297,541.75244140625,30.595054626464844,135.94264221191406,54.11558151245117,28.071773529052734,408.8901062011719,264.81317138671875,327.9436340332031,3.1845290660858154,45.5426139831543,2.6391398906707764,29.209447860717773,89.38562774658203,431.4942626953125,112.724609375,167.4488067626953,248.5,52.226566314697266,460.4109191894531,53.234256744384766,106.15391540527344
2023-09-11,177.28231811523438,314.8939208984375,105.31999969482422,143.10000610351562,26.929616928100586,661.6310424804688,539.3739013671875,62.232784271240234,80.62140655517578,381.288330078125,10.35737419128418,70.66028594970703,540.5126342773438,30.14179229736328,136.5380859375,54.62583923339844,27.95770263671875,410.71356201171875,265.32537841796875,331.54425048828125,3.1195385456085205,45.14887619018555,2.6116485595703125,28.945072174072266,89.75151062011719,434.33209228515625,111.79502868652344,168.90464782714844,273.5799865722656,52.506072998046875,459.0798645019531,53.41954040527344,104.82250213623047
2023-09-12,174.2577667236328,304.2837829589844,105.30999755859375,141.22999572753906,27.392942428588867,662.9716186523438,539.3833618164062,63.834991455078125,81.75471496582031,380.0234680175781,10.552315711975098,70.4401626586914,537.265380859375,29.962377548217773,138.3149871826172,54.087745666503906,27.83411979675293,410.2995300292969,266.2263488769531,325.4909973144531,3.1032910346984863,44.841068267822266,2.6574671268463135,29.124170303344727,90.28626251220703,431.9495544433594,111.5489730834961,171.37197875976562,267.4800109863281,52.123046875,459.5777893066406,53.47804641723633,107.88014221191406
2023-09-13,172.19200134277344,303.3368225097656,107.70999908447266,144.85000610351562,27.307842254638672,662.8668823242188,540.3196411132812,63.58153533935547,81.55934143066406,382.7945251464844,10.71335506439209,70.90792083740234,533.2802734375,29.924606323242188,138.38116455078125,54.21762466430664,27.368316650390625,410.3291320800781,267.23162841796875,329.6997985839844,3.1117007732391357,45.45568084716797,2.776594638824463,29.064468383789062,90.93357849121094,432.453125,112.031982421875,173.92440795898438,271.29998779296875,52.226566314697266,459.5203552246094,53.491050720214844,106.91602325439453
2023-09-14,173.70423889160156,305.926513671875,106.62999725341797,144.72000122070312,27.610427856445312,671.9747924804688,545.15576171875,63.31903076171875,82.53632354736328,386.494140625,10.696402549743652,71.64886474609375,538.8397216796875,29.95293426513672,141.0654296875,54.66647720336914,27.510910034179688,407.4115905761719,270.0673828125,332.2897644042969,3.178981065750122,45.551612854003906,3.014850616455078,29.124170303344727,91.14933776855469,436.1819152832031,113.7088623046875,177.70578002929688,276.0400085449219,52.44396209716797,463.12109375,53.715335845947266,108.82589721679688
2023-09-15,172.98269653320312,302.0032653808594,101.48999786376953,140.38999938964844,27.270021438598633,663.0380249023438,537.037841796875,64.15180969238281,83.61100769042969,376.2379150390625,10.68792724609375,70.08362579345703,529.4721069335938,29.811290740966797,140.6495361328125,54.18022537231445,28.223876953125,408.36767578125,263.8742980957031,323.9703063964844,3.178981065750122,43.871700286865234,3.014850616455078,29.055938720703125,90.2768783569336,430.92669677734375,112.14134979248047,178.8590850830078,274.3900146484375,52.526771545410156,466.0898742675781,53.51705551147461,107.15475463867188
2023-09-18,175.90841674804688,305.2403869628906,102.37000274658203,139.97999572753906,27.194377899169922,660.642333984375,543.1768798828125,63.997920989990234,83.06388854980469,372.1993408203125,10.459083557128906,70.03732299804688,526.4512329101562,29.38636016845703,140.94253540039062,54.51686477661133,27.643993377685547,411.1473083496094,263.39056396484375,322.8322448730469,3.3135409355163574,43.93765640258789,2.8773953914642334,28.689226150512695,90.77408599853516,431.17938232421875,108.76024627685547,178.63221740722656,265.2799987792969,52.57853698730469,465.4769287109375,53.1204833984375,108.01787567138672
2023-09-19,176.99569702148438,306.6416015625,101.61000061035156,137.6300048828125,27.090362548828125,655.0045166015625,544.7503662109375,65.16563415527344,80.05476379394531,370.76593017578125,10.645547866821289,70.17625427246094,520.724365234375,28.9330997467041,140.762939453125,54.40465545654297,27.482391357421875,407.59893798828125,263.7794494628906,322.42999267578125,3.305131196975708,43.491939544677734,2.8957226276397705,28.987712860107422,89.39500427246094,430.28515625,109.51667022705078,184.37989807128906,266.5,52.267974853515625,460.3056335449219,53.107486724853516,107.73323059082031
2023-09-20,173.45713806152344,306.1293640136719,100.33999633789062,135.2899932861328,26.995807647705078,649.7944946289062,544.2484130859375,64.640625,80.6604995727539,372.712646484375,10.476034164428711,70.22254943847656,515.2139282226562,28.659255981445312,140.1675262451172,54.64778137207031,27.111652374267578,404.6320495605469,262.8974914550781,314.6991271972656,3.2630810737609863,42.211769104003906,3.0240139961242676,28.672163009643555,89.27308654785156,426.3293762207031,109.73538208007812,178.43368530273438,262.5899963378906,52.45431137084961,471.28985595703125,53.279762268066406,106.87930297851562
2023-09-21,171.91519165039062,301.4911193847656,96.11000061035156,129.3300018310547,26.523029327392578,635.8666381835938,535.80224609375,65.07511901855469,80.82658386230469,366.13653564453125,10.340420722961426,69.7131576538086,496.30133056640625,28.149337768554688,139.0711212158203,53.806182861328125,26.883501052856445,397.5747375488281,257.2259826660156,313.48260498046875,3.24626088142395,40.99055480957031,2.9232139587402344,28.015483856201172,87.34051513671875,419.2828674316406,106.9193344116211,176.1175994873047,255.6999969482422,52.371498107910156,479.9183654785156,52.632904052734375,105.3734359741211
2023-09-22,172.76524353027344,305.4433288574219,96.19999694824219,129.1199951171875,26.135347366333008,627.56689453125,539.1904907226562,64.40526580810547,79.38063049316406,369.3326110839844,10.53536319732666,69.47235107421875,500.4342041015625,28.715911865234375,137.73841857910156,53.86228561401367,26.664859771728516,396.4510803222656,258.1744079589844,311.0102844238281,3.321951389312744,41.58317947387695,2.794922113418579,27.8790340423584,87.88461303710938,418.34014892578125,102.61775207519531,176.8739013671875,244.8800048828125,52.16444778442383,484.6683349609375,52.772682189941406,105.53871154785156
2023-09-25,174.04031372070312,306.3130187988281,97.37999725341797,131.27000427246094,26.097524642944336,625.142578125,539.2192993164062,65.6906509399414,79.14616394042969,371.037109375,10.662500381469727,69.30564880371094,500.1783142089844,28.121009826660156,138.41896057128906,53.30122375488281,26.142017364501953,396.71722412109375,255.86029052734375,311.5302734375,3.3471810817718506,42.19477462768555,2.749103307723999,28.12635040283203,87.00276947021484,420.0993347167969,102.30790710449219,174.73739624023438,246.99000549316406,51.50191116333008,488.67132568359375,53.006717681884766,106.72319030761719
2023-09-26,169.96804809570312,300.14788818359375,95.95999908447266,125.9800033569336,25.690933227539062,614.8463745117188,533.7559204101562,64.56819915771484,78.20824432373047,367.26971435546875,10.53536319732666,69.95397186279297,495.14019775390625,27.412790298461914,136.98231506347656,52.861717224121094,25.248435974121094,389.70916748046875,253.9065704345703,306.23248291015625,3.3640007972717285,41.88398361206055,2.648303270339966,27.6317138671875,86.30855560302734,413.9275207519531,99.77436065673828,170.6345977783203,244.1199951171875,51.04642105102539,484.04583740234375,52.821434020996094,106.88848114013672
2023-09-27,168.4557647705078,303.79095458984375,98.06999969482422,125.9800033569336,25.78548812866211,611.6804809570312,543.9588623046875,63.16514205932617,78.06169891357422,368.2284851074219,10.501459121704102,69.97249603271484,500.1094055175781,27.337247848510742,137.78570556640625,52.31935501098633,25.4860897064209,389.80780029296875,250.03712463378906,306.8702087402344,3.3808209896087646,42.44062042236328,2.7032856941223145,27.37586212158203,85.5299072265625,414.0927429199219,100.01130676269531,172.4213104248047,240.5,50.518455505371094,482.3987121582031,52.567893981933594,110.36846923828125
2023-09-28,168.7127227783203,290.63934326171875,102.76000213623047,125.9800033569336,26.059701919555664,613.4393310546875,548.8816528320312,63.39143753051758,78.2863998413086,370.2623596191406,10.645547866821289,69.85208892822266,504.04547119140625,26.95952796936035,139.4964599609375,52.18844223022461,25.875843048095703,393.7109680175781,251.88650512695312,307.7041320800781,3.4060511589050293,43.061222076416016,2.758267641067505,27.367332458496094,85.4454574584961,416.493408203125,99.84727478027344,174.36453247070312,246.3800048828125,50.93254089355469,488.4989318847656,52.834442138671875,109.69818115234375
2023-09-29,169.22671508789062,296.7657470703125,102.81999969482422,127.12000274658203,25.88949966430664,614.6276245117188,545.339111328125,63.20134353637695,79.18524169921875,366.85333251953125,10.526887893676758,69.40752410888672,502.7662353515625,27.507217407226562,137.0673828125,52.347412109375,25.73325538635254,390.23162841796875,249.847412109375,309.774169921875,3.46492075920105,43.47095489501953,2.7674307823181152,28.28839111328125,85.62371826171875,415.4826354980469,100.7677230834961,171.8124237060547,250.22000122070312,51.13958740234375,482.83917236328125,51.986045837402344,107.96277618408203
2023-10-02,171.73731994628906,297.8770751953125,103.2699966430664,129.4600067138672,25.246517181396484,611.34765625,551.4686889648438,63.08366394042969,79.79096984863281,368.54815673828125,10.43365478515625,68.62952423095703,509.5164489746094,27.4505615234375,135.8859100341797,51.879859924316406,25.84733009338379,390.1724853515625,244.4510040283203,315.7096862792969,3.3135409355163574,44.75313186645508,3.1981239318847656,28.945072174072266,85.49236297607422,415.3174133300781,97.23170471191406,170.5794219970703,251.60000610351562,50.45634078979492,492.7796325683594,52.04130554199219,106.17227935791016
2023-10-03,170.40292358398438,295.9154357910156,100.08000183105469,124.72000122070312,24.499523162841797,594.6435546875,545.4163818359375,62.68537139892578,77.70997619628906,352.70367431640625,10.23023509979248,67.8608169555664,499.3616027832031,26.874542236328125,134.88404846191406,51.31878662109375,25.4860897064209,385.4511413574219,241.35919189453125,307.4588928222656,3.288311004638672,43.48894119262695,3.454707384109497,28.910961151123047,83.9444580078125,409.7579345703125,97.6600341796875,165.98179626464844,246.52999877929688,50.50810241699219,487.8956298828125,51.71299743652344,106.35592651367188
2023-10-04,171.64833068847656,298.96905517578125,104.06999969482422,127.0,24.527891159057617,605.1585693359375,551.9415283203125,62.44097900390625,77.49504089355469,359.3087463378906,10.162431716918945,69.22229766845703,509.1820373535156,26.808441162109375,135.48898315429688,51.468406677246094,25.856836318969727,388.1123962402344,242.61106872558594,312.9234619140625,3.2378509044647217,44.01260757446289,3.170632839202881,28.40778923034668,85.51113891601562,412.7417297363281,97.16791534423828,161.96726989746094,261.1600036621094,50.65304183959961,488.9969177246094,52.33385467529297,102.38008880615234
2023-10-05,172.88388061523438,299.2299499511719,102.91000366210938,125.95999908447266,24.641357421875,608.7427978515625,549.7406616210938,63.13798904418945,78.95075988769531,351.7835998535156,10.086148262023926,69.18522644042969,508.9256896972656,27.053958892822266,136.0602264404297,48.98101806640625,25.97090721130371,389.1094055175781,239.21578979492188,313.3157958984375,3.3640007972717285,44.6591911315918,3.4180519580841064,28.544239044189453,86.65567016601562,412.58624267578125,95.82823181152344,165.39874267578125,260.04998779296875,50.66339874267578,494.3692932128906,51.70975112915039,100.07537841796875
2023-10-06,175.43399047851562,301.6746826171875,107.23999786376953,127.95999908447266,24.650814056396484,616.3104248046875,538.167236328125,63.27375793457031,81.03175354003906,330.7965393066406,10.170906066894531,69.22229766845703,525.6829223632812,27.960479736328125,138.15493774414062,49.69170379638672,25.742759704589844,392.8307189941406,235.41270446777344,321.06634521484375,3.4060511589050293,45.73250198364258,3.344742774963379,28.2542781829834,87.10596466064453,417.4848327636719,95.70063781738281,165.53256225585938,260.5299987792969,49.918033599853516,502.58599853515625,50.84185028076172,98.40424346923828
2023-10-09,176.91661071777344,301.50079345703125,106.97000122070312,128.25999450683594,24.877750396728516,611.8991088867188,539.55712890625,64.49578857421875,82.75125122070312,339.10614013671875,10.23023509979248,69.51866912841797,527.269775390625,27.601648330688477,137.84072875976562,49.44857406616211,25.191402435302734,389.64239501953125,237.0249786376953,323.5779113769531,3.448101282119751,45.243812561035156,3.3539066314697266,28.313976287841797,86.94649505615234,420.1576232910156,96.3841552734375,166.43104553222656,259.6700134277344,49.71099090576172,504.21405029296875,50.656578063964844,101.84751892089844
2023-10-10,176.3235626220703,301.80029296875,109.01000213623047,129.47999572753906,25.539640426635742,610.3114624023438,542.5687866210938,64.93028259277344,83.03458404541016,344.39410400390625,10.340420722961426,70.36148071289062,532.3955078125,28.583711624145508,138.67860412597656,50.523948669433594,25.3339900970459,395.19970703125,238.54244995117188,322.1748962402344,3.4144606590270996,45.768470764160156,3.408888578414917,28.28839111328125,87.41555786132812,422.3445129394531,99.91104888916016,169.32723999023438,263.6199951171875,50.207889556884766,502.04010009765625,51.228668212890625,101.41595458984375
2023-10-11,177.71722412109375,303.2654724121094,108.30999755859375,131.8300018310547,25.54909896850586,610.9959716796875,545.8796997070312,64.93028259277344,82.8978042602539,342.89288330078125,10.382800102233887,71.27840423583984,533.8446044921875,28.649812698364258,139.15467834472656,50.224708557128906,24.906213760375977,394.64691162109375,237.97337341308594,326.1287536621094,3.4312806129455566,46.77582931518555,3.454707384109497,28.23722267150879,86.26163482666016,424.0745544433594,99.32780456542969,170.16839599609375,262.989990234375,50.042259216308594,501.934814453125,51.433448791503906,97.77986907958984
2023-10-12,178.61668395996094,295.3282470703125,108.79000091552734,132.3300018310547,25.43562889099121,604.8162231445312,544.2001953125,64.19706726074219,82.40931701660156,339.1351623535156,10.170906066894531,71.09317016601562,535.6484375,26.279638290405273,138.8309783935547,49.383121490478516,24.19325065612793,394.73577880859375,233.4874267578125,324.89251708984375,3.4565110206604004,46.914737701416016,3.344742774963379,28.075183868408203,85.7644271850586,421.4891662597656,100.97734069824219,173.58074951171875,258.8699951171875,49.45218276977539,503.2850646972656,51.66749572753906,97.7614974975586
2023-10-13,176.77822875976562,292.8732604980469,105.08999633789062,129.7899932861328,25.303253173828125,596.7256469726562,547.1539306640625,64.75829315185547,82.40931701660156,335.8810119628906,10.009867668151855,71.91746520996094,525.4363403320312,25.5430908203125,140.91612243652344,49.45792007446289,24.11720085144043,392.889892578125,235.49807739257812,321.5274658203125,3.5069711208343506,45.43169403076172,3.317251443862915,27.3843936920166,85.82072448730469,419.3897705078125,102.05274200439453,169.83384704589844,251.1199951171875,49.483245849609375,516.5581665039062,51.95354080200195,100.88341522216797
2023-10-16,176.64974975585938,296.2791748046875,106.45999908447266,132.5500030517578,25.52073097229004,604.1317749023438,552.3662719726562,64.71304321289062,83.7380142211914,340.5975646972656,10.111576080322266,73.35303497314453,533.1744384765625,26.100223541259766,140.77333068847656,49.9628791809082,24.345352172851562,395.97943115234375,237.04397583007812,326.344482421875,3.5322012901306152,46.06528854370117,3.317251443862915,28.373674392700195,87.85647583007812,423.8023986816406,101.51502990722656,171.191162109375,253.9199981689453,49.70064163208008,515.2462158203125,52.40211868286133,100.95685577392578
2023-10-17,175.09791564941406,299.10284423828125,105.13999938964844,131.47000122070312,26.116437911987305,604.7498168945312,554.3933715820312,65.1837387084961,84.21675872802734,339.445068359375,10.20481014251709,74.53852844238281,531.0846557617188,25.165374755859375,140.46864318847656,50.56135177612305,24.516462326049805,396.5816345214844,238.1820526123047,325.77545166015625,3.5237913131713867,43.909671783447266,3.454707384109497,27.930204391479492,88.35369873046875,423.782958984375,102.58130645751953,170.35000610351562,254.85000610351562,50.08366775512695,513.9247436523438,52.47038269042969,102.27908325195312
2023-10-18,173.80308532714844,294.7557067871094,102.16999816894531,128.1300048828125,25.823307037353516,586.2963256835938,554.6829833984375,64.35094451904297,82.73172760009766,334.2442932128906,9.959012985229492,73.788330078125,519.8869018554688,24.438270568847656,138.92617797851562,50.54264831542969,23.48028564453125,388.1322021484375,242.8197479248047,323.86236572265625,3.5322012901306152,42.16879653930664,3.298924684524536,26.78740882873535,87.9502944946289,418.1360168457031,100.43964385986328,168.2089080810547,242.67999267578125,50.062965393066406,513.359619140625,52.5093879699707,103.71148681640625
2023-10-19,173.42747497558594,293.95037841796875,102.4000015258789,128.39999389648438,25.49236488342285,591.8295288085938,545.9860229492188,64.46508026123047,81.33462524414062,333.4598083496094,9.772544860839844,72.6491470336914,514.0711059570312,23.67339515686035,138.3358154296875,50.82318115234375,23.166584014892578,382.86114501953125,245.04849243164062,325.04949951171875,3.481740951538086,42.07386016845703,3.188960313796997,26.59978675842285,88.5788345336914,414.46209716796875,98.75365447998047,166.98544311523438,220.11000061035156,50.09402084350586,509.1171875,52.25909423828125,103.7757568359375
2023-10-20,170.87741088867188,288.1866455078125,101.80999755859375,125.16999816894531,24.877750396728516,584.5280151367188,533.7269287109375,63.040836334228516,80.74842071533203,336.73333740234375,9.865777969360352,72.05638885498047,499.5711975097656,23.021831512451172,136.10784912109375,51.028907775878906,23.00497817993164,379.44586181640625,244.7924041748047,320.487548828125,3.46492075920105,41.36031723022461,3.1156511306762695,26.139257431030273,88.36307525634766,409.3691101074219,99.18197631835938,165.81930541992188,211.99000549316406,49.8973274230957,504.71197509765625,51.60573196411133,101.99443054199219
2023-10-23,170.99598693847656,286.18780517578125,100.01000213623047,126.55999755859375,24.178030014038086,584.4329223632812,533.1091918945312,62.986061096191406,81.18805694580078,337.3240966796875,9.7301664352417,71.83409881591797,496.8309020996094,23.41843605041504,134.25119018554688,50.57070541381836,23.090532302856445,378.71539306640625,241.6057891845703,323.0873107910156,3.4901511669158936,42.947296142578125,3.0240139961242676,26.30129623413086,88.37244415283203,408.65960693359375,97.89698028564453,166.13473510742188,212.0800018310547,50.27000427246094,499.4831848144531,52.33710479736328,100.49775695800781
2023-10-24,171.430908203125,287.30364990234375,101.66999816894531,128.55999755859375,24.083473205566406,582.208251953125,532.6748046875,62.96780776977539,80.6604995727539,342.4473876953125,9.653886795043945,72.38055419921875,498.5953674316406,23.843366622924805,134.41305541992188,52.02947235107422,22.71978759765625,381.91357421875,243.9957275390625,324.2744445800781,3.5994813442230225,43.63484573364258,2.9873597621917725,25.95163345336914,88.76647186279297,411.7406921386719,99.04529571533203,166.43104553222656,216.52000427246094,50.24930191040039,502.7679748535156,53.06522750854492,99.52445983886719
2023-10-25,169.1179962158203,283.99481201171875,96.05999755859375,121.38999938964844,24.159122467041016,578.6812744140625,530.8890991210938,62.56609344482422,78.7358169555664,338.88336181640625,9.781022071838379,72.60282897949219,476.130859375,23.720609664916992,133.67990112304688,52.47832107543945,22.43460464477539,381.3212890625,244.71653747558594,334.2225341796875,3.8433713912963867,41.75206756591797,2.932377338409424,26.207483291625977,88.18482208251953,405.831298828125,100.57633209228516,167.44424438476562,212.4199981689453,50.238948822021484,507.7572937011719,52.90595245361328,99.70809173583984
2023-10-26,164.95675659179688,283.3739013671875,93.66999816894531,119.56999969482422,24.698091506958008,577.1505737304688,528.58203125,62.06395721435547,77.9444580078125,335.03851318359375,9.61998176574707,72.70469665527344,472.6020202636719,24.476041793823242,134.02267456054688,52.1603889465332,22.234975814819336,359.8817443847656,242.63006591796875,321.6844177246094,3.961111307144165,40.30000305175781,2.9873597621917725,26.574199676513672,86.93710327148438,400.97161865234375,101.0411376953125,164.03189086914062,205.75999450683594,48.924224853515625,505.98565673828125,52.584144592285156,98.799072265625
2023-10-27,166.2713623046875,281.43316650390625,96.43000030517578,127.73999786376953,23.799806594848633,568.603515625,524.1707153320312,60.52103042602539,77.50480651855469,329.8667297363281,8.441851615905762,70.96349334716797,472.6710510253906,24.221084594726562,129.19534301757812,51.65542984008789,21.236825942993164,359.37835693359375,242.5636749267578,323.56805419921875,4.011571407318115,40.4738883972168,2.8040857315063477,25.67873191833496,86.32731628417969,399.15411376953125,97.72383880615234,165.17889404296875,207.3000030517578,47.88902282714844,502.44232177734375,52.38911819458008,96.916748046875
2023-10-30,168.3173828125,284.0143127441406,96.18000030517578,132.7100067138672,24.2914981842041,577.1980590820312,535.6091918945312,62.09135055541992,78.82374572753906,328.0363464355469,8.280813217163086,72.02860260009766,480.5370178222656,24.494930267333984,130.842529296875,52.506378173828125,21.3984317779541,367.6106872558594,246.72714233398438,330.9261169433594,3.851780652999878,41.13446807861328,2.8773953914642334,26.053974151611328,87.38739776611328,403.92633056640625,99.03616333007812,163.83116149902344,197.36000061035156,48.6136589050293,507.54669189453125,52.9904670715332,97.21975708007812
2023-10-31,168.79183959960938,288.2739562988281,98.5,133.08999633789062,24.906118392944336,582.1036376953125,533.2539672851562,63.00432205200195,79.71280670166016,328.3074951171875,8.392715454101562,72.74174499511719,487.880615234375,24.003896713256836,132.40402221679688,52.824310302734375,21.13225746154785,371.48992919921875,248.6429443359375,331.7109680175781,3.8601913452148438,40.75371170043945,2.9598686695098877,26.062501907348633,86.53370666503906,406.4631042480469,100.96822357177734,167.44424438476562,200.83999633789062,49.01740264892578,512.8807983398438,53.11723709106445,97.19220733642578
2023-11-01,171.9547576904297,291.7186279296875,108.04000091552734,137.0,24.962846755981445,585.8400268554688,537.4624633789062,62.74869155883789,79.20478057861328,333.2855224609375,8.530442237854004,74.26994323730469,482.1831359863281,23.918909072875977,132.28977966308594,52.777557373046875,21.13225746154785,372.9408874511719,248.4532470703125,339.52032470703125,3.9527013301849365,42.2977180480957,2.904886245727539,26.019861221313477,85.69876861572266,410.7979431152344,99.82904052734375,177.57615661621094,205.66000366210938,48.872467041015625,509.08837890625,53.59182357788086,96.99937438964844
2023-11-02,175.5130615234375,298.9766540527344,107.83000183105469,138.07000732421875,26.116437911987305,612.7262573242188,537.646240234375,63.57950210571289,81.37369537353516,337.40155029296875,8.728424072265625,75.23316192626953,493.2034912109375,24.372169494628906,134.6510772705078,53.3853759765625,22.016334533691406,377.7480163574219,253.08145141601562,341.727783203125,3.902240514755249,43.47795104980469,3.647144079208374,26.011333465576172,93.8230209350586,418.67059326171875,101.22339630126953,178.31216430664062,218.50999450683594,49.34866714477539,513.4266967773438,53.803104400634766,100.18555450439453
2023-11-03,174.6037139892578,304.1873474121094,112.25,138.60000610351562,26.872886657714844,625.5418701171875,542.4138793945312,64.13640594482422,83.11274719238281,350.5342712402344,9.089958190917969,75.56658172607422,491.3897705078125,25.439220428466797,136.15545654296875,53.0580940246582,22.529666900634766,381.0646057128906,254.04884338378906,346.1229553222656,3.9274706840515137,44.97598648071289,3.7662723064422607,26.659486770629883,96.2997055053711,422.4902648925781,102.8456039428711,181.21791076660156,219.9600067138672,49.31761169433594,508.4181213378906,53.523555755615234,98.96435546875
2023-11-06,177.15380859375,303.79913330078125,111.75,139.74000549316406,26.78778648376465,621.0259399414062,551.0398559570312,64.89418029785156,82.08689880371094,356.64544677734375,8.87475872039795,75.14981079101562,493.3512878417969,25.599750518798828,137.1837615966797,53.273170471191406,22.368061065673828,381.1732482910156,255.0352020263672,349.7823486328125,3.9274706840515137,45.72150421142578,3.6379806995391846,26.591257095336914,97.59432220458984,423.46221923828125,101.2051773071289,181.27525329589844,219.27000427246094,49.41078186035156,510.8697509765625,53.595069885253906,97.21057891845703
2023-11-07,179.7138214111328,305.8369140625,113.44999694824219,142.7100067138672,26.627038955688477,616.624267578125,552.4420776367188,64.13640594482422,82.64378356933594,359.9866943359375,8.754250526428223,74.65894317626953,506.5697021484375,25.325904846191406,137.1171112060547,53.469539642333984,22.39657974243164,383.84820556640625,254.8075714111328,353.7066650390625,3.8938307762145996,45.925376892089844,3.5738346576690674,26.650959014892578,97.26598358154297,424.6673583984375,101.47857666015625,181.19882202148438,222.17999267578125,49.483245849609375,515.0546875,53.84536361694336,95.68634796142578
2023-11-08,180.77142333984375,308.3888244628906,113.58999633789062,142.0800018310547,26.371736526489258,622.6707153320312,548.68017578125,62.76695251464844,82.55585479736328,360.1222839355469,8.650954246520996,72.14900207519531,514.9188232421875,24.976518630981445,137.79312133789062,53.3853759765625,22.80534553527832,384.66748046875,253.68841552734375,356.3261413574219,3.818141222000122,46.543975830078125,3.720453977584839,26.284238815307617,97.84764099121094,424.9784240722656,100.11155700683594,175.32037353515625,222.11000061035156,49.49360656738281,514.0012817382812,53.406532287597656,94.51103973388672
2023-11-09,180.29696655273438,304.8956604003906,113.48999786376953,140.60000610351562,26.031335830688477,619.6949462890625,544.7057495117188,60.9318733215332,88.26148986816406,358.04010009765625,8.349677085876465,69.444580078125,507.1908264160156,24.31551170349121,137.38372802734375,52.98328399658203,22.19695281982422,382.949951171875,253.1383514404297,353.8636169433594,3.8433713912963867,46.91973114013672,3.6379806995391846,25.65328025817871,96.43270111083984,421.66412353515625,97.32283782958984,176.08505249023438,209.97999572753906,50.24930191040039,516.1751098632812,53.28302001953125,94.5385971069336
2023-11-10,184.48350524902344,310.2033386230469,118.58999633789062,143.55999755859375,26.173168182373047,632.2254638671875,558.0992431640625,61.790061950683594,86.23912048339844,366.58209228515625,8.487401962280273,70.31517791748047,521.3358154296875,24.324954986572266,139.42127990722656,53.039390563964844,22.016334533691406,389.2870788574219,253.97296142578125,362.67364501953125,3.851780652999878,48.30384063720703,3.692962884902954,25.480417251586914,98.41361236572266,428.2441101074219,98.726318359375,178.74229431152344,214.64999389648438,50.145774841308594,518.2915649414062,54.02089309692383,95.26396942138672
2023-11-13,182.8999481201172,306.2638244628906,116.79000091552734,142.58999633789062,26.19208335876465,628.850341796875,559.172607421875,61.899627685546875,87.38219451904297,362.7468566894531,8.452970504760742,69.39826202392578,524.578857421875,24.31551170349121,138.8024139404297,53.23576736450195,21.949790954589844,389.2574768066406,255.31021118164062,359.740234375,3.8770108222961426,48.588653564453125,3.592162847518921,25.048250198364258,97.64012908935547,427.8359069824219,97.7876205444336,179.4496307373047,223.7100067138672,50.0008544921875,519.5939331054688,54.505226135253906,96.26480865478516
2023-11-14,185.51280212402344,310.9795837402344,119.87999725341797,145.8000030517578,27.629335403442383,662.9810180664062,571.328369140625,62.5387077331543,88.97470092773438,370.35919189453125,8.952230453491211,69.2037582397461,547.5855102539062,25.22203254699707,141.3350830078125,53.39472579956055,23.100038528442383,392.5148620605469,257.48199462890625,363.26226806640625,3.7760908603668213,49.623985290527344,3.833495616912842,25.290264129638672,99.61160278320312,436.13623046875,102.0140380859375,183.5979766845703,237.41000366210938,50.518455505371094,517.5733032226562,54.4954719543457,96.63546752929688
2023-11-15,186.07693481445312,315.8409423828125,118.0,143.1999969482422,28.00756072998047,673.9049072265625,577.1112670898438,63.11388397216797,91.76889038085938,369.4100646972656,9.01248550415039,69.5001449584961,547.6051635742188,26.997303009033203,142.57284545898438,53.49759292602539,23.70843505859375,391.70538330078125,256.4388427734375,363.40972900390625,3.7004013061523438,48.856483459472656,3.712829351425171,26.09408950805664,100.01720428466797,437.0595397949219,120.12593841552734,180.7591094970703,242.83999633789062,50.0526123046875,515.6100463867188,55.18783950805664,96.05169677734375
2023-11-16,187.75942993164062,317.6069030761719,119.83000183105469,142.8300018310547,27.93191909790039,679.6660766601562,559.5111694335938,62.31045913696289,92.33555603027344,362.9309387207031,8.745640754699707,69.0185317993164,548.9951782226562,26.51571273803711,144.20101928710938,53.44148635864258,23.090532302856445,391.9719543457031,261.8731689453125,369.7997131347656,3.641530990600586,49.448097229003906,3.6292905807495117,25.731069564819336,101.13027954101562,437.59417724609375,119.64710998535156,181.99212646484375,233.58999633789062,49.85823440551758,516.96044921875,50.72157669067383,94.93978118896484
2023-11-17,187.7396697998047,318.1017150878906,120.62000274658203,145.17999267578125,28.347963333129883,681.5294799804688,558.1282348632812,62.82171630859375,91.98384094238281,360.6840515136719,8.84032917022705,69.87987518310547,552.1592407226562,26.071895599365234,145.50543212890625,53.544349670410156,23.584856033325195,395.1306457519531,261.5222473144531,363.5867614746094,3.6835813522338867,49.26622009277344,3.638573169708252,25.860719680786133,99.58329010009766,438.138427734375,119.60106658935547,184.82144165039062,234.3000030517578,49.47158432006836,513.579833984375,50.497291564941406,97.25629425048828
2023-11-20,189.4815673828125,321.0806579589844,121.52999877929688,146.1300048828125,28.376331329345703,685.389404296875,561.6578979492188,62.319602966308594,92.84358215332031,356.8875732421875,8.900583267211914,70.38927459716797,556.4371337890625,26.95952796936035,145.95294189453125,53.67526626586914,23.88905143737793,399.1777038574219,264.63299560546875,371.0482177734375,3.6835813522338867,50.376502990722656,3.6942648887634277,25.912578582763672,98.38532257080078,441.5110778808594,119.38008880615234,179.3922576904297,235.60000610351562,49.095367431640625,512.440185546875,50.48104476928711,96.8300552368164
2023-11-21,188.6798858642578,320.4596862792969,119.16000366210938,143.89999389648438,28.045385360717773,688.9259643554688,565.0426635742188,62.155250549316406,92.27692413330078,357.6719970703125,8.771464347839355,69.17599487304688,554.1503295898438,26.51571273803711,145.64825439453125,54.26438522338867,23.413742065429688,403.66888427734375,265.9986877441406,366.7522277832031,3.6667613983154297,49.911800384521484,3.6014444828033447,26.189165115356445,97.80989837646484,440.5487976074219,120.43899536132812,175.1196746826172,241.1999969482422,49.80598449707031,516.740234375,50.6630744934082,96.79298400878906
2023-11-22,189.34298706054688,323.2445373535156,122.51000213623047,146.7100067138672,28.017017364501953,691.3027954101562,569.6650390625,63.123008728027344,92.8826675415039,357.8463439941406,8.831719398498535,70.11140441894531,556.1710205078125,26.732900619506836,145.99099731445312,54.62907028198242,23.489789962768555,405.03106689453125,267.3833312988281,371.4512634277344,3.7172210216522217,48.684593200683594,3.657136917114258,26.206449508666992,97.57408905029297,442.24969482421875,120.1627426147461,176.0946044921875,234.2100067138672,49.93138122558594,520.733642578125,50.2762565612793,96.37601470947266
2023-11-24,188.0167999267578,324.12750244140625,122.30999755859375,146.74000549316406,28.111572265625,694.1170043945312,571.8698120117188,63.37862777709961,93.84989166259766,358.65020751953125,8.952230453491211,69.8150405883789,556.0133666992188,27.1578311920166,146.1909637451172,54.769344329833984,23.64189338684082,407.173095703125,267.9618835449219,371.038330078125,3.734041213989258,47.74519729614258,3.657136917114258,26.362030029296875,96.95152282714844,442.5218505859375,121.04671478271484,179.98487854003906,235.4499969482422,50.088138580322266,523.9320068359375,50.72808074951172,96.89491271972656
2023-11-27,187.83863830566406,322.5652770996094,122.6500015258789,147.72999572753906,27.950824737548828,694.6683349609375,575.2932739257812,62.757808685302734,92.98036193847656,374.8723449707031,8.900583267211914,69.38899993896484,553.2139282226562,26.761228561401367,145.85772705078125,54.66647720336914,23.233125686645508,403.6886291503906,267.2980041503906,372.1983642578125,3.691990852355957,48.21090316772461,3.7499570846557617,26.050870895385742,96.5553207397461,441.724853515625,120.92700958251953,178.3695068359375,236.0800018310547,49.983642578125,520.5707397460938,50.9588737487793,96.32968139648438
2023-11-28,188.44235229492188,322.69140625,122.01000213623047,147.02999877929688,27.922460556030273,700.4486694335938,574.4229125976562,63.2873420715332,90.37178802490234,376.0345153808594,8.926405906677246,69.00926208496094,556.9990844726562,26.591257095336914,146.1909637451172,54.77870178222656,23.5943603515625,403.7281188964844,267.5351257324219,376.2191467285156,3.5994813442230225,47.79016876220703,3.740675687789917,25.661924362182617,95.4422378540039,442.1622619628906,121.2400894165039,178.8952178955078,246.72000122070312,50.056793212890625,517.6403198242188,51.56672668457031,96.27409362792969
2023-11-29,187.4229736328125,323.4482727050781,123.8499984741211,146.32000732421875,28.659996032714844,710.4693603515625,568.4852905273438,61.077945709228516,90.37178802490234,376.6059265136719,9.1157808303833,69.67611694335938,568.9853515625,25.911367416381836,146.9336395263672,54.45140838623047,24.07917594909668,404.5277099609375,265.913330078125,372.434326171875,3.2967214584350586,48.10896682739258,3.833495616912842,25.999011993408203,94.18766021728516,441.8512268066406,120.91780090332031,181.14144897460938,244.13999938964844,49.67013168334961,512.3252563476562,50.73458480834961,94.82856750488281
2023-11-30,187.99697875976562,323.25421142578125,121.16000366210938,146.08999633789062,29.060304641723633,714.20556640625,573.204345703125,62.03656005859375,90.55742645263672,380.50897216796875,8.831719398498535,70.94497680664062,563.2978515625,25.90192413330078,148.60940551757812,55.08292007446289,24.30732536315918,408.4858703613281,268.899658203125,372.4932861328125,3.2630810737609863,46.73985290527344,3.7499570846557617,26.33609962463379,93.66886138916016,443.5909729003906,123.2105484008789,181.39952087402344,240.0800018310547,49.84779357910156,529.553466796875,50.60781478881836,95.19922637939453
2023-12-01,189.2737274169922,328.0282287597656,121.38999938964844,147.02999877929688,29.50826644897461,719.0731201171875,576.5986938476562,62.52044677734375,90.44995880126953,384.66375732421875,9.107172966003418,71.91746520996094,566.1170043945312,25.64696502685547,149.33302307128906,55.27143096923828,25.37201690673828,409.009033203125,272.8304443359375,368.1678161621094,3.4144606590270996,46.73485565185547,3.9912915229797363,24.987747192382812,93.57453155517578,446.2152404785156,124.10372161865234,184.22882080078125,238.8300018310547,50.06724166870117,525.777099609375,50.16899490356445,95.43087005615234
2023-12-04,187.48233032226562,326.4465637207031,118.56999969482422,144.83999633789062,29.374834060668945,719.1492309570312,579.3355102539062,62.52044677734375,89.89307403564453,387.2205505371094,9.210468292236328,72.55652618408203,562.3219604492188,25.108718872070312,150.427978515625,55.205448150634766,25.951894760131836,402.958251953125,272.99267578125,362.8887634277344,3.355591058731079,45.48066329956055,3.9912915229797363,25.307546615600586,92.06526184082031,443.87286376953125,123.11849975585938,179.095947265625,235.5800018310547,50.265804290771484,526.8533935546875,50.155982971191406,94.9119873046875
2023-12-05,191.4313201904297,325.8643493652344,118.37999725341797,146.8800048828125,29.146087646484375,717.1242065429688,585.3988647460938,64.83939361572266,88.7011489868164,381.63238525390625,9.1243896484375,73.18631744384766,563.6132202148438,24.664901733398438,150.40896606445312,55.29027557373047,25.82831573486328,403.41229248046875,273.3838195800781,366.21148681640625,3.288311004638672,46.540077209472656,3.861342668533325,25.143325805664062,90.1220703125,443.7853698730469,122.354248046875,179.68856811523438,238.72000122070312,49.889583587646484,528.7559814453125,50.620819091796875,93.06803894042969
2023-12-06,190.34263610839844,325.4568176269531,116.81999969482422,144.52000427246094,29.098426818847656,711.1618041992188,587.4102783203125,67.10357666015625,89.39481353759766,380.16998291015625,9.201859474182129,73.50120544433594,558.1424560546875,25.118160247802734,148.828369140625,55.23372268676758,26.60782241821289,405.0804748535156,273.6890869140625,362.5544738769531,3.288311004638672,45.4776611328125,3.861342668533325,24.8840274810791,91.51814270019531,441.99700927734375,122.81462860107422,181.50466918945312,239.3699951171875,49.920936584472656,528.054443359375,50.07147216796875,91.83566284179688
2023-12-07,192.27256774902344,325.1560363769531,128.3699951171875,146.8800048828125,29.222333908081055,713.4300537109375,590.814208984375,67.56918334960938,90.22525787353516,389.3318786621094,9.313762664794922,72.28793334960938,563.3274536132812,25.429777145385742,149.28543090820312,55.365684509277344,27.720046997070312,407.814697265625,273.6224060058594,364.6681213378906,3.2967214584350586,46.57005310058594,3.898470401763916,24.7457332611084,90.97103881835938,445.3695983886719,124.48124694824219,181.83921813964844,242.63999938964844,50.098594665527344,526.8436889648438,49.74195098876953,91.19629669189453
2023-12-08,193.69776916503906,327.22283935546875,128.9199981689453,147.4199981689453,29.50826644897461,712.75048828125,590.6497802734375,68.56432342529297,90.97998046875,382.45556640625,9.477313995361328,73.18631744384766,565.7030029296875,24.976518630981445,150.9326171875,55.24314880371094,27.634489059448242,406.83746337890625,272.4201965332031,367.8925476074219,3.2546706199645996,47.479549407958984,3.889188528060913,24.875383377075195,91.13141632080078,447.2843322753906,124.48124694824219,179.0099334716797,243.83999633789062,49.58653259277344,528.2850952148438,49.21992874145508,92.24337005615234
2023-12-11,191.19378662109375,332.152099609375,134.41000366210938,145.88999938964844,29.403425216674805,720.1006469726562,603.2987060546875,67.34095764160156,90.37226867675781,384.9543151855469,9.528960227966309,74.17731475830078,578.2806396484375,24.17386817932129,151.48484802246094,55.64845275878906,27.891159057617188,410.3415832519531,275.8739929199219,365.0121765136719,3.229440689086914,46.601036071777344,3.833495616912842,24.754377365112305,92.55577087402344,449.02410888671875,125.92689514160156,178.81875610351562,239.74000549316406,49.49247360229492,522.4331665039062,49.34390640258789,92.3082275390625
2023-12-12,192.7080841064453,333.0351257324219,137.61000061035156,147.47999572753906,29.298582077026367,726.6851806640625,608.7529907226562,67.18573760986328,89.26467895507812,384.3053894042969,9.60643196105957,74.85343933105469,585.693359375,23.777265548706055,152.83689880371094,56.00661849975586,28.813261032104492,415.31658935546875,278.039794921875,368.0400085449219,3.1873910427093506,47.63046646118164,3.805649518966675,24.702516555786133,92.58407592773438,451.0749206542969,124.9140396118164,176.6394500732422,237.00999450683594,49.68058776855469,524.3933715820312,49.383056640625,90.85346221923828
2023-12-13,195.9246368408203,333.4426574707031,138.19000244140625,148.83999633789062,30.53762435913086,740.2179565429688,620.8408813476562,68.73779296875,90.98979187011719,390.10662841796875,9.675294876098633,76.95584106445312,601.5042114257812,23.881139755249023,153.35104370117188,56.48732376098633,27.710542678833008,419.1957702636719,282.34271240234375,368.03021240234375,3.2210309505462646,48.06122970581055,4.0098557472229,23.043004989624023,92.54633331298828,457.2952575683594,127.41856384277344,177.28939819335938,239.2899932861328,50.27625274658203,527.5548095703125,50.26070022583008,91.65959167480469
2023-12-14,196.07308959960938,332.5596618652344,138.0,147.4199981689453,32.348533630371094,772.470947265625,609.99072265625,68.00741577148438,92.07778930664062,391.3306579589844,10.398359298706055,76.4324722290039,592.5933227539062,24.778215408325195,156.1407928466797,55.64845275878906,28.290416717529297,413.15478515625,276.70404052734375,359.733154296875,3.212620973587036,48.32307815551758,4.121240139007568,22.584911346435547,92.2916488647461,458.762939453125,129.95993041992188,175.32037353515625,251.0500030517578,49.95228958129883,513.362060546875,49.64733123779297,94.12437438964844
2023-12-15,195.53868103027344,333.9374694824219,139.14999389648438,149.97000122070312,32.024478912353516,783.8311767578125,637.106689453125,67.95264434814453,91.60729217529297,388.6107177734375,10.346713066101074,75.07727813720703,599.8186645507812,25.883037567138672,157.32142639160156,55.23372268676758,27.577451705932617,413.1647033691406,274.080322265625,364.4517822265625,3.4733312129974365,48.86277770996094,3.861342668533325,23.017078399658203,91.2634506225586,458.0075378417969,127.40935516357422,172.64401245117188,253.5,49.502933502197266,510.364013671875,49.83330154418945,93.49427795410156
2023-12-18,193.87591552734375,331.7057189941406,138.89999389648438,154.07000732421875,31.862445831298828,762.2401123046875,658.7875366210938,68.36347198486328,91.0191879272461,391.51519775390625,10.269241333007812,74.30155944824219,609.5970458984375,25.15593147277832,158.27357482910156,55.629600524902344,27.5394287109375,418.94903564453125,276.9044189453125,366.3393249511719,3.5322012901306152,50.04911804199219,3.777803897857666,23.38873863220215,91.084228515625,460.5838623046875,126.81084442138672,175.18655395507812,252.0800018310547,49.81643295288086,505.9725341796875,50.56086349487305,94.18923950195312
2023-12-19,194.91514587402344,331.3758239746094,140.14999389648438,153.7899932861328,31.938688278198242,766.9677734375,655.4029541015625,69.62338256835938,92.06797790527344,394.9248046875,10.346713066101074,74.29220581054688,612.5836791992188,26.06245231628418,160.38729858398438,55.45051574707031,28.06226921081543,419.9756164550781,277.3815002441406,366.9390563964844,3.6687114238739014,49.57637405395508,3.842778205871582,24.339500427246094,92.17845153808594,463.38458251953125,128.52346801757812,175.82696533203125,257.2200012207031,50.088138580322266,503.56060791015625,50.74357223510742,95.43087005615234
2023-12-20,192.8268280029297,329.42547607421875,135.47000122070312,152.1199951171875,31.433547973632812,755.3394775390625,639.2147827148438,70.51808166503906,89.46070861816406,391.71917724609375,10.15733814239502,73.45106506347656,606.915771484375,24.957632064819336,158.57827758789062,54.30059814453125,27.804025650024414,414.0333557128906,275.72137451171875,364.34368896484375,3.6772427558898926,48.08421325683594,3.684983015060425,23.881404876708984,89.33914947509766,456.9633483886719,126.05579376220703,171.99404907226562,247.13999938964844,49.73283386230469,495.7675476074219,50.149776458740234,93.83712005615234
2023-12-21,192.6783447265625,338.4010009765625,139.91000366210938,153.83999633789062,31.643226623535156,764.7857055664062,643.2376708984375,71.77800750732422,90.19584655761719,397.1104736328125,10.622167587280273,73.7688217163086,612.1204223632812,26.421281814575195,159.48280334472656,54.65877151489258,28.31094741821289,417.9717102050781,278.0111999511719,367.2142333984375,3.7199032306671143,48.96272277832031,3.796367883682251,24.469148635864258,89.92398834228516,461.2962951660156,128.3301239013672,172.87342834472656,254.5,49.99409103393555,499.56329345703125,50.50539779663086,94.26335906982422
2023-12-22,191.60946655273438,343.9318542480469,139.60000610351562,153.4199981689453,31.862445831298828,767.9631958007812,649.4652709960938,71.90580749511719,89.21566009521484,398.1207275390625,10.630772590637207,74.45108795166016,615.1564331054688,26.053010940551758,159.38755798339844,54.96980667114258,28.215299606323242,418.623291015625,278.306884765625,368.236572265625,3.873476505279541,48.80281066894531,3.9727277755737305,24.546937942504883,89.8768310546875,462.2233581542969,129.0944061279297,170.6463165283203,252.5399932861328,50.265804290771484,499.9764709472656,51.108978271484375,94.43016052246094
2023-12-26,191.0651397705078,342.942138671875,143.41000366210938,153.41000366210938,32.27228546142578,771.9732666015625,652.3858032226562,72.12492370605469,89.14705657958984,399.5777893066406,10.716853141784668,74.72211456298828,615.9252319335938,26.071895599365234,160.3302001953125,55.19602584838867,27.880544662475586,418.1987609863281,279.4136657714844,368.3152770996094,3.7199032306671143,49.251556396484375,4.00057315826416,24.555583953857422,90.24470520019531,464.175048828125,129.858642578125,171.9080352783203,256.6099853515625,50.29714584350586,499.7073669433594,51.03068161010742,94.64326477050781
2023-12-27,191.16407775878906,343.320556640625,146.07000732421875,153.33999633789062,32.25321578979492,778.3280639648438,659.4869995117188,71.96060180664062,88.58834838867188,402.01605224609375,10.665205001831055,75.11466217041016,620.1342163085938,26.2040958404541,161.29183959960938,55.33740997314453,27.93792724609375,418.8799133300781,281.02606201171875,367.7352600097656,3.7113709449768066,49.389488220214844,3.9912915229797363,24.728445053100586,89.88624572753906,465.0143737792969,131.1017303466797,172.73960876464844,261.44000244140625,50.56885528564453,502.3594970703125,51.510292053222656,94.19850158691406
2023-12-28,191.58970642089844,341.1567077636719,148.75999450683594,153.3800048828125,32.29134750366211,779.4383544921875,655.8275146484375,72.0975341796875,88.60795593261719,399.4515380859375,10.622167587280273,75.83432006835938,619.0499267578125,26.9217586517334,162.14877319335938,55.3751106262207,28.100526809692383,420.81463623046875,282.2568359375,368.9247741699219,3.608988046646118,49.49442672729492,4.0469841957092285,24.8840274810791,90.48995971679688,465.1899719238281,131.2490234375,173.1123809814453,253.17999267578125,50.66291046142578,504.386962890625,51.40914535522461,92.83637237548828
2023-12-29,190.55047607421875,340.4969177246094,147.41000366210938,151.94000244140625,32.0911865234375,776.9404296875,652.8406982421875,72.0884017944336,88.50013732910156,400.4424133300781,10.493045806884766,75.71282196044922,616.1026611328125,27.280588150024414,161.95835876464844,55.54476547241211,27.622303009033203,421.0021667480469,282.8960876464844,369.67193603515625,3.58339262008667,49.49442672729492,4.084112167358398,24.8840274810791,90.5654296875,463.8433532714844,131.13853454589844,175.2821502685547,248.47999572753906,50.66291046142578,505.8957214355469,51.43524932861328,92.64179229736328
2024-01-02,183.73130798339844,336.6252746582031,138.5800018310547,149.92999267578125,32.31040573120117,765.9342041015625,643.5142211914062,73.81391906738281,88.91181182861328,401.32635498046875,10.467222213745117,77.7969970703125,595.136474609375,25.684736251831055,163.8435821533203,56.383644104003906,27.239721298217773,416.4418029785156,283.4017639160156,364.5894775390625,3.660179376602173,48.14117431640625,4.037701606750488,25.696495056152344,88.35812377929688,461.2474365234375,131.76466369628906,173.36090087890625,248.4199981689453,50.67335891723633,518.2626953125,51.97032165527344,94.84712982177734
2024-01-03,182.35560607910156,327.8923645019531,135.32000732421875,148.47000122070312,31.95775604248047,750.477783203125,637.6195068359375,73.84131622314453,89.83317565917969,389.00897216796875,10.079866409301758,78.02130889892578,582.69677734375,25.939693450927734,163.12948608398438,56.515602111816406,26.12067413330078,413.3620910644531,280.8734130859375,364.32403564453125,3.8052215576171875,47.542510986328125,3.852060317993164,25.696495056152344,87.94307708740234,457.4805603027344,127.68559265136719,173.532958984375,238.4499969482422,50.830116271972656,520.84765625,51.973575592041016,95.64399719238281
2024-01-04,180.0396728515625,327.08697509765625,136.00999450683594,144.57000732421875,32.215091705322266,752.200439453125,641.2394409179688,73.50352478027344,88.76478576660156,389.7958068847656,10.054043769836426,78.9559097290039,578.4383544921875,25.64696502685547,164.2120361328125,56.327083587646484,26.713672637939453,414.3492126464844,278.3451232910156,361.7091064453125,3.7625620365142822,47.971275329589844,3.898470401763916,25.143325805664062,88.24492645263672,456.0069580078125,129.1404266357422,174.8902587890625,237.92999267578125,51.06001663208008,524.1051025390625,51.47113800048828,94.81005859375
2024-01-05,179.3171844482422,326.63092041015625,138.5800018310547,145.24000549316406,32.815555572509766,749.2144165039062,648.8153076171875,74.3343276977539,89.0980453491211,388.59124755859375,10.200379371643066,77.86241912841797,580.6069946289062,25.19370460510254,165.03590393066406,56.24225616455078,27.880544662475586,414.003662109375,275.72137451171875,361.52227783203125,3.890540361404419,49.06965637207031,3.926316976547241,25.471769332885742,87.7166976928711,456.6315612792969,129.60081481933594,178.8092041015625,237.49000549316406,50.95551300048828,516.3792724609375,51.128562927246094,95.0972900390625
2024-01-08,183.65211486816406,330.250244140625,146.17999267578125,149.10000610351562,32.55821990966797,762.9578247070312,654.4331665039062,73.65872192382812,89.73516082763672,391.1752014160156,10.30367374420166,78.49796295166016,589.8333129882812,24.513813018798828,164.79641723632812,56.656982421875,27.851852416992188,417.1871337890625,278.4977111816406,368.34478759765625,3.813753366470337,52.22390365600586,3.898470401763916,25.566848754882812,88.84864044189453,463.1504211425781,130.503173828125,179.59298706054688,240.4499969482422,51.457130432128906,515.552978515625,51.63100051879883,93.51280975341797
2024-01-09,183.2364501953125,332.57904052734375,149.25999450683594,151.3699951171875,32.053070068359375,760.4024047851562,659.8628540039062,73.36656951904297,87.89242553710938,398.41217041015625,10.191768646240234,80.43260192871094,597.4347534179688,23.909465789794922,163.4935302734375,56.553306579589844,28.04313850402832,417.8001403808594,277.5150146484375,369.4261169433594,3.796689748764038,53.11041259765625,3.9541633129119873,25.41126251220703,87.81100463867188,462.44775390625,132.38162231445312,177.7769012451172,234.9600067138672,51.41532516479492,517.3306884765625,51.97684097290039,92.35456085205078
2024-01-10,184.27565002441406,335.0824890136719,148.5399932861328,153.72999572753906,32.024478912353516,758.3351440429688,665.381591796875,72.34403991699219,87.51996612548828,402.2881164550781,10.183161735534668,78.974609375,600.90966796875,23.87169647216797,163.83840942382812,56.741817474365234,28.416152954101562,423.40570068359375,280.5871887207031,376.2879333496094,3.754030227661133,54.31973648071289,3.944880962371826,25.05689239501953,88.19776153564453,465.0631103515625,132.67623901367188,184.209716796875,233.94000244140625,51.0809211730957,516.629150390625,52.62284469604492,91.44649505615234
2024-01-11,183.6818389892578,337.6441955566406,148.02000427246094,155.17999267578125,31.595579147338867,758.5745239257812,666.1928100585938,72.06101989746094,87.67678833007812,400.024658203125,10.079866409301758,79.80641174316406,600.9196166992188,23.975566864013672,163.1486358642578,56.37422180175781,28.54049301147461,421.873291015625,280.6444091796875,378.116455078125,3.7113709449768066,54.791473388671875,3.935598850250244,24.546937942504883,87.66951751708984,464.85821533203125,130.77024841308594,186.3412322998047,227.22000122070312,50.98686981201172,518.5894165039062,52.564117431640625,91.42794799804688
2024-01-12,184.0084228515625,345.7560729980469,146.55999755859375,154.6199951171875,31.261987686157227,765.26416015625,675.746826171875,69.89727783203125,88.55894470214844,399.53900146484375,9.864669799804688,80.73168182373047,603.9700927734375,23.324007034301758,161.9510955810547,56.9208984375,27.32579803466797,424.2262878417969,279.9956359863281,381.89141845703125,3.8052215576171875,54.679534912109375,3.8706247806549072,24.80624008178711,86.76396179199219,465.1802062988281,129.74815368652344,187.0389862060547,218.88999938964844,51.352622985839844,501.1294860839844,52.632633209228516,92.61400604248047
2024-01-16,181.74197387695312,344.0386047363281,158.74000549316406,153.16000366210938,30.613872528076172,757.3973388671875,674.0159912109375,70.68242645263672,91.2054214477539,413.7603759765625,9.864669799804688,80.36717987060547,596.1021118164062,22.266399383544922,160.93565368652344,56.54387664794922,27.469268798828125,423.48480224609375,277.72491455078125,383.6609191894531,3.813753366470337,56.35061264038086,3.814932346343994,24.477792739868164,87.44313049316406,463.47247314453125,129.89549255371094,186.9625244140625,219.91000366210938,50.35984802246094,498.8617858886719,52.79902648925781,90.51988983154297
2024-01-17,180.80174255371094,344.40863037109375,160.1699981689453,151.7100067138672,30.308876037597656,753.6168823242188,676.686279296875,70.28985595703125,88.54914093017578,410.3215637207031,9.701120376586914,80.82513427734375,592.1631469726562,21.171022415161133,160.07342529296875,56.54387664794922,26.885831832885742,422.56536865234375,277.791748046875,382.87451171875,3.8308169841766357,56.021793365478516,3.824213981628418,24.330854415893555,86.56587219238281,460.8961486816406,127.75006103515625,185.56700134277344,215.5500030517578,49.86868667602539,504.42547607421875,52.55106735229492,89.86199951171875
2024-01-18,186.69056701660156,350.1544494628906,162.6699981689453,153.5,30.242158889770508,761.1106567382812,679.7720947265625,67.45050048828125,90.38207244873047,413.7506408691406,9.460097312927246,80.7503662109375,603.53564453125,20.793304443359375,160.3895721435547,56.7041130065918,28.722219467163086,425.82794189453125,280.84478759765625,387.199951171875,3.796689748764038,57.07520294189453,3.852060317993164,24.278995513916016,88.04682922363281,464.9947814941406,126.5162124633789,191.2447052001953,211.8800048828125,49.30436706542969,496.16156005859375,53.25905227661133,89.69519805908203
2024-01-19,189.59043884277344,354.3907775878906,174.22999572753906,155.33999633789062,30.709186553955078,770.853515625,687.3480834960938,67.4551010131836,91.2152328491211,414.566650390625,9.640863418579102,81.58218383789062,614.2171630859375,21.04826545715332,163.15821838378906,56.39306640625,28.683961868286133,431.8190612792969,286.7315368652344,391.918701171875,3.7881579399108887,59.45787811279297,3.879905939102173,24.443220138549805,88.53733825683594,470.7914733886719,127.19755554199219,191.8086395263672,212.19000244140625,49.29392623901367,483.8810119628906,52.97847366333008,89.83419036865234
2024-01-22,191.89646911621094,357.61431884765625,168.17999267578125,154.77999877929688,31.023714065551758,759.9239501953125,684.9151000976562,68.10920715332031,93.1951904296875,415.7712097167969,9.640863418579102,73.30152130126953,622.5393676757812,20.453357696533203,162.96661376953125,56.14800262451172,28.846559524536133,434.7552795410156,284.7088317871094,389.7952880859375,3.6772427558898926,59.620784759521484,4.065547943115234,24.469148635864258,87.7921371459961,471.7868957519531,129.24172973632812,192.52549743652344,208.8000030517578,49.1058235168457,492.94244384765625,52.98173141479492,89.71372985839844
2024-01-23,193.17320251464844,360.195068359375,168.4199981689453,156.02000427246094,31.233396530151367,758.526611328125,680.049072265625,69.18708038330078,91.91114044189453,413.53692626953125,9.78719711303711,74.2828598022461,627.6825561523438,21.926454544067383,161.89364624023438,56.41191864013672,29.755186080932617,433.7765808105469,286.27349853515625,392.144775390625,3.643115758895874,59.839664459228516,4.019137859344482,24.57286834716797,86.75453186035156,473.16290283203125,129.7205352783203,192.5063934326172,209.13999938964844,49.607425689697266,495.3736267089844,53.115501403808594,90.7237319946289
2024-01-24,192.50021362304688,359.2601318359375,178.2899932861328,156.8699951171875,31.433547973632812,752.0089721679688,678.9808959960938,68.34873962402344,91.6465072631836,409.7096252441406,9.494529724121094,74.32958984375,628.0380249023438,22.28528594970703,163.34024047851562,55.525917053222656,29.755186080932617,433.7172546386719,286.6456298828125,395.7428283691406,3.7710938453674316,61.32783508300781,3.9727277755737305,24.48643684387207,86.820556640625,473.68011474609375,128.17359924316406,191.8564453125,207.8300018310547,49.23122024536133,493.1730651855469,52.36509323120117,92.2896957397461
2024-01-25,192.17361450195312,362.2207336425781,180.3300018310547,157.75,31.824321746826172,756.5167846679688,672.443359375,66.32194519042969,92.97954559326172,406.1250915527344,9.761375427246094,74.98381805419922,633.280029296875,22.59690284729004,165.67779541015625,55.761558532714844,29.066543579101562,431.8388366699219,283.5639343261719,398.0137023925781,3.736966848373413,61.58269119262695,4.0469841957092285,24.10041046142578,87.35823822021484,476.2564392089844,130.9175567626953,190.74765014648438,182.6300048828125,49.764183044433594,474.1180114746094,53.12854766845703,94.63399505615234
2024-01-26,190.4416046142578,361.37347412109375,177.25,159.1199951171875,31.862445831298828,753.492431640625,679.3468627929688,67.25243377685547,93.4696273803711,407.1353759765625,9.804415702819824,74.32023620605469,633.1517333984375,22.53080177307129,165.04550170898438,55.95949172973633,28.77960777282715,433.5492248535156,278.8412170410156,397.0896301269531,3.8308169841766357,60.99701690673828,4.084112167358398,24.10041046142578,87.53746032714844,475.6513977050781,131.23983764648438,189.3138885498047,183.25,50.5479621887207,483.53509521484375,53.59510803222656,95.44013977050781
2024-01-29,189.7586669921875,363.5938720703125,177.8300018310547,161.25999450683594,32.03400802612305,754.8323974609375,686.3987426757812,67.69464111328125,95.55741119384766,421.0459289550781,9.94214153289795,73.89967346191406,644.5242919921875,22.15308380126953,165.47659301757812,56.29881286621094,28.894378662109375,435.57586669921875,278.8889465332031,402.78155517578125,3.779625654220581,62.43022155761719,4.065547943115234,24.109180450439453,88.48075103759766,479.4182434082031,130.30982971191406,192.75491333007812,190.92999267578125,50.95551300048828,484.8227233886719,53.8463249206543,95.56060791015625
2024-01-30,186.1066436767578,361.5973815917969,172.05999755859375,159.0,33.15867233276367,748.1614990234375,693.0548706054688,68.0354995727539,95.01831817626953,422.3087158203125,10.140120506286621,73.47909545898438,639.4303588867188,21.482637405395508,168.86795043945312,56.45904541015625,28.875253677368164,440.1335144042969,281.1214904785156,401.6706848144531,3.7625620365142822,62.73904037475586,3.9912915229797363,23.705608367919922,88.74486541748047,479.0473937988281,129.3890380859375,192.93653869628906,191.58999633789062,51.24811553955078,483.9290466308594,54.0257682800293,97.15435791015625
2024-01-31,182.50405883789062,354.3713684082031,167.69000244140625,155.1999969482422,32.41524887084961,741.0603637695312,687.2590942382812,68.51455688476562,94.14595794677734,414.0323791503906,10.088475227355957,73.14263153076172,623.2500610351562,21.293777465820312,167.0381317138672,56.072601318359375,28.58831787109375,444.127685546875,279.28009033203125,390.84710693359375,3.796689748764038,61.49274826049805,3.814932346343994,23.75824737548828,87.75440979003906,471.2306823730469,128.0631103515625,190.88145446777344,187.2899932861328,50.882362365722656,491.7413024902344,53.91483688354492,95.26409912109375
2024-02-01,184.9387664794922,361.2176208496094,170.47999572753906,159.27999877929688,31.976816177368164,751.2241821289062,697.7780151367188,68.09999084472656,95.13593292236328,421.1333312988281,10.41557788848877,73.04918670654297,624.760498046875,20.982162475585938,166.43460083007812,57.47700500488281,28.865690231323242,455.684814453125,284.3939514160156,396.9421691894531,3.6516480445861816,62.99190902709961,3.852060317993164,23.942487716674805,88.07514190673828,477.398193359375,132.98011779785156,193.251953125,188.86000061035156,51.73928451538086,487.32110595703125,54.91320037841797,94.87490844726562
2024-02-02,183.9391326904297,363.204345703125,177.66000366210938,171.80999755859375,31.90056800842285,754.1624145507812,702.7304077148438,67.3353271484375,95.20453643798828,409.9913330078125,10.450008392333984,71.92764282226562,631.39453125,20.566675186157227,167.39259338378906,57.062286376953125,29.047412872314453,455.3487243652344,283.4112548828125,404.2561340332031,3.6004562377929688,66.12316131591797,3.768521785736084,23.626649856567383,87.7166976928711,482.42401123046875,133.96536254882812,193.59605407714844,187.91000366210938,51.30036926269531,490.29034423828125,55.32429885864258,94.4857406616211
2024-02-05,185.75030517578125,360.66253662109375,174.22999572753906,170.30999755859375,31.44307518005371,749.5398559570312,704.39453125,66.73653411865234,94.73406219482422,406.09600830078125,9.976571083068848,71.69398498535156,632.4014892578125,21.142690658569336,167.17227172851562,56.59100341796875,28.45441246032715,451.5721435546875,272.8399963378906,398.78045654296875,3.506605625152588,69.29339599609375,3.4714956283569336,23.310806274414062,87.26390838623047,480.6673583984375,131.05567932128906,194.06442260742188,181.05999755859375,51.46757888793945,483.304443359375,55.02739715576172,94.09657287597656
2024-02-06,187.35366821289062,355.1698913574219,167.8800048828125,169.14999389648438,31.4907283782959,754.143310546875,704.028076171875,67.95260620117188,97.32172393798828,409.5250244140625,10.389750480651855,72.63795471191406,627.1693115234375,22.766874313354492,167.74703979492188,56.49674987792969,29.67867088317871,455.2696533203125,271.58062744140625,398.6231994628906,3.515137195587158,68.18501281738281,3.647854804992676,24.126728057861328,90.24470520019531,482.06292724609375,132.9893035888672,209.1953887939453,185.10000610351562,52.11549377441406,490.713134765625,55.40259552001953,94.74519348144531
2024-02-07,187.46253967285156,357.0689392089844,170.94000244140625,170.52999877929688,31.624174118041992,760.5747680664062,712.9325561523438,70.06230163574219,97.1747055053711,409.88446044921875,11.018129348754883,69.55372619628906,634.9385986328125,21.76592445373535,168.06321716308594,56.54387664794922,29.40129852294922,456.6636657714844,274.1375732421875,407.0382080078125,3.566328525543213,70.05996704101562,3.6107263565063477,24.179367065429688,89.90511322021484,486.08349609375,135.1071319580078,213.2003631591797,187.5800018310547,51.1018180847168,499.0923767089844,55.26230239868164,94.71739959716797
2024-02-08,186.38377380371094,358.85113525390625,169.35000610351562,169.83999633789062,31.566980361938477,759.13916015625,717.2708129882812,69.16867065429688,108.34870910644531,414.382080078125,11.043953895568848,68.97428131103516,644.7118530273438,20.821632385253906,167.4596710205078,56.39306640625,30.922056198120117,453.0550537109375,278.5263977050781,407.09716796875,3.5748605728149414,69.60221862792969,3.6859498023986816,24.188140869140625,91.66070556640625,486.2982177734375,135.72406005859375,216.31640625,189.55999755859375,52.96196365356445,499.76507568359375,55.2590446472168,96.33895111083984
2024-02-09,187.14682006835938,361.9577941894531,172.47999572753906,174.4499969482422,31.519325256347656,762.9769897460938,716.51806640625,70.31102752685547,106.24132537841797,412.9346923828125,10.914834976196289,68.85277557373047,649.7366943359375,21.13324737548828,167.6608428955078,56.138580322265625,31.075090408325195,452.67938232421875,276.1793212890625,413.42816162109375,3.58339262008667,72.09285736083984,3.8175904750823975,24.179367065429688,92.33448028564453,489.1087341308594,134.9229736328125,214.548095703125,193.57000732421875,52.88881301879883,497.9680480957031,55.22966766357422,94.3004150390625
2024-02-12,185.46214294433594,357.8285217285156,171.91000366210938,172.33999633789062,32.04353332519531,767.33154296875,715.5374755859375,71.20465850830078,107.12348937988281,415.0717468261719,11.17307186126709,69.5817642211914,648.5816650390625,21.614837646484375,168.40809631347656,56.27054214477539,31.362022399902344,453.49993896484375,276.15069580078125,408.227783203125,3.634584426879883,72.20777130126953,3.9398293495178223,24.267101287841797,90.59786987304688,488.8940124511719,137.5656280517578,215.8862762451172,188.1300048828125,52.867919921875,497.4107971191406,55.562469482421875,95.59767150878906
2024-02-13,183.3711700439453,353.32928466796875,171.5399932861328,168.63999938964844,31.21432876586914,744.6588134765625,707.455078125,70.55976867675781,108.27029418945312,409.4473571777344,10.914834976196289,68.72193145751953,630.1209106445312,20.89717674255371,166.9423370361328,55.940643310546875,31.11334228515625,455.2300720214844,273.9276123046875,399.43914794921875,3.566328525543213,72.08785247802734,3.732964277267456,23.661739349365234,89.07951354980469,482.16046142578125,134.53623962402344,220.79928588867188,184.02000427246094,52.355857849121094,496.651611328125,55.18400192260742,94.77467346191406
2024-02-14,182.48919677734375,361.2857971191406,178.6999969482422,170.97999572753906,31.57651138305664,751.674072265625,715.3096923828125,70.39395904541016,109.34849548339844,412.3421325683594,10.811539649963379,68.26396942138672,648.7199096679688,21.850910186767578,168.6380157470703,55.88408660888672,32.28022003173828,459.9063720703125,274.9389953613281,403.2998962402344,3.549264669418335,73.85885620117188,3.7799792289733887,23.784568786621094,89.26930236816406,486.5421142578125,133.54180908203125,217.00460815429688,188.7100067138672,52.29315185546875,496.73809814453125,55.00782012939453,94.30706787109375
2024-02-15,182.20181274414062,361.8019104003906,176.75999450683594,169.8000030517578,32.472434997558594,763.7809448242188,717.6174926757812,70.56898498535156,110.22085571289062,412.57525634765625,11.06790542602539,68.5723876953125,655.7784423828125,22.247512817382812,172.31675720214844,55.98777389526367,32.72018814086914,465.92718505859375,278.4595642089844,400.41412353515625,3.6516480445861816,72.61753845214844,3.8552021980285645,24.135501861572266,88.46269226074219,489.8992004394531,134.73883056640625,218.4479217529297,200.4499969482422,52.345401763916016,500.5240783691406,55.23293685913086,97.00984954833984
2024-02-16,180.66580200195312,359.8249816894531,173.8699951171875,169.50999450683594,32.49150085449219,759.9047241210938,717.1024169921875,71.02961730957031,109.38770294189453,409.7873229980469,10.873421669006348,66.89944458007812,647.34765625,22.870746612548828,171.51205444335938,55.97834777832031,32.45237731933594,462.81298828125,278.6122131347656,397.9519348144531,3.643115758895874,72.57256317138672,3.789381742477417,24.23200798034668,88.46269226074219,487.4595031738281,137.75900268554688,217.32003784179688,199.9499969482422,52.982872009277344,501.1679992675781,55.582035064697266,97.00984954833984
2024-02-20,179.9225311279297,353.4656982421875,165.69000244140625,167.0800018310547,32.36758804321289,763.8382568359375,718.7862548828125,70.30181884765625,107.27052307128906,405.22174072265625,10.82922077178955,67.32936096191406,637.6435546875,21.935897827148438,172.18263244628906,57.21308898925781,32.38542938232422,446.6190185546875,279.21331787109375,396.7011413574219,3.5748605728149414,69.41333770751953,3.7047557830810547,24.2056884765625,88.6904525756836,484.77581787109375,139.0391082763672,216.756103515625,193.75999450683594,53.33818054199219,500.6971130371094,57.37648010253906,96.09333038330078
2024-02-21,180.6757049560547,351.47894287109375,164.2899932861328,168.58999633789062,32.11978530883789,770.863037109375,716.1417846679688,71.07569122314453,105.53560638427734,408.7284851074219,10.731979370117188,68.41351318359375,630.1013793945312,22.464702606201172,173.3035125732422,57.722068786621094,33.03581237792969,453.8360595703125,280.4154357910156,396.100341796875,3.549264669418335,67.43443298339844,3.5919203758239746,24.275876998901367,90.17082977294922,485.2149353027344,138.01873779296875,217.06195068359375,194.77000427246094,53.52628707885742,501.571533203125,56.67176055908203,98.0572738647461
2024-02-22,182.7071990966797,361.6072082519531,181.86000061035156,174.5800018310547,32.03400802612305,778.5100708007812,727.4134521484375,71.02961730957031,105.5062026977539,415.7712097167969,10.7142972946167,68.02095794677734,649.499755859375,22.625228881835938,175.3824005126953,57.637245178222656,32.74888229370117,466.2039794921875,282.33319091796875,405.4272155761719,3.506605625152588,78.49427032470703,3.563711643218994,24.170597076416016,90.89205169677734,495.2567443847656,139.45651245117188,224.09693908691406,197.41000366210938,53.48199462890625,505.92449951171875,57.22966766357422,97.97311401367188
2024-02-23,180.87388610839844,367.46014404296875,176.52000427246094,174.99000549316406,32.329471588134766,778.653564453125,730.9098510742188,71.12174987792969,105.60420989990234,421.2498779296875,10.731979370117188,68.74061584472656,651.36572265625,22.568572998046875,176.26376342773438,57.68437194824219,32.30891036987305,468.0428771972656,284.0791320800781,404.1370544433594,3.4298183917999268,78.77311706542969,3.582517147064209,24.35483741760254,90.7402114868164,495.5982360839844,140.51400756835938,224.62266540527344,191.97000122070312,53.418731689453125,506.6355895996094,57.27860641479492,97.11271667480469
2024-02-26,179.52615356445312,367.615966796875,176.00999450683594,174.72999572753906,32.03400802612305,771.418212890625,738.2592163085938,70.4123764038086,105.54541015625,445.8750305175781,10.56401538848877,68.17984771728516,655.3440551757812,22.379714965820312,175.66018676757812,57.22251510620117,32.66279983520508,469.1205139160156,283.47808837890625,401.37939453125,3.4810094833374023,79.04796600341797,3.6295320987701416,23.845979690551758,89.46859741210938,493.78314208984375,139.28028869628906,227.61444091796875,199.39999389648438,53.2183837890625,504.79058837890625,58.335697174072266,97.49615478515625
2024-02-27,180.98289489746094,368.03472900390625,178.0,173.5399932861328,32.672584533691406,766.1639404296875,737.6253662109375,70.26496124267578,107.25091552734375,433.509033203125,10.60821533203125,68.2452621459961,660.7933959960938,22.73854637145996,175.74642944335938,56.87377166748047,33.016685485839844,469.3577575683594,280.2723693847656,401.32025146484375,3.4810094833374023,78.65716552734375,3.6107261180877686,23.591552734375,89.32625579833984,494.700439453125,140.98709106445312,227.5283966064453,199.72999572753906,52.311553955078125,493.3556823730469,58.325904846191406,97.2904052734375
2024-02-28,179.7838134765625,368.15155029296875,176.5399932861328,173.16000366210938,32.7011833190918,774.8922119140625,740.844482421875,69.27000427246094,108.60356140136719,433.6061706542969,10.873421669006348,67.94618225097656,650.7238159179688,21.53929328918457,176.6373748779297,56.930328369140625,32.96886444091797,473.4111633300781,281.63671875,401.5566101074219,3.532201051712036,77.61976623535156,3.6295320987701416,23.723155975341797,88.25391387939453,494.0466613769531,140.47689819335938,226.81153869628906,202.0399932861328,51.742149353027344,478.8073425292969,58.35527038574219,97.56161499023438
2024-02-29,179.11985778808594,364.98651123046875,192.52999877929688,176.75999450683594,33.13310241699219,776.500244140625,736.8131103515625,68.51455688476562,109.36809539794922,435.529541015625,10.997183799743652,67.38543701171875,654.40625,21.359880447387695,178.246826171875,56.57215118408203,32.777565002441406,469.3677062988281,280.4468688964844,407.3871154785156,3.472477674484253,79.06795501708984,3.789381742477417,23.302030563354492,90.05695343017578,495.8227233886719,141.84976196289062,229.9275665283203,201.8800048828125,51.636695861816406,474.31024169921875,57.36669921875,97.74867248535156
2024-03-01,178.03968811035156,371.0342102050781,202.63999938964844,178.22000122070312,32.96992874145508,779.84033203125,742.3103637695312,68.02629089355469,109.73075866699219,434.4416198730469,11.006025314331055,67.58170318603516,657.98974609375,21.718711853027344,177.5091552734375,56.11029815673828,32.481075286865234,471.2164001464844,278.95965576171875,409.2190246582031,3.549264669418335,82.23318481445312,3.921022891998291,23.328351974487305,88.40575408935547,500.4776306152344,144.04818725585938,235.1751251220703,202.63999938964844,51.82649612426758,470.3992919921875,57.513511657714844,98.98313903808594
2024-03-04,173.5208282470703,373.68316650390625,205.36000061035156,177.5800018310547,33.73779296875,798.6369018554688,751.957763671875,68.07235717773438,111.436279296875,437.1226501464844,11.26239013671875,67.52561950683594,659.8555297851562,20.661102294921875,178.84078979492188,56.37422180175781,32.624542236328125,463.16888427734375,279.1611328125,408.6477966308594,3.4383504390716553,85.18953704833984,3.8740086555480957,22.714218139648438,87.7414779663086,499.9408874511719,139.59568786621094,233.07229614257812,188.13999938964844,51.81595230102539,463.03863525390625,58.042057037353516,97.59903717041016
2024-03-05,168.58570861816406,367.0316162109375,205.1300048828125,174.1199951171875,33.96814727783203,791.4302978515625,752.7203979492188,67.90653228759766,110.63253021240234,436.7341613769531,11.120945930480957,68.21723175048828,631.542724609375,20.245616912841797,180.63226318359375,56.10087585449219,33.0860710144043,462.20989990234375,280.6963806152344,396.56329345703125,3.4298183917999268,85.92017364501953,3.8740086555480957,22.88091468811035,86.56476593017578,494.9444580078125,156.3760986328125,237.23020935058594,180.74000549316406,51.710506439208984,454.6593933105469,58.76636505126953,98.79609680175781
2024-03-06,167.59475708007812,370.8783874511719,210.6300048828125,173.50999450683594,33.99694061279297,799.673583984375,765.8839721679688,68.48692321777344,107.87823486328125,434.4513244628906,10.944144248962402,67.88076782226562,641.9575805664062,23.522308349609375,181.5711212158203,56.129154205322266,33.23030090332031,466.2435607910156,281.0705261230469,396.0117492675781,3.455414295196533,88.6547622680664,3.8552021980285645,23.854755401611328,86.97280883789062,497.45245361328125,160.97702026367188,241.25428771972656,176.5399932861328,51.689422607421875,454.13092041015625,59.285118103027344,99.85289764404297
2024-03-07,167.47581481933594,376.7995300292969,211.3800048828125,176.82000732421875,34.19850540161133,800.9254150390625,778.116455078125,68.4500732421875,107.995849609375,434.57757568359375,10.970663070678711,68.84342193603516,641.0296630859375,22.6535587310791,179.9808349609375,56.02546691894531,33.48991394042969,462.22967529296875,279.32427978515625,402.9552307128906,3.4810094833374023,92.62174224853516,3.836397171020508,23.503820419311523,86.30854797363281,502.3903503417969,159.12181091308594,236.99124145507812,178.64999389648438,51.647247314453125,460.06939697265625,59.07957077026367,100.41402435302734
2024-03-08,169.1902313232422,368.2879333496094,207.38999938964844,175.35000610351562,34.169708251953125,805.181884765625,718.6575317382812,69.1594467163086,108.1330795288086,432.2850646972656,10.767338752746582,70.20795440673828,643.3890380859375,23.371219635009766,180.31613159179688,56.10087585449219,32.941837310791016,463.93017578125,280.7059631347656,400.0792541503906,3.4468822479248047,87.48336791992188,3.883411407470703,23.88107681274414,86.41291809082031,499.3749084472656,157.4335479736328,232.09735107421875,175.33999633789062,51.85813522338867,459.75103759765625,58.84465789794922,101.35858154296875
2024-03-11,171.19200134277344,363.4672546386719,198.38999938964844,171.9600067138672,34.44805908203125,794.6273803710938,707.2867431640625,69.96094512939453,110.08362579345703,431.2067565917969,10.705456733703613,70.39488983154297,642.5399780273438,24.617685317993164,180.3831787109375,56.779510498046875,32.480308532714844,463.831298828125,282.8840637207031,398.40496826171875,3.4383504390716553,85.73025512695312,3.8552021980285645,24.890010833740234,87.37137603759766,498.94549560546875,155.9029998779297,225.06236267089844,177.77000427246094,52.04793930053711,471.8870849609375,59.373207092285156,101.9571304321289
2024-03-12,171.66766357421875,370.5375671386719,202.75999450683594,175.38999938964844,34.5152473449707,798.8935546875,729.869873046875,69.2884292602539,110.23065185546875,439.6385803222656,10.705456733703613,70.17057800292969,654.1593017578125,25.845266342163086,181.8680877685547,57.02458572387695,27.653457641601562,467.4991149902344,282.3946533203125,409.0023498535156,3.4468822479248047,91.86613464355469,3.8269941806793213,24.57417106628418,87.68453979492188,504.3128662109375,155.43922424316406,227.4423828125,177.5399932861328,52.35372543334961,472.08001708984375,60.107295989990234,101.30247497558594
2024-03-13,169.58663940429688,368.82354736328125,194.7899932861328,176.55999755859375,34.63043212890625,795.4267578125,727.21533203125,69.16867065429688,110.26986694335938,439.54150390625,10.935302734375,70.9743423461914,646.6862182617188,26.449613571166992,183.3434295654297,57.60896301269531,27.191923141479492,470.2079772949219,271.4082336425781,408.8250732421875,3.4298183917999268,90.8416519165039,3.9116203784942627,24.758407592773438,86.93485260009766,503.5223083496094,154.60435485839844,222.54849243164062,169.47999572753906,52.46971893310547,470.7776794433594,59.98005676269531,102.43408203125
2024-03-14,171.43975830078125,368.3268127441406,187.05999755859375,178.75,34.25609588623047,778.8726806640625,724.98681640625,70.40316009521484,109.83857727050781,432.41668701171875,10.678936958312988,70.06792449951172,641.7206420898438,25.5430908203125,180.07662963867188,57.48070526123047,27.02846336364746,474.0340881347656,270.32403564453125,418.7921142578125,3.4639458656311035,87.89916229248047,3.8175904750823975,24.6794490814209,86.98230743408203,502.5269470214844,152.4152069091797,220.77061462402344,162.5,51.963584899902344,471.7423400878906,59.928985595703125,104.24840545654297
2024-03-15,171.06317138671875,364.81121826171875,191.05999755859375,174.4199981689453,33.98734664916992,772.8251953125,718.7268676757812,71.3060073852539,109.73075866699219,430.03851318359375,10.661256790161133,69.57695770263672,617.5144653320312,25.92081069946289,182.3087921142578,56.89164733886719,27.25922966003418,470.4255676269531,267.8388977050781,410.1250915527344,3.4639458656311035,87.7922134399414,3.864605665206909,24.512758255004883,85.52090454101562,499.0763244628906,152.33168029785156,224.2594451904297,163.57000732421875,51.60506820678711,473.49810791015625,59.595062255859375,104.06136322021484
2024-03-18,172.15325927734375,362.931640625,190.64999389648438,174.47999572753906,34.563232421875,770.63916015625,724.5806274414062,71.46260833740234,111.59308624267578,431.5687255859375,10.767338752746582,69.17095184326172,622.3221435546875,26.298526763916016,184.56968688964844,57.12916946411133,26.932313919067383,473.45074462890625,267.3014831542969,411.011474609375,3.4383504390716553,88.40989685058594,3.7987852096557617,24.31974220275879,86.36547088623047,502.04241943359375,155.457763671875,228.1210479736328,173.8000030517578,51.162193298339844,469.86114501953125,59.77184295654297,105.0246353149414
2024-03-19,174.49195861816406,368.20025634765625,181.4199981689453,175.89999389648438,34.58243179321289,772.61328125,725.2047119140625,71.9140396118164,112.24000549316406,433.6252746582031,10.873421669006348,69.31257629394531,626.4288330078125,26.053010940551758,185.65223693847656,57.22418212890625,27.086156845092773,478.5027160644531,271.4178466796875,415.0397033691406,3.4119691848754883,89.3524169921875,3.8269941806793213,24.24078369140625,86.91586303710938,504.8323669433594,156.0328826904297,233.53109741210938,171.32000732421875,52.57516098022461,475.9098815917969,59.78166580200195,105.76345825195312
2024-03-20,177.05860900878906,370.49859619140625,179.72999572753906,178.14999389648438,35.27350997924805,787.6264038085938,733.6732788085938,72.7615966796875,114.15135955810547,440.2724914550781,11.403831481933594,69.85076904296875,631.463623046875,26.572370529174805,188.08555603027344,57.718223571777344,27.730379104614258,482.496826171875,272.93389892578125,418.8019104003906,3.385587692260742,90.32592010498047,3.9774413108825684,24.302194595336914,87.87433624267578,509.5016784667969,158.1199951171875,235.82513427734375,175.66000366210938,52.13228988647461,476.78778076171875,60.15487289428711,105.6699447631836
2024-03-21,169.82443237304688,336.0138854980469,178.67999267578125,178.14999389648438,36.002967834472656,810.902099609375,735.4957885742188,72.10749816894531,114.3865966796875,444.3172912597656,11.42151165008545,69.01042938232422,642.9547119140625,25.5430908203125,190.700927734375,57.45220184326172,27.5765323638916,483.09002685546875,272.0511169433594,422.8793640136719,3.517493963241577,91.38836669921875,4.1372904777526855,24.267101287841797,86.98230743408203,511.1854553222656,157.85098266601562,240.37490844726562,172.82000732421875,52.153385162353516,474.33746337890625,60.351295471191406,106.13752746582031
2024-03-22,170.7262725830078,328.6806640625,179.64999389648438,178.8699951171875,35.56145477294922,794.3096923828125,727.8096313476562,72.30096435546875,113.57305145263672,446.80267333984375,11.412670135498047,68.55722045898438,635.5012817382812,25.023731231689453,188.36338806152344,57.4712028503418,27.35538673400879,476.19921875,271.1875915527344,422.2588195800781,3.4559381008148193,94.24092102050781,3.996246099472046,24.003902435302734,86.0807876586914,510.21624755859375,156.4224853515625,243.51963806152344,170.8300018310547,52.712242126464844,472.77459716796875,59.78166580200195,106.13752746582031
2024-03-25,169.30914306640625,325.0968322753906,178.6300048828125,179.7100067138672,35.379093170166016,786.0086059570312,724.0062255859375,72.7615966796875,116.9938735961914,453.3231201171875,11.403831481933594,68.52890014648438,630.9108276367188,25.307018280029297,186.6389923095703,57.38569259643555,27.413076400756836,470.63311767578125,267.3399353027344,416.46771240234375,3.4383506774902344,94.95355224609375,4.024456024169922,24.06531524658203,86.04281616210938,508.80670166015625,160.1607208251953,241.26385498046875,172.6300048828125,52.34318923950195,468.7324523925781,59.487030029296875,107.2223892211914
2024-03-26,168.17945861816406,327.5997009277344,177.8699951171875,178.3000030517578,35.5998420715332,789.8509521484375,724.0259399414062,73.0748291015625,117.55257415771484,470.759765625,10.997183799743652,68.36840057373047,631.8585205078125,24.891530990600586,187.51075744628906,57.518707275390625,27.316923141479492,471.3844909667969,267.3399353027344,415.2760314941406,3.394381523132324,92.51380157470703,3.9868431091308594,24.2056884765625,85.74864196777344,507.866943359375,160.14218139648438,242.51600646972656,177.6699981689453,52.332645416259766,474.935546875,59.4281005859375,106.41810607910156
2024-03-27,171.7469482421875,332.0307922363281,179.58999633789062,179.8300018310547,36.290924072265625,804.2188110351562,725.1156005859375,73.17617797851562,118.58175659179688,479.6584167480469,11.54527473449707,68.93489837646484,640.437255859375,25.713064193725586,191.14161682128906,57.984249114990234,28.14383316040039,472.5214538574219,270.6022644042969,415.05938720703125,3.4383506774902344,90.20398712158203,4.118484973907471,24.37238311767578,86.8304672241211,512.1349487304688,162.02523803710938,243.76406860351562,179.8300018310547,52.87041473388672,475.6976623535156,59.63434982299805,107.52166748046875
2024-03-28,169.93344116210938,337.5526123046875,180.49000549316406,180.3800048828125,36.39649963378906,802.8514404296875,725.6602783203125,73.48017883300781,119.93440246582031,484.2879943847656,11.73975944519043,69.1614990234375,641.68115234375,25.86414909362793,191.88885498046875,58.12676239013672,28.066913604736328,476.1003723144531,270.53509521484375,414.360107421875,3.4471442699432373,90.30992889404297,4.071469306945801,24.34606170654297,86.72606658935547,512.037109375,164.38136291503906,243.3096923828125,175.7899932861328,52.92313766479492,477.2412109375,59.09418487548828,108.70938110351562
2024-04-01,168.4965362548828,330.30706787109375,183.33999633789062,180.97000122070312,36.0125732421875,796.1778564453125,714.3786010742188,73.29593658447266,119.120849609375,481.4030456542969,11.748598098754883,68.8121566772461,631.6511840820312,26.213539123535156,190.5859832763672,57.65171813964844,28.05729866027832,472.9663391113281,268.8752136230469,418.15191650390625,3.535081624984741,90.31692504882812,3.9774413108825684,24.31974220275879,86.85893249511719,511.1462097167969,164.94720458984375,234.09664916992188,175.22000122070312,52.56462097167969,472.41766357421875,58.927223205566406,109.4107894897461
2024-04-02,167.31727600097656,327.6678466796875,178.6999969482422,180.69000244140625,35.80141067504883,786.3746337890625,704.5331420898438,68.00786590576172,120.38528442382812,484.6583557128906,11.73975944519043,68.06624603271484,618.57080078125,26.260753631591797,190.5093231201172,57.14817428588867,27.239999771118164,473.984619140625,266.49554443359375,415.0692138671875,3.499906539916992,89.40638732910156,3.9774413108825684,24.170597076416016,84.74275207519531,507.8963623046875,163.4815673828125,231.91180419921875,166.6300048828125,52.037391662597656,441.97149658203125,58.10224151611328,111.55242919921875
2024-04-03,168.1199493408203,323.5970764160156,180.77000427246094,182.41000366210938,35.93578338623047,784.6507568359375,698.9765625,68.72645568847656,116.62140655517578,493.0404052734375,12.066845893859863,66.9332275390625,615.0266723632812,25.750837326049805,189.9728546142578,56.844139099121094,26.951541900634766,471.99749755859375,264.3846435546875,414.0942077636719,3.5438754558563232,88.91864013671875,3.996246099472046,23.88107681274414,84.1733627319336,508.4541931152344,162.78585815429688,233.73895263671875,168.3800048828125,51.56288146972656,443.5149841308594,58.36741638183594,111.57112884521484
2024-04-04,167.29745483398438,321.8343505859375,165.8300018310547,180.0,35.436676025390625,762.7810668945312,698.17431640625,68.0815658569336,114.76886749267578,470.623291015625,11.677877426147461,65.66801452636719,613.3287963867188,25.372005462646484,188.52743530273438,56.34059143066406,26.893850326538086,464.434326171875,259.1552734375,411.56304931640625,3.5262880325317383,85.86119079589844,3.921022891998291,23.380992889404297,83.14846801757812,502.24798583984375,159.75257873535156,231.20608520507812,171.11000061035156,51.37308120727539,439.30889892578125,58.436161041259766,111.96392822265625
2024-04-05,168.0505828857422,324.2983093261719,170.4199981689453,185.07000732421875,35.619049072265625,768.0487060546875,706.93017578125,68.70802307128906,116.03328704833984,480.7012939453125,11.73975944519043,65.69635772705078,627.6036376953125,25.274869918823242,190.2619171142578,56.540103912353516,27.249614715576172,471.73052978515625,255.8928985595703,419.0875549316406,3.5262880325317383,87.96312713623047,3.7423672676086426,23.389768600463867,82.41777038574219,507.494873046875,159.3351593017578,232.73353576660156,164.89999389648438,51.07783508300781,439.6561584472656,58.779903411865234,113.50704193115234
2024-04-08,166.93080139160156,323.1296081542969,169.89999389648438,185.19000244140625,35.99338150024414,773.5955810546875,705.038330078125,68.57904052734375,115.02371215820312,489.2587585449219,11.854680061340332,65.54528045654297,637.0216064453125,25.197160720825195,191.25440979003906,56.31208801269531,27.547687530517578,474.0669250488281,256.72772216796875,418.171630859375,3.4559381008148193,87.08856201171875,3.6859498023986816,23.319580078125,82.74041748046875,507.77874755859375,157.41500854492188,236.088134765625,172.97999572753906,50.803680419921875,439.90704345703125,58.71115493774414,112.74016571044922
2024-04-09,168.13980102539062,325.71038818359375,170.77999877929688,185.6699981689453,36.214134216308594,774.1541137695312,711.7538452148438,67.58409118652344,115.63142395019531,485.8182678222656,11.969602584838867,66.0362548828125,636.73486328125,25.935396194458008,189.9728240966797,56.73963165283203,27.93229866027832,467.4437561035156,258.53155517578125,419.8360900878906,3.4119691848754883,85.31045532226562,4.06206750869751,23.49505043029785,82.68348693847656,508.36614990234375,159.20529174804688,238.71766662597656,176.8800048828125,51.0356559753418,443.4956970214844,58.720977783203125,113.32935333251953
2024-04-10,166.26686096191406,317.146240234375,167.13999938964844,185.9499969482422,35.17752456665039,754.6533203125,715.7058715820312,65.54808807373047,114.86688995361328,493.9858093261719,11.54527473449707,64.31783294677734,621.1845092773438,25.906253814697266,188.35400390625,55.979549407958984,26.884233474731445,464.4836730957031,257.79278564453125,416.8616943359375,3.4295566082000732,86.99461364746094,3.8740086555480957,23.091472625732422,81.5636978149414,503.27581787109375,159.19602966308594,236.64883422851562,171.75999450683594,50.33971405029297,434.1669921875,59.53614044189453,114.28326416015625
2024-04-11,173.4613494873047,317.9185791015625,170.5,189.0500030517578,34.88957595825195,756.8778686523438,725.3829345703125,64.24910736083984,114.82768249511719,491.734375,11.527594566345215,64.8182601928711,620.5418701171875,26.217090606689453,188.3154296875,56.10306167602539,27.422691345214844,463.6322021484375,257.7447814941406,421.46112060546875,3.499906539916992,90.56978607177734,3.864605665206909,23.109018325805664,81.51625061035156,507.0741271972656,158.92701721191406,238.7756805419922,174.60000610351562,50.244815826416016,426.1309509277344,59.01560974121094,113.89982604980469
2024-04-12,174.95774841308594,308.3475036621094,163.27999877929688,186.1300048828125,34.352081298828125,735.1527099609375,724.352783203125,63.23571014404297,111.74992370605469,482.7578125,11.147467613220215,64.2706298828125,614.0172729492188,24.66290855407715,176.13560485839844,55.37148666381836,26.48039436340332,460.7314758300781,256.5646057128906,415.52227783203125,3.4119691848754883,88.14102935791016,3.8269941806793213,22.687898635864258,80.58625793457031,500.0748291015625,154.0941925048828,234.88937377929688,171.0500030517578,49.30635070800781,423.6999206542969,59.064720153808594,112.57181549072266
2024-04-15,171.13255310058594,306.2651062011719,160.32000732421875,183.6199951171875,34.50564956665039,734.7577514648438,711.44677734375,63.530517578125,110.71092987060547,475.65252685546875,10.811538696289062,63.96848678588867,605.1299438476562,24.69205093383789,176.2319793701172,55.23847961425781,26.76885223388672,455.19732666015625,255.45155334472656,407.3871154785156,3.3680005073547363,85.9571304321289,3.8269941806793213,22.73176383972168,80.82351684570312,493.8098449707031,153.06451416015625,233.63259887695312,161.47999572753906,49.253631591796875,429.9029541015625,58.85847473144531,111.92652130126953
2024-04-16,167.8524169921875,306.9201354980469,163.4600067138672,183.32000732421875,33.286678314208984,721.9306640625,709.1587524414062,63.59499740600586,111.62249755859375,474.3172607421875,10.687777519226074,63.55304718017578,604.5071411132812,24.34235954284668,174.21807861328125,55.162471771240234,26.970773696899414,455.22698974609375,254.6839141845703,408.3128662109375,3.3680005073547363,87.37041473388672,3.751770257949829,22.53875160217285,81.06075286865234,492.9092102050781,151.49688720703125,228.6538848876953,157.11000061035156,49.00055694580078,452.3420715332031,58.77008056640625,111.00064849853516
2024-04-17,166.48484802246094,307.50677490234375,154.02000427246094,181.27999877929688,33.8145751953125,725.898193359375,708.38623046875,63.198856353759766,110.70113372802734,469.83380126953125,10.643575668334961,63.194252014160156,606.20751953125,24.42978286743164,173.52427673339844,55.59001922607422,27.672683715820312,455.5636291503906,259.02093505859375,405.6143493652344,3.385587692260742,83.99214935302734,3.695352554321289,22.301870346069336,81.81044006347656,489.9920654296875,152.56362915039062,226.18869018554688,155.4499969482422,49.232540130615234,462.08563232421875,58.58348083496094,110.94454956054688
2024-04-18,165.53350830078125,308.93408203125,155.0800018310547,179.22000122070312,34.3328857421875,719.6484375,704.4837036132812,63.92666244506836,110.20124816894531,469.4537048339844,10.661256790161133,62.46724319458008,601.4326782226562,24.73090362548828,174.65167236328125,55.970054626464844,27.941913604736328,450.1581726074219,260.0092468261719,398.1587829589844,3.3152382373809814,84.62781524658203,3.789381742477417,22.275548934936523,82.70246124267578,488.98382568359375,154.52088928222656,224.1295166015625,149.92999267578125,49.40125274658203,475.77484130859375,58.20045471191406,110.84166717529297
2024-04-19,163.5119171142578,309.7944030761719,146.63999938964844,174.6300048828125,35.48466873168945,722.2291259765625,702.76025390625,64.88009643554688,110.37767791748047,461.5492248535156,10.731979370117188,63.033756256103516,598.25927734375,24.77947425842285,179.03604125976562,57.167171478271484,28.249601364135742,450.8412780761719,260.97833251953125,393.0866394042969,3.3416192531585693,76.16114807128906,3.751770257949829,22.810726165771484,83.13898468017578,484.7157287597656,156.1163787841797,221.11329650878906,147.0500030517578,49.88629913330078,483.44427490234375,58.46562576293945,112.11355590820312
2024-04-22,164.3443145751953,310.32232666015625,148.63999938964844,177.22999572753906,36.214134216308594,731.984375,708.6536254882812,64.76847076416016,109.76996612548828,459.3367614746094,11.386151313781738,63.21314239501953,602.8067626953125,26.217090606689453,182.51458740234375,57.52820587158203,28.58613395690918,452.18768310546875,264.4229736328125,394.8988037109375,3.3064444065093994,79.47744750976562,3.9492321014404297,23.03883171081543,83.67990112304688,489.17962646484375,155.0124969482422,222.6407470703125,142.0500030517578,50.677146911621094,473.8936767578125,59.064720153808594,112.74950408935547
2024-04-23,165.39476013183594,309.74554443359375,152.27000427246094,179.5399932861328,36.828426361083984,738.2534790039062,715.8049926757812,63.717376708984375,111.45587158203125,468.9664001464844,11.439191818237305,63.28866958618164,623.6756591796875,26.76105308532715,185.1452178955078,57.61371612548828,28.326522827148438,458.19708251953125,265.67041015625,401.408935546875,3.3240320682525635,82.38097381591797,3.9492321014404297,23.091472625732422,83.3857192993164,494.9845275878906,154.45594787597656,222.74710083007812,144.67999267578125,50.59278869628906,469.0218811035156,58.03349304199219,113.18905639648438
2024-04-24,167.49566650390625,306.52911376953125,151.74000549316406,176.58999633789062,36.78042984008789,734.5748291015625,717.0034790039062,63.038333892822266,111.66170501708984,475.3503723144531,11.448033332824707,63.335880279541016,628.2330322265625,27.46043586730957,186.05101013183594,58.478302001953125,28.17267608642578,457.8802490234375,265.545654296875,402.8763732910156,3.3328256607055664,79.63638305664062,3.9868431091308594,23.047605514526367,84.2208023071289,494.74957275390625,153.37063598632812,225.13494873046875,162.1300048828125,50.687686920166016,470.1023254394531,58.79954147338867,113.20775604248047
2024-04-25,168.3578338623047,302.0906066894531,153.75999450683594,173.6699981689453,36.38690185546875,729.615478515625,716.140380859375,62.62905502319336,110.53450775146484,482.2314758300781,11.527594566345215,61.62690734863281,619.237060546875,27.771272659301758,186.3304443359375,58.6588249206543,26.21116828918457,457.494140625,264.4421691894531,393.00787353515625,3.394381523132324,82.5898666381836,3.9680371284484863,22.161497116088867,83.35725402832031,492.8699951171875,152.53579711914062,217.8650360107422,170.17999267578125,53.69289016723633,476.43084716796875,59.13346862792969,113.46961975097656
2024-04-26,167.77313232421875,301.1227722167969,157.39999389648438,179.6199951171875,36.310115814208984,734.6519775390625,723.40234375,62.48952865600586,110.49530792236328,486.4225158691406,11.30659008026123,61.76853942871094,629.2809448242188,29.47115707397461,186.4460906982422,58.6588249206543,25.990018844604492,457.8010559082031,262.0337829589844,400.17779541015625,3.49111270904541,87.69027709960938,3.883411407470703,22.284320831298828,83.7463150024414,497.53948974609375,152.81407165527344,219.17015075683594,168.2899932861328,54.030311584472656,477.8682861328125,59.0843620300293,110.31794738769531
2024-04-29,171.93524169921875,296.3811950683594,160.1999969482422,180.9600067138672,36.04136657714844,733.111083984375,720.574951171875,62.740684509277344,109.85819244384766,513.7713623046875,11.27122974395752,62.259521484375,631.0999145507812,29.034042358398438,186.24374389648438,58.943851470947266,25.807327270507812,452.5341796875,262.47515869140625,396.1692810058594,3.4559381008148193,87.71224975585938,3.9022176265716553,22.494882583618164,83.8222427368164,499.301513671875,151.87718200683594,220.35923767089844,194.0500030517578,54.30447006225586,471.77130126953125,59.162933349609375,111.88910675048828
2024-04-30,168.79383850097656,294.1814880371094,158.3800048828125,175.0,35.5230598449707,726.716796875,717.172119140625,62.98252868652344,108.89761352539062,515.8572387695312,10.740817070007324,61.560821533203125,618.475830078125,28.062679290771484,184.75978088378906,58.687320709228516,24.94195556640625,446.693115234375,261.9858703613281,383.444580078125,3.4295566082000732,86.35794830322266,4.005649566650391,22.477336883544922,83.97408294677734,491.3918762207031,149.32627868652344,219.75018310546875,183.27999877929688,54.67353439331055,466.62945556640625,58.28884506225586,110.60785675048828
2024-05-01,167.77313232421875,291.9818115234375,144.27000427246094,179.0,35.46547317504883,723.77001953125,716.4974365234375,52.37846374511719,108.28990173339844,503.3327941894531,10.785018920898438,61.853519439697266,608.1748046875,28.431798934936523,184.87542724609375,58.83933639526367,24.682340621948242,437.6543273925781,263.31951904296875,388.9698181152344,3.4119691848754883,82.99864196777344,3.958634376525879,23.845979690551758,70.6410903930664,489.79632568359375,145.10565185546875,219.28616333007812,179.99000549316406,54.694618225097656,467.02496337890625,57.79778289794922,108.51297760009766
2024-05-02,171.469482421875,293.624267578125,146.16000366210938,184.72000122070312,35.398284912109375,728.9894409179688,726.6364135742188,51.29946517944336,110.38748168945312,499.7070617675781,11.04138469696045,61.68356704711914,607.0280151367188,31.705291748046875,184.6826934814453,58.89634323120117,25.393871307373047,436.6939697265625,262.21612548828125,391.825927734375,3.4823191165924072,85.77323913574219,4.936540126800537,24.302194595336914,71.1060791015625,494.3775634765625,146.67330932617188,223.12411499023438,180.00999450683594,54.852787017822266,475.5722351074219,58.64241027832031,108.70938110351562
2024-05-03,181.7261199951172,296.91888427734375,150.60000610351562,186.2100067138672,35.753421783447266,735.643798828125,738.0057373046875,51.997093200683594,111.40686798095703,501.2957763671875,10.98834228515625,61.16426086425781,622.0841674804688,31.9287052154541,183.57456970214844,59.06736373901367,25.143875122070312,439.14923095703125,259.3759765625,400.5126647949219,3.49111270904541,88.74372100830078,4.955345630645752,24.398704528808594,69.37897491455078,500.50555419921875,146.59912109375,225.12527465820312,181.19000244140625,54.968780517578125,475.0705871582031,58.75043869018555,108.48492431640625
2024-05-06,180.07119750976562,299.2163391113281,155.77999877929688,188.6999969482422,36.17573928833008,745.9766845703125,750.456298828125,52.06220626831055,114.16116333007812,509.1418151855469,11.050225257873535,61.8818473815918,627.392822265625,31.773286819458008,185.01031494140625,59.23837661743164,26.365013122558594,444.8813781738281,258.39727783203125,407.2886657714844,3.517493963241577,92.09300231933594,4.974151611328125,24.705768585205078,69.17967987060547,505.6741943359375,146.8866729736328,227.76449584960938,184.75999450683594,54.989871978759766,476.9324645996094,58.79954147338867,109.18633270263672
2024-05-07,180.7549591064453,303.7135009765625,154.42999267578125,188.75999450683594,36.3197135925293,752.0242919921875,765.198486328125,51.8482666015625,103.30079650878906,504.1222839355469,10.889169692993164,61.806304931640625,633.8284912109375,31.209897994995117,184.76942443847656,59.49489974975586,25.961172103881836,448.5345153808594,256.670166015625,403.15216064453125,3.4647319316864014,90.50782775878906,4.917733669281006,24.36360740661621,68.80009460449219,506.232177734375,148.79754638671875,223.56881713867188,177.80999755859375,55.52763748168945,483.2802734375,59.53614044189453,108.64391326904297
2024-05-08,181.0919189453125,305.01373291015625,153.6199951171875,188.0,36.1949348449707,749.5301513671875,757.361083984375,51.07621765136719,103.34981536865234,503.576416015625,10.871273040771484,61.29644775390625,625.2080688476562,31.035053253173828,188.52743530273438,59.71342086791992,26.134246826171875,450.22747802734375,257.62005615234375,404.333984375,3.561462879180908,90.36590576171875,4.889524936676025,24.802276611328125,69.74907684326172,506.2810974121094,148.0369110107422,224.07151794433594,174.72000122070312,55.55927658081055,485.45086669921875,59.22185516357422,108.62521362304688
2024-05-09,182.90542602539062,299.7540588378906,152.38999938964844,189.5,36.742034912109375,759.9306030273438,772.8672485351562,51.792457580566406,103.70267486572266,504.15155029296875,10.853379249572754,60.975425720214844,619.7015991210938,31.443023681640625,190.3101043701172,59.74192428588867,26.230398178100586,450.9402770996094,257.1018981933594,406.0871276855469,3.649400472640991,88.70174407958984,4.7766900062561035,25.09616470336914,71.81781005859375,509.19818115234375,152.4244842529297,219.68251037597656,171.97000122070312,56.32902908325195,489.13604736328125,59.5648193359375,110.766845703125
2024-05-10,181.6451416015625,299.48028564453125,151.9199981689453,187.47999572753906,36.905208587646484,767.1914672851562,780.9526977539062,51.92267990112305,103.69287109375,505.5063171386719,10.728114128112793,62.27840805053711,625.0894165039062,31.27789306640625,191.53387451171875,60.102962493896484,26.30731773376465,452.4154052734375,263.8664855957031,408.4705505371094,3.64060640335083,89.83216857910156,4.757883548736572,24.94476890563965,72.22586822509766,509.8541564941406,151.32064819335938,211.5038604736328,168.47000122070312,56.42393112182617,494.7120666503906,59.604244232177734,110.31794738769531
2024-05-13,184.85037231445312,300.5361633300781,150.55999755859375,186.57000732421875,36.67484664916992,761.086181640625,769.0081176757812,52.52730178833008,103.7320785522461,497.3094177246094,11.032330513000488,63.77021789550781,620.02783203125,32.812644958496094,191.49533081054688,60.4069938659668,26.903465270996094,453.1876220703125,260.3354797363281,407.46588134765625,3.658193588256836,90.3529052734375,4.917733669281006,25.32771110534668,72.29228973388672,509.92266845703125,149.25205993652344,208.4683074951172,171.88999938964844,56.86680221557617,493.6798095703125,59.53525161743164,110.27120208740234
2024-05-14,185.99154663085938,300.0864562988281,153.16000366210938,187.07000732421875,36.943603515625,773.2489624023438,771.736328125,52.09011459350586,103.2615966796875,497.76751708984375,11.130752563476562,63.87407684326172,628.163818359375,32.39495849609375,194.17410278320312,59.95094680786133,27.047697067260742,449.6631774902344,259.7021789550781,410.2630310058594,3.728543758392334,91.3094253540039,5.378477096557617,25.274276733398438,71.7703628540039,512.2622680664062,148.46751403808594,209.89907836914062,177.5500030517578,56.98279571533203,495.7443542480469,58.99321746826172,110.94058227539062
2024-05-15,188.26397705078125,301.6213073730469,159.6699981689453,185.99000549316406,37.34672927856445,785.5174560546875,780.8038940429688,52.33195877075195,100.73273468017578,504.56085205078125,11.014436721801758,63.269779205322266,647.6488647460938,32.6572265625,194.75225830078125,59.97945022583008,26.701547622680664,453.4251708984375,262.7821960449219,417.43603515625,3.719749927520752,94.58174133300781,5.134001731872559,25.666128158569336,71.83678436279297,518.6055297851562,147.11322021484375,212.24826049804688,173.99000549316406,57.446746826171875,499.2847595214844,58.963653564453125,111.79854583740234
2024-05-16,188.38302612304688,301.1129455566406,162.6199951171875,183.6300048828125,37.64426803588867,777.8231201171875,786.7861328125,53.50398635864258,101.32085418701172,500.2918701171875,11.077067375183105,64.07235717773438,645.908935546875,33.28861618041992,195.09918212890625,60.15996551513672,26.903465270996094,454.2864990234375,262.43682861328125,415.3738708496094,3.737337350845337,94.3108901977539,5.002360820770264,25.755184173583984,71.98021697998047,517.5385131835938,150.0459442138672,208.45863342285156,174.83999633789062,57.49566650390625,502.87353515625,63.0831298828125,111.12914276123047
2024-05-17,188.41281127929688,296.8016052246094,164.47000122070312,184.6999969482422,37.71146011352539,782.1661987304688,789.5042724609375,53.65281677246094,101.2032241821289,500.0287780761719,10.987591743469238,63.9401741027832,653.6296997070312,34.259979248046875,197.33470153808594,59.88444137573242,26.788082122802734,455.6725158691406,261.3525390625,414.6042785644531,3.746131658554077,92.43183898925781,4.955345630645752,25.50582504272461,74.43756103515625,518.2824096679688,149.56028747558594,212.45127868652344,177.4600067138672,58.218746185302734,506.1149597167969,63.713863372802734,112.79792022705078
2024-05-20,189.57382202148438,298.8644104003906,166.3300018310547,183.5399932861328,37.26034164428711,775.3963623046875,786.7166748046875,53.392364501953125,100.86016082763672,503.0014953613281,10.871273040771484,64.11012268066406,662.497314453125,33.75486755371094,188.45999145507812,59.44740295410156,27.115005493164062,455.068603515625,257.025146484375,419.6658935546875,3.781306266784668,94.73167419433594,4.964748859405518,25.407865524291992,74.14115142822266,518.879638671875,146.3660125732422,213.1666717529297,174.9499969482422,57.55946350097656,498.9761047363281,63.25066375732422,111.88339233398438
2024-05-21,190.873779296875,296.8504943847656,164.66000366210938,183.14999389648438,38.0569953918457,775.1459350585938,794.5838012695312,53.31794738769531,100.9679946899414,500.7012634277344,10.871273040771484,63.53416442871094,660.1939697265625,32.33667755126953,192.25656127929688,59.770423889160156,26.893850326538086,454.51422119140625,255.1061248779297,423.3164978027344,3.816481351852417,95.33735656738281,4.936540126800537,25.43457794189453,74.3132553100586,520.1522827148438,145.49740600585938,212.06459045410156,186.60000610351562,57.718971252441406,505.072998046875,64.20661926269531,111.11029052734375
2024-05-22,189.43490600585938,300.2428283691406,165.52000427246094,183.1300048828125,38.162567138671875,770.0227661132812,795.5064697265625,53.42957305908203,100.977783203125,498.9468688964844,10.763904571533203,64.01570129394531,662.6158447265625,31.7441463470459,191.0906219482422,59.85593795776367,26.80731201171875,451.9599609375,255.0101776123047,424.7767639160156,3.763718843460083,94.90158081054688,4.813127040863037,26.360769271850586,77.1817626953125,518.654541015625,133.8131561279297,209.42538452148438,180.11000061035156,57.644535064697266,502.95062255859375,64.30517578125,108.87582397460938
2024-05-23,185.4457550048828,299.0892639160156,160.42999267578125,181.0500030517578,37.59627914428711,755.5201416015625,790.0302124023438,51.764549255371094,98.6645736694336,489.40496826171875,10.83548355102539,62.4766845703125,654.6973876953125,30.306529998779297,189.751220703125,58.99135208129883,25.624637603759766,446.7030334472656,247.48756408691406,421.3037109375,3.693368911743164,103.74607849121094,4.737179279327393,25.55035400390625,74.87740325927734,514.8661499023438,134.87791442871094,207.5789031982422,173.74000549316406,57.81467056274414,498.5901794433594,63.901100158691406,107.01850128173828
2024-05-24,188.52197265625,294.25970458984375,166.36000061035156,180.75,38.104984283447266,752.9680786132812,803.3141479492188,51.6622314453125,99.74276733398438,489.4342346191406,10.880220413208008,62.01402282714844,600.05859375,29.403162002563477,193.40322875976562,58.90584945678711,25.807327270507812,446.6733093261719,247.66026306152344,424.42156982421875,3.763718843460083,106.41471099853516,4.984005928039551,25.719558715820312,75.41284942626953,518.2727661132812,135.64378356933594,209.62838745117188,179.24000549316406,58.01670455932617,490.2358093261719,64.43328857421875,106.93363189697266
2024-05-28,188.53189086914062,291.0726318359375,171.61000061035156,182.14999389648438,37.740257263183594,742.8662719726562,806.726806640625,49.88558578491211,100.40928649902344,496.17877197265625,10.450739860534668,60.371150970458984,593.168212890625,29.034042358398438,192.2372589111328,58.734825134277344,25.4996395111084,440.63421630859375,243.27528381347656,424.5794372558594,3.719749927520752,113.84290313720703,4.784646511077881,25.203033447265625,74.08378601074219,518.6349487304688,137.390380859375,211.44586181640625,176.75,57.55946350097656,485.9042663574219,64.09820556640625,108.2912826538086
2024-05-29,188.82960510253906,287.201171875,165.13999938964844,182.02000427246094,37.16436004638672,728.5850830078125,800.1295776367188,49.922786712646484,98.88020324707031,497.0852355957031,10.343368530273438,59.955711364746094,591.447998046875,28.480365753173828,190.89788818359375,58.620819091796875,24.528501510620117,438.05029296875,239.2741241455078,423.4447937011719,3.394381523132324,114.76644134521484,4.879579544067383,24.775562286376953,73.51007843017578,515.0032348632812,137.98812866210938,206.83450317382812,176.19000244140625,56.92144775390625,467.6134033203125,63.97994613647461,107.13162231445312
2024-05-30,189.82192993164062,278.43170166015625,166.75,179.32000732421875,37.077972412109375,733.6696166992188,808.879638671875,52.1273193359375,99.68394470214844,496.1983337402344,10.531268119812012,60.503334045410156,556.5411987304688,29.344879150390625,192.073486328125,58.877342224121094,25.10541343688965,437.68402099609375,241.8648223876953,409.13824462890625,3.64060640335083,110.44364929199219,5.069447040557861,25.113975524902344,75.30767822265625,511.5868225097656,139.97752380371094,207.0471954345703,178.7899932861328,57.47439956665039,464.6517333984375,63.95038986206055,107.47103881835938
2024-05-31,190.7745361328125,275.97784423828125,166.89999389648438,176.44000244140625,38.383338928222656,743.46337890625,803.4728393554688,55.438758850097656,101.85015106201172,495.6914978027344,10.853379249572754,60.6827278137207,569.8574829101562,28.77177619934082,195.25332641601562,59.789432525634766,25.807327270507812,442.6044006347656,248.40869140625,409.5920715332031,3.64060640335083,109.57709503173828,5.145393371582031,25.523635864257812,76.70367431640625,516.2463989257812,145.85232543945312,210.27610778808594,178.0800018310547,58.218746185302734,477.88751220703125,64.80778503417969,110.55403900146484
2024-06-03,192.54087829589844,275.4597473144531,163.5500030517578,178.33999633789062,38.27776336669922,748.605712890625,808.9292602539062,56.006168365478516,100.73273468017578,509.72650146484375,10.907064437866211,59.88961410522461,560.74267578125,29.04375648498535,194.4728546142578,59.789432525634766,26.62462615966797,438.76312255859375,250.85202026367188,408.0035095214844,3.614225387573242,114.94135284423828,5.154886245727539,26.10250473022461,78.4821548461914,516.6672973632812,142.92892456054688,205.11370849609375,176.2899932861328,58.761051177978516,479.8844909667969,64.86691284179688,107.90473175048828
2024-06-04,192.8584442138672,281.61883544921875,159.99000549316406,179.33999633789062,38.08579635620117,756.232666015625,820.8341674804688,56.05268478393555,101.28164672851562,507.7772521972656,10.763904571533203,60.57887268066406,565.5274047851562,29.20888900756836,191.90968322753906,60.7490234375,26.730390548706055,440.3273010253906,253.7202911376953,410.51953125,3.5262880325317383,116.37762451171875,5.069447040557861,26.262805938720703,79.16102600097656,517.2449340820312,140.61260986328125,203.38323974609375,174.77000427246094,59.314002990722656,487.6504211425781,65.63562774658203,106.22652435302734
2024-06-05,194.36676025390625,284.51263427734375,166.1699981689453,181.27999877929688,38.35453796386719,759.6898193359375,827.6893920898438,56.46195983886719,99.4879150390625,503.99554443359375,10.799694061279297,60.31449890136719,567.7122192382812,29.713998794555664,190.0788116455078,60.73002624511719,27.36499786376953,442.19842529296875,251.08383178710938,418.3536376953125,3.614225387573242,122.3775634765625,5.097926616668701,26.316240310668945,77.60248565673828,523.392333984375,137.62387084960938,201.40142822265625,175.0,59.643638610839844,485.364013671875,66.1185302734375,106.65080261230469
2024-06-06,192.9874267578125,285.216552734375,166.77999877929688,185.0,38.104984283447266,749.7228393554688,835.96337890625,56.68520736694336,99.20366668701172,500.6719970703125,10.799694061279297,60.286170959472656,566.1107177734375,28.91748046875,189.74160766601562,60.94854736328125,26.778465270996094,444.19830322265625,251.7887725830078,418.8568420410156,3.60543155670166,120.9363021850586,5.0314741134643555,25.6483154296875,77.89888000488281,523.3826904296875,135.55039978027344,203.05453491210938,177.94000244140625,59.59046936035156,484.2063903808594,66.17765808105469,107.45218658447266
2024-06-07,195.37892150878906,281.9512023925781,167.8699951171875,184.3000030517578,38.413997650146484,745.1279907226562,838.8799438476562,57.466552734375,99.5271224975586,500.5355224609375,10.871273040771484,61.08872985839844,567.346435546875,28.490079879760742,192.6708984375,60.72052764892578,26.682315826416016,445.2972106933594,247.43328857421875,418.1957702636719,3.552669048309326,120.82635498046875,4.974513053894043,25.452390670776367,77.86064910888672,522.746337890625,136.36294555664062,199.4969482421875,177.47999572753906,59.13323211669922,473.3727111816406,64.9260482788086,106.30195617675781
2024-06-10,191.6378631591797,283.9358215332031,160.33999633789062,187.05999755859375,38.307769775390625,742.6852416992188,841.6181640625,56.07128143310547,100.70333099365234,513.2060546875,11.077067375183105,61.608028411865234,560.762451171875,28.74263572692871,192.3433074951172,60.4164924621582,28.557289123535156,444.7625732421875,245.11550903320312,422.1620788574219,3.5438754558563232,121.72789764404297,4.936540126800537,24.998201370239258,78.02318572998047,524.3615112304688,138.71664428710938,201.1017303466797,173.7899932861328,59.111968994140625,477.53057861328125,65.99040222167969,106.61307525634766
2024-06-11,205.5601806640625,287.6410827636719,158.9600067138672,187.22999572753906,37.52558898925781,734.4071044921875,842.5805053710938,55.81083679199219,98.87041473388672,514.5706176757812,10.83548355102539,61.268123626708984,560.2285766601562,28.56778907775879,187.28440856933594,60.37848663330078,26.970773696899414,444.5546875,245.5694122314453,426.907958984375,3.499906539916992,120.8582763671875,4.870086193084717,24.962581634521484,76.38813781738281,525.624267578125,136.54042053222656,198.4818572998047,170.66000366210938,59.111968994140625,478.7075500488281,65.76374053955078,105.755126953125
2024-06-12,211.4347686767578,279.3409423828125,160.24000549316406,186.88999938964844,38.05670166015625,746.5045166015625,841.0924072265625,55.801536560058594,98.80179595947266,517.9331665039062,10.80864143371582,60.748817443847656,585.4571533203125,28.71349334716797,184.55743408203125,59.74192428588867,27.34576988220215,438.5750427246094,245.7625274658203,435.1761474609375,3.5262880325317383,125.14643859863281,4.889072895050049,24.633068084716797,75.90049743652344,529.9412841796875,137.0914764404297,198.810546875,177.2899932861328,59.61174392700195,475.668701171875,65.34982299804688,104.5860366821289
2024-06-13,212.59579467773438,276.00714111328125,159.89999389648438,183.8300018310547,37.91184997558594,746.1168212890625,839.2569580078125,56.768917083740234,98.10586547851562,515.350341796875,10.683374404907227,60.01235580444336,587.8297729492188,28.558074951171875,186.60987854003906,59.846435546875,27.316923141479492,440.5550537109375,245.00927734375,435.689208984375,3.4823191165924072,129.55455017089844,4.727685928344727,24.624164581298828,76.72280883789062,531.00830078125,135.1300811767578,192.72007751464844,182.47000122070312,59.8563117980957,479.7494201660156,65.73416900634766,103.74694061279297
2024-06-14,210.85922241210938,280.29901123046875,159.6300048828125,183.66000366210938,37.892547607421875,745.7484741210938,848.8900756835938,56.015472412109375,97.98825073242188,509.65179443359375,10.477582931518555,62.18193435668945,588.8974609375,27.946117401123047,186.7255096435547,59.889522552490234,27.288076400756836,440.1886901855469,244.8933868408203,436.6660461425781,3.420762777328491,131.82359313964844,4.613766193389893,24.517297744750977,76.15866088867188,531.3314208984375,131.8424530029297,190.57391357421875,178.00999450683594,59.781883239746094,479.5757751464844,66.0495376586914,102.87012481689453
2024-06-17,215.00714111328125,279.1454162597656,158.39999389648438,184.05999755859375,38.15326690673828,757.1383666992188,861.0330810546875,56.824729919433594,99.50752258300781,520.1593627929688,10.602848052978516,61.42688751220703,595.6395874023438,28.402658462524414,187.8818359375,59.95654296875,27.66307258605957,443.6339416503906,244.82579040527344,442.388671875,3.403175115585327,130.92396545410156,4.6992058753967285,24.027484893798828,77.76502227783203,535.5601196289062,135.4009552001953,188.7080841064453,187.44000244140625,59.95201110839844,473.96649169921875,66.44374084472656,102.16300964355469
2024-06-18,212.64540100097656,278.96942138671875,154.6300048828125,182.80999755859375,38.616790771484375,759.6295166015625,863.8505249023438,56.75031661987305,99.4879150390625,521.6060180664062,10.540213584899902,60.35643005371094,602.7177734375,28.218097686767578,189.82830810546875,59.966121673583984,27.50826072692871,445.6140441894531,242.19894409179688,440.3857116699219,3.4647319316864014,135.52200317382812,4.632753372192383,24.410429000854492,76.68456268310547,536.9208374023438,133.13133239746094,187.68333435058594,184.86000061035156,59.72871398925781,466.0416259765625,66.62114715576172,103.12467956542969
2024-06-20,208.07077026367188,299.3141174316406,161.77999877929688,186.10000610351562,38.616790771484375,758.834716796875,855.6063842773438,56.74101638793945,99.82117462158203,513.160888671875,10.683374404907227,65.46019744873047,609.044677734375,27.858694076538086,191.43748474121094,59.53525924682617,27.150251388549805,447.99005126953125,245.1058349609375,439.7542724609375,3.508700370788574,130.72406005859375,4.5568060874938965,24.704315185546875,76.2256088256836,535.4622802734375,133.91590881347656,188.0700225830078,181.57000732421875,59.70744323730469,469.4034118652344,67.02521514892578,105.34971618652344
2024-06-21,205.89759826660156,302.0710754394531,161.22999572753906,189.0800018310547,38.13396072387695,763.4584350585938,841.58837890625,57.085182189941406,100.2426528930664,510.06231689453125,10.593899726867676,67.54376983642578,624.9312744140625,27.295303344726562,189.15379333496094,60.100162506103516,27.440528869628906,450.3067321777344,250.50436401367188,443.7798156738281,3.570256471633911,126.51585388183594,4.414405345916748,24.704315185546875,76.40727996826172,534.7444458007812,136.48435974121094,187.14198303222656,183.00999450683594,59.66490936279297,467.53363037109375,66.92665100097656,104.42577362060547
2024-06-24,206.54258728027344,300.3406066894531,160.25,185.57000732421875,38.6457633972168,774.4605102539062,841.4395751953125,57.4200439453125,99.95840454101562,521.3909301757812,10.942853927612305,67.60112762451172,616.7556762695312,27.54785919189453,191.63986206054688,61.24913024902344,27.566312789916992,452.3955993652344,251.46046447753906,441.6979675292969,3.60543155670166,118.05945587158203,4.518833160400391,25.256465911865234,76.23516845703125,533.0061645507812,139.80938720703125,192.3623809814453,182.5800018310547,59.86695098876953,474.6930847167969,67.90231323242188,107.5276107788086
2024-06-25,207.46546936035156,300.3015441894531,160.25,186.33999633789062,38.027732849121094,770.0404052734375,848.7313232421875,56.22010803222656,100.17404174804688,515.9661254882812,10.817588806152344,66.53065490722656,623.2704467773438,26.780481338500977,190.85934448242188,61.12465286254883,27.58566665649414,451.0986328125,248.56320190429688,444.9342346191406,3.631812572479248,126.03604125976562,4.4333930015563965,24.926958084106445,75.80488586425781,535.0587158203125,137.08213806152344,199.36158752441406,187.35000610351562,59.68617248535156,469.3840026855469,66.44374084472656,107.82930755615234
2024-06-26,211.61337280273438,297.80853271484375,157.5399932861328,193.61000061035156,37.66078186035156,763.3131103515625,850.0509033203125,56.396854400634766,100.1544418334961,507.65777587890625,10.83548355102539,66.24392700195312,630.2003784179688,26.722200393676758,190.24264526367188,61.32572555541992,27.527612686157227,447.8613586425781,248.99778747558594,446.1280822753906,3.675781011581421,126.34593200683594,4.6992058753967285,24.419336318969727,75.68058013916016,535.7265014648438,137.4557342529297,196.42269897460938,196.3699951171875,59.20766830444336,468.9383850097656,67.30115509033203,107.86702728271484
2024-06-27,212.4568634033203,296.4105224609375,159.47000122070312,197.85000610351562,37.90219497680664,757.186767578125,843.8800659179688,54.285343170166016,100.1446304321289,504.35400390625,10.942853927612305,65.78517150878906,644.0009155273438,25.50799560546875,191.9193115234375,61.191673278808594,27.546960830688477,438.3275146484375,249.32618713378906,446.808837890625,3.631812572479248,123.93695831298828,4.661232948303223,24.75775146484375,75.76663208007812,536.5711059570312,137.03543090820312,197.09942626953125,197.4199981689453,58.85676193237305,471.2635192871094,66.89708709716797,108.32899475097656
2024-06-28,209.00357055664062,296.6255798339844,162.2100067138672,193.25,38.40434646606445,763.1870727539062,843.255126953125,54.936466217041016,97.32172393798828,504.6864318847656,11.220229148864746,65.57489013671875,649.705078125,25.10002326965332,194.8968048095703,60.9427375793457,27.682422637939453,436.7534484863281,246.1102294921875,440.9875793457031,3.604641914367676,123.48714447021484,4.822620391845703,24.91805076599121,74.43756103515625,534.4595947265625,138.26832580566406,198.15316772460938,197.8800048828125,58.47395324707031,493.3715515136719,66.72954559326172,108.53641510009766
2024-07-01,215.08651733398438,295.7847900390625,157.69000244140625,197.1999969482422,38.6360969543457,758.2918090820312,838.96923828125,54.089996337890625,96.09650421142578,493.9539794921875,11.417073249816895,65.60356903076172,643.338623046875,25.051456451416016,197.97068786621094,60.58847427368164,27.198633193969727,433.23883056640625,241.42637634277344,450.6371154785156,3.604641914367676,124.246826171875,5.648540496826172,25.131784439086914,73.7491226196289,535.5596313476562,136.12013244628906,196.93507385253906,209.86000061035156,58.16557693481445,479.21734619140625,66.50288391113281,108.38556671142578
2024-07-02,218.5795135498047,297.0361633300781,164.30999755859375,200.0,39.52450942993164,764.9415893554688,852.5508422851562,53.50398635864258,96.04749298095703,481.501220703125,11.515497207641602,65.37419128417969,648.7263793945312,25.342864990234375,201.22764587402344,60.46400451660156,27.37279510498047,440.20855712890625,239.30174255371094,453.153076171875,3.604641914367676,122.61751556396484,5.933341026306152,24.784465789794922,73.46227264404297,539.1637573242188,135.793212890625,199.35194396972656,231.25999450683594,58.29317855834961,482.6953125,67.08433532714844,107.6501693725586
2024-07-03,219.84967041015625,298.9132385253906,163.89999389648438,197.58999633789062,39.495540618896484,764.931884765625,855.82470703125,52.741241455078125,96.65520477294922,486.1148681640625,11.515497207641602,63.644248962402344,652.3643798828125,26.100528717041016,201.09274291992188,60.636348724365234,27.65339469909668,443.70330810546875,241.43601989746094,454.62322998046875,3.5955851078033447,128.22511291503906,5.942834854125977,24.66869354248047,72.9172592163086,541.5698852539062,135.24215698242188,199.39059448242188,246.38999938964844,58.47395324707031,474.60589599609375,67.25186920166016,108.19700622558594
2024-07-05,224.60292053222656,292.45111083984375,171.89999389648438,200.0,39.022369384765625,766.3665161132812,878.65234375,52.66682434082031,96.04749298095703,482.5959777832031,11.488656997680664,63.739837646484375,661.11328125,25.993677139282227,198.4281463623047,61.048057556152344,26.066566467285156,445.0002136230469,242.48867797851562,461.3226318359375,3.4869022369384766,125.77616882324219,6.0377678871154785,24.980390548706055,72.71646118164062,544.6927490234375,136.0360565185547,199.5839385986328,251.52000427246094,59.00563049316406,472.7845153808594,69.02581787109375,106.88651275634766
2024-07-08,226.07156372070312,292.7737121582031,178.69000244140625,199.2899932861328,39.22514724731445,765.9691162109375,873.8607177734375,52.917972564697266,95.8801040649414,489.04718017578125,11.613920211791992,64.5617904663086,652.0480346679688,25.71198081970215,198.79637145996094,60.282081604003906,26.463274002075195,441.7826843261719,239.3596954345703,460.0202331542969,3.414447546005249,128.1451416015625,6.113714694976807,24.87352180480957,71.30134582519531,545.3213500976562,138.90341186523438,198.12417602539062,252.94000244140625,59.36716842651367,474.0730285644531,68.6710205078125,105.7645492553711
2024-07-09,226.92494201660156,291.3952331542969,177.10000610351562,199.33999633789062,39.9976806640625,777.6884765625,879.8229370117188,53.59700393676758,95.56499481201172,467.0545959472656,11.542341232299805,64.76249694824219,642.9925537109375,26.051958084106445,201.17994689941406,60.023563385009766,26.579383850097656,440.9101867675781,237.39923095703125,453.40966796875,3.3691632747650146,131.3238067626953,6.0472612380981445,24.68650245666504,69.56111907958984,545.8515625,137.8573455810547,194.96292114257812,262.3299865722656,59.069427490234375,476.756591796875,68.8878402709961,104.59546661376953
2024-07-10,231.19195556640625,288.83380126953125,183.9600067138672,199.7899932861328,40.30669021606445,787.110595703125,877.3031616210938,53.5132942199707,95.48621368408203,467.2109069824219,11.78392505645752,65.70870971679688,626.480224609375,25.993677139282227,201.34466552734375,60.157615661621094,26.734193801879883,429.9444274902344,241.9092559814453,460.0301513671875,3.3872768878936768,134.85227966308594,5.828914165496826,25.247562408447266,69.3316421508789,551.2529907226562,136.4656982421875,199.03289794921875,263.260009765625,60.122154235839844,485.3014221191406,69.39046478271484,105.51942443847656
2024-07-11,225.823486328125,292.60443115234375,181.94000244140625,195.0500030517578,40.37429428100586,799.5860595703125,839.8820190429688,54.14580535888672,95.12187957763672,462.42144775390625,12.052351951599121,66.8747329711914,623.0846557617188,27.81012535095215,201.0055389404297,60.4161262512207,26.09559440612793,432.7007141113281,246.07159423828125,448.6342468261719,3.42350435256958,127.34550476074219,6.2656073570251465,25.523635864257812,70.08700561523438,546.499755859375,141.40650939941406,196.95440673828125,241.02999877929688,60.21786117553711,488.6243896484375,68.7892837524414,106.77336883544922
2024-07-12,228.77069091796875,305.0159912109375,181.61000061035156,194.49000549316406,40.16184616088867,802.591064453125,836.2212524414062,54.88064956665039,95.64376068115234,480.39678955078125,12.553413391113281,66.86518096923828,635.4987182617188,27.3438720703125,198.57350158691406,60.99060821533203,26.63743782043457,436.3592834472656,245.202392578125,447.49951171875,3.3872768878936768,129.18470764160156,6.370034694671631,25.755184173583984,71.54993438720703,549.94677734375,142.7608184814453,200.68603515625,248.22999572753906,61.259944915771484,495.5707702636719,68.23739624023438,106.7922134399414
2024-07-15,232.60107421875,312.1251220703125,179.8300018310547,192.72000122070312,40.45154571533203,797.7345581054688,842.0050048828125,54.573692321777344,95.38774871826172,472.1372985839844,12.732364654541016,67.67757415771484,651.5654907226562,25.88682746887207,203.52474975585938,60.71294403076172,26.811599731445312,440.21612548828125,242.9136199951172,447.9040832519531,3.42350435256958,128.3850555419922,6.569395065307617,25.915485382080078,69.56111907958984,551.459228515625,141.31314086914062,200.02865600585938,252.63999938964844,60.568763732910156,499.2909240722656,68.60204315185547,108.62126922607422
2024-07-16,233.017822265625,319.12628173828125,177.5500030517578,193.02000427246094,42.614627838134766,818.071533203125,844.0289306640625,55.86664581298828,96.96327209472656,478.80352783203125,12.87552547454834,68.47085571289062,659.4555053710938,26.421077728271484,206.98385620117188,61.53636169433594,27.779178619384766,439.7501525878906,248.45697021484375,443.52325439453125,3.432561159133911,126.30593872070312,6.721288681030273,26.271711349487305,72.20012664794922,554.7294311523438,144.77825927734375,199.7289581298828,256.55999755859375,60.972835540771484,531.7457275390625,68.97653198242188,109.40380859375
2024-07-17,227.12342834472656,319.7154541015625,159.42999267578125,187.92999267578125,42.46977233886719,815.3088989257812,839.5745239257812,57.29911804199219,95.82101440429688,462.5973815917969,12.956053733825684,70.05742645263672,652.2882080078125,26.20737648010254,210.1328887939453,62.43638229370117,27.401826858520508,447.3150939941406,252.05918884277344,437.6033020019531,3.3691632747650146,117.93952178955078,6.721288681030273,26.74371337890625,71.80810546875,546.9515991210938,145.6374969482422,197.5924530029297,248.5,61.8873291015625,555.3942260742188,70.00148010253906,110.91230010986328
2024-07-18,222.45950317382812,322.17022705078125,155.77000427246094,183.75,41.5330810546875,803.5895385742188,832.7192993164062,55.727115631103516,95.30897521972656,399.81585693359375,13.01868724822998,70.25813293457031,631.0635986328125,25.527423858642578,203.45692443847656,62.417236328125,26.52132797241211,444.8959045410156,250.62989807128906,434.4953918457031,3.3419923782348633,121.03820037841797,6.512434959411621,26.458730697631836,70.93798828125,542.7482299804688,142.0509796142578,193.20346069335938,249.22999572753906,61.717185974121094,546.733154296875,69.79452514648438,112.00596618652344
2024-07-19,222.5885009765625,323.24053955078125,151.5800018310547,183.1300048828125,41.4268684387207,805.2374267578125,831.4890747070312,55.410858154296875,94.27503967285156,395.0556640625,12.508675575256348,69.35016632080078,630.162841796875,25.50799560546875,203.2631378173828,62.51298141479492,26.298786163330078,439.9088134765625,248.4666290283203,431.2788391113281,3.3872768878936768,117.87954711914062,6.436489105224609,26.690279006958008,75.79532623291016,539.1441040039062,139.8467559814453,190.59323120117188,239.1999969482422,61.70655059814453,547.6921997070312,69.72553253173828,109.43208312988281
2024-07-22,222.2412109375,325.5186462402344,155.8699951171875,182.5500030517578,40.84746551513672,817.3929443359375,840.7054443359375,54.869972229003906,92.6896743774414,406.17901611328125,12.633941650390625,69.20679473876953,638.0429077148438,26.081100463867188,203.7476043701172,62.01509475708008,26.76322364807129,444.12255859375,250.64923095703125,437.0310974121094,3.523129940032959,123.48714447021484,6.464968204498291,26.360769271850586,73.19454956054688,544.70263671875,141.0515899658203,193.48379516601562,251.50999450683594,61.84479522705078,541.1044311523438,69.36089324951172,108.6778335571289
2024-07-23,223.2831268310547,324.3599548339844,154.0,186.41000366210938,40.95368576049805,818.7985229492188,845.3582763671875,54.53131866455078,89.5484848022461,413.4023742675781,12.374462127685547,68.02165222167969,630.6973266601562,25.440000534057617,203.7960662841797,62.197017669677734,26.298786163330078,437.9555358886719,245.34727478027344,438.9156188964844,3.5050158500671387,122.53755187988281,6.408009052276611,26.271711349487305,72.9172592163086,543.8482055664062,140.35110473632812,194.11216735839844,246.3800048828125,60.89840316772461,537.393798828125,69.62698364257812,106.9242172241211
2024-07-24,216.86277770996094,322.7397766113281,144.6300048828125,180.8300018310547,40.741241455078125,802.2808837890625,824.2369995117188,55.067508697509766,88.42593383789062,415.1520080566406,12.231302261352539,70.24858856201172,614.0067749023438,25.022314071655273,202.110107421875,63.01085662841797,25.747264862060547,428.7646179199219,244.69056701660156,423.1784362792969,3.3872768878936768,114.20112609863281,6.256114959716797,26.69918441772461,71.4065170288086,531.5232543945312,136.78323364257812,190.64157104492188,215.99000549316406,60.122154235839844,542.2862548828125,69.57769775390625,108.4327163696289
2024-07-25,215.82086181640625,324.15374755859375,138.32000732421875,179.85000610351562,40.24875259399414,810.8983154296875,809.4848022460938,55.17098617553711,87.8449478149414,415.58209228515625,9.985466957092285,73.12542724609375,620.0256958007812,25.575990676879883,202.18760681152344,63.259803771972656,27.169605255126953,425.9388732910156,242.8459930419922,412.8184814453125,3.3782200813293457,112.23196411132812,6.322567939758301,26.877296447753906,70.10614013671875,528.7538452148438,136.63380432128906,188.7564239501953,220.25,62.82307052612305,542.218505859375,69.006103515625,110.71430969238281
2024-07-26,216.2872314453125,322.52374267578125,139.99000549316406,182.5,40.239097595214844,829.955810546875,812.2764282226562,57.381587982177734,88.55394744873047,408.0362243652344,10.012309074401855,73.60331726074219,626.9950561523438,25.79940414428711,205.646728515625,64.19811248779297,26.3471622467041,434.4457702636719,243.36752319335938,419.5967712402344,3.29670786857605,113.0116195678711,6.398514270782471,27.789464950561523,70.80413818359375,534.6757202148438,139.16494750976562,186.1172332763672,219.8000030517578,64.5776138305664,551.9451904296875,68.76956939697266,110.62003326416016
2024-07-29,216.56509399414062,320.30462646484375,139.75,183.1999969482422,39.679012298583984,835.723388671875,810.249755859375,57.91777420043945,90.7301254272461,418.475341796875,9.851252555847168,74.29145812988281,629.9649047851562,25.847972869873047,204.29989624023438,63.98747253417969,25.45699119567871,437.53912353515625,252.46485900878906,421.0373229980469,3.2876510620117188,111.54224395751953,6.332061767578125,27.744306564331055,71.90372467041016,534.9899291992188,137.1288299560547,186.07855224609375,232.10000610351562,64.7796630859375,549.06787109375,68.61190032958984,109.46036529541016
2024-07-30,217.1207733154297,323.2503662109375,138.44000244140625,181.7100067138672,39.862491607666016,845.8433837890625,804.7557983398438,59.43227005004883,92.35487365722656,419.4723205566406,9.69914436340332,74.59729766845703,629.4105224609375,25.605133056640625,208.5050811767578,64.80133056640625,26.1633243560791,443.63671875,257.3128356933594,417.2781677246094,3.332935333251953,103.68561553955078,6.227634429931641,28.349407196044922,72.61128234863281,532.2794189453125,138.1842498779297,186.68760681152344,222.6199951171875,64.92852020263672,558.3490600585938,68.18812561035156,111.41199493408203
2024-07-31,220.37559509277344,324.64471435546875,144.47999572753906,186.97999572753906,38.92580032348633,849.6334838867188,816.6478881835938,56.75133514404297,92.25640869140625,419.03253173828125,9.681249618530273,72.6953353881836,640.8443603515625,25.6342716217041,206.18934631347656,63.901309967041016,26.066566467285156,459.7581787109375,256.3084716796875,412.7691345214844,3.3782200813293457,116.96992492675781,6.2656073570251465,27.581741333007812,74.5331802368164,540.9315185546875,140.48187255859375,187.11297607421875,232.07000732421875,65.2900619506836,558.1842651367188,67.64607238769531,111.80796813964844
2024-08-01,216.68417358398438,322.1506042480469,132.5399932861328,184.07000732421875,38.143611907958984,838.8253173828125,811.5711059570312,56.46912384033203,91.6261978149414,417.01898193359375,9.564932823181152,73.1063003540039,631.41015625,24.51720428466797,201.49969482421875,65.06940460205078,25.50537109375,458.46923828125,259.54376220703125,411.5456237792969,3.2876510620117188,109.16327667236328,6.018781661987305,27.68108558654785,71.81766510009766,533.2713623046875,137.31564331054688,173.1145477294922,216.86000061035156,65.53462982177734,554.9000854492188,68.77942657470703,110.26175689697266
2024-08-02,218.1726531982422,317.3097229003906,132.5,167.89999389648438,36.28955078125,820.0878295898438,816.727294921875,55.801239013671875,88.19944763183594,419.3257141113281,8.974392890930176,73.3739242553711,617.6497802734375,24.439496994018555,192.95367431640625,66.38114166259766,24.23784065246582,458.0825500488281,267.2117004394531,403.0406494140625,3.197082042694092,107.22410583496094,5.781447410583496,27.48239517211914,72.55390930175781,523.3427124023438,129.98377990722656,167.2657470703125,207.6699981689453,66.50228118896484,571.4278564453125,67.46869659423828,110.19575500488281
2024-08-05,207.6639404296875,308.06976318359375,134.82000732421875,161.02000427246094,35.391475677490234,805.2955322265625,796.6092529296875,54.38080596923828,86.43683624267578,419.5407409667969,8.688071250915527,71.5197525024414,596.910400390625,24.235509872436523,188.8453826904297,65.2034683227539,22.93161392211914,438.2331848144531,259.2540588378906,389.87860107421875,3.1517975330352783,100.40702056884766,5.525127410888672,26.859235763549805,70.62245178222656,508.1009826660156,125.03363037109375,162.75106811523438,198.8800048828125,64.56698608398438,552.177734375,66.61128234863281,108.20642852783203
2024-08-06,205.6395721435547,312.9204406738281,130.17999267578125,161.92999267578125,35.6522102355957,815.182861328125,811.5612182617188,54.879371643066406,88.59333038330078,419.30615234375,8.750703811645508,70.9080581665039,606.1367797851562,24.72119140625,194.11639404296875,65.15560150146484,23.55086326599121,444.4794921875,260.808837890625,394.27911376953125,3.1517975330352783,104.20541381835938,5.563100814819336,26.479915618896484,72.06627655029297,512.7854614257812,125.01496124267578,163.95948791503906,200.63999938964844,65.20500183105469,550.6180419921875,66.75911712646484,107.6313247680664
2024-08-07,208.20970153808594,312.27239990234375,128.6699981689453,162.77000427246094,36.0191535949707,814.0972290039062,805.02392578125,53.12030029296875,84.64468383789062,417.9279479980469,8.877922058105469,70.7264633178711,603.3252563476562,24.60462760925293,194.17453002929688,65.54814147949219,23.531511306762695,446.0063781738281,260.14251708984375,393.1148681640625,3.1427407264709473,98.86769104003906,5.36374044418335,26.05544662475586,71.98978424072266,509.3580017089844,124.66004943847656,161.61997985839844,191.75999450683594,64.9710464477539,548.4188232421875,65.94113159179688,109.06438446044922
2024-08-08,211.67291259765625,310.1711120605469,136.32000732421875,165.8000030517578,36.897911071777344,828.6277465820312,833.9644165039062,54.418434143066406,84.64468383789062,427.7415466308594,9.205050468444824,72.24612426757812,619.8277587890625,25.236013412475586,197.7208251953125,65.8066635131836,24.40233039855957,451.6974182128906,261.9001159667969,397.31805419921875,3.1699116230010986,104.92509460449219,5.3922200202941895,25.974163055419922,72.42961883544922,521.133056640625,125.12702178955078,163.7371368408203,198.83999633789062,65.31132507324219,548.5738525390625,66.68028259277344,111.14799499511719
2024-08-09,214.58045959472656,310.1219787597656,134.27000427246094,166.94000244140625,36.96550369262695,829.9655151367188,849.3634643554688,53.72233200073242,84.89086151123047,428.51373291015625,9.177790641784668,70.40149688720703,623.8667602539062,25.138877868652344,199.4067840576172,65.75879669189453,24.508766174316406,452.8872375488281,258.7325134277344,400.6036071777344,3.1789684295654297,104.70519256591797,5.971313953399658,25.784502029418945,71.79854583740234,523.4310302734375,126.55603790283203,162.9830780029297,200.0,64.77227020263672,541.3271484375,66.96607208251953,112.0531005859375
2024-08-12,216.11038208007812,308.28582763671875,136.77000427246094,166.8000030517578,36.859283447265625,812.5753173828125,857.9471435546875,52.499446868896484,84.63483428955078,434.8671569824219,8.95970344543457,69.7611312866211,621.1047973632812,25.323436737060547,199.78466796875,65.27046966552734,24.55714225769043,451.80645751953125,260.2293701171875,401.3830261230469,3.242366313934326,108.97335815429688,6.569395065307617,25.694190979003906,73.65351867675781,523.7061157226562,126.10773468017578,162.38369750976562,197.49000549316406,64.50434875488281,547.6534423828125,67.70520782470703,112.19452667236328
2024-08-13,219.8259735107422,313.5587463378906,141.1300048828125,170.22999572753906,37.13932418823242,828.3951416015625,859.1890258789062,52.50885772705078,84.29019927978516,431.3483581542969,9.214137077331543,70.70734405517578,639.3396606445312,25.381717681884766,201.4803009033203,65.54814147949219,24.595848083496094,455.4452209472656,261.05029296875,408.487060546875,3.197082042694092,116.0903091430664,6.863689422607422,26.05544662475586,91.69637298583984,532.3187866210938,127.63945007324219,166.65670776367188,207.8300018310547,65.15808868408203,556.3241577148438,67.14347076416016,111.1197280883789
2024-08-14,220.27305603027344,314.0496826171875,140.75,170.10000610351562,37.47731018066406,831.2352905273438,857.0928344726562,52.668766021728516,84.9794921875,432.2671203613281,9.250486373901367,70.8602523803711,630.3410034179688,25.15830421447754,203.70887756347656,65.66305541992188,24.55714225769043,456.2384338378906,261.8614807128906,411.29901123046875,3.206138849258423,118.02948760986328,6.7307820320129395,26.082536697387695,89.78404235839844,533.998046875,126.79887390136719,171.123046875,201.3800048828125,65.22237396240234,561.5848388671875,67.6657943725586,112.14737701416016
2024-08-15,223.2534942626953,319.25390625,147.36000061035156,177.58999633789062,37.689754486083984,845.3295288085938,871.6373901367188,54.14564514160156,87.43138122558594,434.55438232421875,9.504919052124023,71.0514144897461,645.5863037109375,26.226804733276367,204.9781494140625,65.73005676269531,25.67953872680664,464.7155456542969,265.4541015625,416.1620788574219,3.29670786857605,122.80744171142578,6.854195594787598,25.929006576538086,90.72108459472656,543.15087890625,132.30943298339844,175.7440643310547,214.13999938964844,65.74749755859375,561.526611328125,72.12034606933594,112.84117889404297
2024-08-16,224.5747833251953,321.0115661621094,148.55999755859375,177.05999755859375,37.989105224609375,845.7463989257812,864.9214477539062,54.88877487182617,87.93358612060547,432.9220275878906,9.55035400390625,70.51618957519531,646.9622802734375,28.45122718811035,207.322998046875,66.2375259399414,25.476341247558594,464.88409423828125,268.9500427246094,413.6317443847656,3.3510491847991943,124.52670288085938,6.825716018676758,25.5587215423584,91.2020492553711,544.3685913085938,134.53233337402344,176.59481811523438,216.1199951171875,65.3616943359375,559.6568603515625,72.59276580810547,112.30895233154297
2024-08-19,224.4158477783203,323.4860534667969,155.27999877929688,178.22000122070312,38.307769775390625,843.5363159179688,866.669921875,55.31208419799805,89.43031311035156,423.0791320800781,9.741178512573242,71.15655517578125,656.6341552734375,28.694067001342773,208.75698852539062,66.04603576660156,25.863374710083008,463.00030517578125,277.69970703125,416.6563415527344,3.29670786857605,129.9443817138672,7.11051607131958,26.01028823852539,88.7875747680664,549.5736083984375,135.08338928222656,177.59056091308594,222.72000122070312,65.85466766357422,560.7225952148438,72.85961151123047,112.65109252929688
2024-08-20,225.03176879882812,324.3992004394531,156.39999389648438,178.8800048828125,37.361427307128906,834.57958984375,870.494873046875,55.40615463256836,88.3668441772461,417.429443359375,9.70483112335205,71.44328308105469,660.5741577148438,27.382726669311523,207.8559112548828,66.42902374267578,25.66018295288086,465.1220703125,275.8454895019531,419.8885192871094,3.2604799270629883,127.19556427001953,6.901662349700928,26.10059928894043,89.4705581665039,548.6799926757812,134.80319213867188,175.3090362548828,221.10000610351562,65.75821685791016,562.5343017578125,73.67005157470703,108.89701080322266
2024-08-21,224.92250061035156,327.57086181640625,157.80999755859375,180.11000061035156,37.41937255859375,836.6346435546875,875.6809692382812,54.860557556152344,89.33185577392578,418.0550537109375,9.859309196472168,71.80646514892578,663.7518310546875,26.246232986450195,207.9334259033203,66.61093139648438,25.718236923217773,464.0115966796875,279.78570556640625,419.23614501953125,3.2785940170288086,128.4450225830078,6.901662349700928,26.21800994873047,89.24931335449219,550.5654296875,149.90159606933594,177.51321411132812,223.27000427246094,66.2297592163086,560.0347290039062,74.36186218261719,108.20321655273438
2024-08-22,223.06471252441406,324.5956115722656,151.6999969482422,176.1300048828125,37.892547607421875,838.7186889648438,871.8461303710938,54.314971923828125,88.5440902709961,406.84368896484375,9.922917366027832,72.54241180419922,658.6041259765625,25.877113342285156,209.9003448486328,66.38114166259766,26.05689239501953,464.82464599609375,279.3028564453125,410.7454528808594,3.224252700805664,123.68705749511719,6.853867053985596,25.992225646972656,88.9126205444336,546.244384765625,147.6142578125,175.46372985839844,210.66000366210938,67.00137329101562,560.6644287109375,74.69790649414062,109.0395736694336
2024-08-23,225.35963439941406,327.2467956542969,154.97999572753906,177.0399932861328,38.40434646606445,855.7791748046875,873.4853515625,55.265052795410156,89.17430114746094,415.6896057128906,10.240960121154785,73.32613372802734,613.6207275390625,26.06167221069336,211.5281524658203,66.82158660888672,27.2663631439209,462.46490478515625,279.6022033691406,411.97113037109375,3.2876510620117188,129.31463623046875,7.054608345031738,26.10059928894043,90.4421157836914,552.0484008789062,149.19561767578125,178.934326171875,220.32000732421875,68.15876770019531,566.2738647460938,74.81649780273438,110.55071258544922
2024-08-26,225.6973876953125,330.6933898925781,149.99000549316406,175.5,38.54918670654297,856.070068359375,886.6987915039062,55.218017578125,90.3756332397461,414.90765380859375,10.09556770324707,73.5555191040039,610.918212890625,25.061168670654297,212.36141967773438,67.82691955566406,27.28571891784668,464.6461181640625,278.7909851074219,408.70928955078125,3.305764675140381,126.40589904785156,6.920780658721924,26.118663787841797,91.9908447265625,550.7324829101562,149.5721435546875,174.56466674804688,213.2100067138672,68.19093322753906,568.8120727539062,75.14265441894531,112.91720581054688
2024-08-27,226.5418701171875,334.2283020019531,150.5,173.1199951171875,38.307769775390625,858.9683837890625,902.9819946289062,54.05156326293945,89.50910186767578,408.97454833984375,10.12282943725586,73.59374237060547,620.0256958007812,25.62455940246582,213.34007263183594,68.45884704589844,28.16621208190918,470.9420166015625,279.7181701660156,409.0552062988281,3.314821720123291,128.2451171875,6.892103672027588,26.028352737426758,94.84783172607422,551.4886474609375,149.3650665283203,179.57237243652344,209.2100067138672,68.68389892578125,569.025146484375,75.24148559570312,111.84324645996094
2024-08-28,225.0119171142578,331.2923889160156,146.36000061035156,170.8000030517578,38.57815933227539,861.4207153320312,882.2677001953125,53.844627380371094,88.12067413330078,406.70684814453125,10.031960487365723,75.0847396850586,610.8389892578125,25.197160720825195,214.4155731201172,68.69821166992188,27.750152587890625,467.77923583984375,277.2168273925781,405.8526916503906,3.2604799270629883,125.55626678466797,6.815630912780762,25.965129852294922,91.67341613769531,548.2871704101562,147.65188598632812,181.42852783203125,205.75,69.00541687011719,570.1780395507812,75.19207763671875,110.74079132080078
2024-08-29,228.29037475585938,334.0614013671875,145.49000549316406,172.1199951171875,38.79060363769531,867.4403686523438,880.8569946289062,53.590641021728516,88.4357681274414,403.6474609375,10.09556770324707,75.93536376953125,616.5411376953125,25.61484718322754,215.3070068359375,68.9854507446289,27.808210372924805,476.70245361328125,277.99908447265625,408.3435974121094,3.305764675140381,117.53968811035156,6.7295989990234375,25.93803596496582,91.25016021728516,548.3361206054688,144.41383361816406,181.52520751953125,206.27999877929688,69.72342681884766,573.113525390625,75.5280990600586,112.27093505859375
2024-08-30,227.50555419921875,335.7699279785156,148.55999755859375,178.5,39.35069274902344,874.167724609375,886.5695190429688,53.844627380371094,88.99705505371094,404.8692932128906,10.16826343536377,75.5052719116211,623.92626953125,26.226804733276367,217.81654357910156,69.38758850097656,27.982372283935547,479.22088623046875,278.771728515625,412.317138671875,3.3691632747650146,119.31893157958984,6.758276462554932,26.1999454498291,90.97119140625,553.570556640625,144.60208129882812,183.48768615722656,214.11000061035156,69.43407440185547,571.7862548828125,76.32865142822266,112.09036254882812
2024-09-03,221.31619262695312,335.7012023925781,136.94000244140625,176.25,39.302406311035156,859.2591552734375,872.8495483398438,53.976318359375,87.76618194580078,394.4496154785156,9.977437019348145,76.17430877685547,618.5309448242188,25.935396194458008,213.4563446044922,69.90461730957031,28.620975494384766,478.0112609863281,277.3437805175781,404.7061462402344,3.323878526687622,107.95379638671875,6.481063365936279,25.5587215423584,89.63407897949219,542.1787719726562,142.88894653320312,179.9590606689453,210.60000610351562,69.50910186767578,580.001708984375,76.26934814453125,109.74286651611328
2024-09-04,219.4087371826172,337.7730407714844,140.8699951171875,173.3300018310547,39.109275817871094,859.3173217773438,884.2249755859375,55.78242492675781,87.88433837890625,396.3849792480469,9.950178146362305,75.62953186035156,616.838134765625,26.06167221069336,212.51646423339844,69.47374725341797,28.728059768676758,479.0225524902344,279.78192138671875,404.17236328125,3.2785940170288086,106.16455841064453,6.452385902404785,25.64000129699707,88.81643676757812,541.0689086914062,143.52903747558594,178.5669708251953,219.41000366210938,69.76630401611328,585.3301391601562,76.33851623535156,108.40279388427734
2024-09-05,220.92874145507812,334.76837158203125,139.44000244140625,177.88999938964844,38.76163864135742,849.769287109375,880.2112426757812,54.625389099121094,87.29352569580078,401.0083312988281,9.786613464355469,75.28543853759766,615.234375,25.62455940246582,210.86927795410156,68.14288330078125,29.020111083984375,473.29180908203125,279.7236633300781,403.66827392578125,3.29670786857605,107.16413116455078,6.395030498504639,25.748376846313477,88.07572937011719,539.7529907226562,142.98306274414062,176.72048950195312,230.1699981689453,70.152099609375,576.9111328125,76.06179809570312,107.55693817138672
2024-09-06,219.37892150878906,333.69805908203125,134.35000610351562,171.38999938964844,37.67304611206055,840.34716796875,870.9718017578125,54.324371337890625,86.59439086914062,399.2782287597656,9.613962173461914,75.23766326904297,608.9383544921875,25.323436737060547,205.8599090576172,68.1141586303711,28.91302490234375,472.0624084472656,281.21954345703125,397.0556335449219,3.2604799270629883,102.7860107421875,6.15605354309082,25.793535232543945,87.68133544921875,530.6688842773438,142.3994598388672,171.2873992919922,210.72999572753906,69.92704772949219,578.2578735351562,75.74554443359375,107.05323028564453
2024-09-09,219.4683380126953,335.6324768066406,138.14999389648438,175.39999389648438,38.36313247680664,856.0654907226562,890.6527709960938,53.12030029296875,86.98826599121094,410.68505859375,9.686656951904297,75.6677474975586,620.68896484375,25.148590087890625,210.0747528076172,68.7939453125,28.942230224609375,482.9389343261719,282.94854736328125,401.02911376953125,3.224252700805664,106.42445373535156,6.194289684295654,26.561201095581055,88.70098876953125,536.6102905273438,141.74996948242188,170.22398376464844,216.27000427246094,70.29141998291016,575.5645141601562,76.43737030029297,109.3056869506836
2024-09-10,218.67355346679688,341.416015625,142.83999633789062,179.5500030517578,38.178462982177734,861.8087768554688,888.4671630859375,53.562416076660156,87.04735565185547,407.3714599609375,9.377700805664062,77.83733367919922,627.2523803710938,25.236013412475586,199.17425537109375,68.50672149658203,28.474950790405273,483.8609924316406,282.9291076660156,409.4111328125,3.197082042694092,108.05374908447266,6.15605354309082,26.859235763549805,89.78799438476562,538.94775390625,139.3214111328125,168.3871612548828,226.1699981689453,70.03421783447266,580.3408203125,77.89021301269531,105.32350158691406
2024-09-11,221.2069091796875,343.97882080078125,149.86000061035156,184.52000427246094,37.906314849853516,855.2660522460938,894.537353515625,52.78165054321289,86.96858215332031,398.7699890136719,9.495832443237305,77.35945129394531,637.4489135742188,25.79940414428711,200.7923583984375,68.05671691894531,28.046607971191406,484.0196228027344,281.9189453125,418.14886474609375,3.2514231204986572,116.8599853515625,6.232526779174805,26.786983489990234,94.46305084228516,544.4766845703125,138.64369201660156,168.8802032470703,228.1300048828125,69.54125213623047,571.3502807617188,77.91985321044922,104.27806091308594
2024-09-12,221.31619262695312,343.5664367675781,150.77000427246094,187.0,37.69248580932617,863.066650390625,909.0722045898438,54.11741638183594,87.93358612060547,396.6880187988281,9.650310516357422,79.48124694824219,639.874267578125,25.88682746887207,200.18191528320312,68.2003402709961,28.105018615722656,487.9161071777344,283.9781799316406,422.06304931640625,3.2695369720458984,119.09921264648438,6.3663530349731445,26.335416793823242,95.501953125,549.06298828125,139.72616577148438,170.32064819335938,229.80999755859375,69.53053283691406,570.0618286132812,78.73029327392578,105.71317291259766
2024-09-13,221.04795837402344,343.26202392578125,152.30999755859375,186.49000549316406,37.566131591796875,863.6614379882812,910.0357666015625,54.54072952270508,89.16445922851562,394.9122009277344,9.71391773223877,79.88642883300781,648.7244262695312,25.488567352294922,197.97274780273438,68.84141540527344,27.92005157470703,489.15545654296875,288.0384826660156,425.611572265625,3.2876510620117188,119.05923461914062,6.490621566772461,26.434762954711914,94.8189697265625,551.9306030273438,142.47476196289062,169.5569305419922,230.2899932861328,69.72342681884766,575.7777099609375,79.65930938720703,105.63712310791016
2024-09-16,214.90830993652344,347.719970703125,152.0800018310547,184.88999938964844,38.00351333618164,872.8759765625,901.9586791992188,54.907588958740234,90.4445571899414,401.2403259277344,9.813874244689941,80.22407531738281,639.7555541992188,25.546850204467773,201.40280151367188,69.50658416748047,27.783761978149414,493.4683532714844,288.1939392089844,426.3529357910156,3.323878526687622,116.74002075195312,6.347235202789307,27.157270431518555,92.64498138427734,552.7457275390625,143.86788940429688,170.3689727783203,226.77999877929688,70.25926208496094,572.783203125,79.61978912353516,107.11975860595703
2024-09-17,215.37521362304688,330.9486999511719,150.82000732421875,186.8800048828125,38.440887451171875,881.9832763671875,891.4277954101562,54.399627685546875,91.4391098022461,404.6447448730469,9.904744148254395,80.11795806884766,638.33984375,26.14909553527832,202.74960327148438,69.2173843383789,27.686412811279297,496.7204284667969,285.33807373046875,430.1188659667969,3.3419923782348633,115.55043029785156,6.605330944061279,26.940515518188477,92.77001953125,552.9715576171875,143.03956604003906,167.39141845703125,227.8699951171875,69.46622467041016,561.9136962890625,77.68265533447266,108.516845703125
2024-09-18,219.249755859375,330.1042175292969,148.2899932861328,186.42999267578125,38.50893020629883,899.7200927734375,886.7086791992188,54.95462417602539,92.14808654785156,401.2893371582031,9.977437019348145,80.92829132080078,626.7079467773438,26.14909553527832,201.08303833007812,69.16918182373047,28.13422203063965,490.5435485839844,283.6673889160156,425.8289794921875,3.3510491847991943,113.33119201660156,6.700921535491943,26.868268966674805,92.46221160888672,551.33154296875,144.58326721191406,170.83303833007812,227.1999969482422,68.98397064208984,564.5289916992188,78.1076431274414,108.89701080322266
2024-09-19,227.37637329101562,329.1811828613281,156.74000549316406,189.8699951171875,39.723873138427734,911.5771484375,894.8751220703125,54.935813903808594,92.02008056640625,403.92852783203125,9.922917366027832,80.93793487548828,647.6651611328125,27.916976928710938,203.94137573242188,68.079833984375,28.17316436767578,488.8084716796875,285.4352722167969,433.617919921875,3.414447546005249,117.82965087890625,6.786953449249268,26.786983489990234,93.21253204345703,560.73974609375,147.30361938476562,177.3682098388672,243.9199981689453,68.93038940429688,561.0482788085938,77.12918853759766,110.24658203125
2024-09-20,226.71075439453125,330.14349365234375,155.9499969482422,191.60000610351562,39.14069747924805,905.6485595703125,901.0745239257812,54.098609924316406,92.31549072265625,406.5873107910156,9.88656997680664,80.97653198242188,638.5081787109375,27.7324161529541,204.53245544433594,69.06314086914062,28.2705135345459,488.540771484375,288.3299255371094,430.2374572753906,3.2785940170288086,115.96029663085938,6.700921535491943,26.570234298706055,92.3948745727539,559.7704467773438,145.665771484375,177.94825744628906,238.25,69.02684783935547,559.0357666015625,78.13728332519531,109.55278778076172
2024-09-23,224.99205017089844,333.0794677734375,156.75,193.8800048828125,38.751914978027344,914.248779296875,911.1087036132812,54.15504837036133,91.54743194580078,412.7486267089844,9.91383171081543,81.02476501464844,635.5183715820312,28.907766342163086,204.87158203125,69.14989471435547,28.844879150390625,492.9032897949219,290.49603271484375,428.497802734375,3.323878526687622,116.22020721435547,6.748717308044434,26.470888137817383,91.84656524658203,561.169189453125,146.17404174804688,179.23402404785156,250.0,69.55195617675781,557.4899291992188,79.39246368408203,111.53913116455078
2024-09-24,225.88616943359375,333.4820556640625,158.32000732421875,193.9600067138672,38.34370040893555,917.778564453125,895.669921875,54.63479232788086,92.25640869140625,418.47821044921875,9.877483367919922,80.83182525634766,631.786376953125,32.9292106628418,205.01690673828125,68.76428985595703,28.961698532104492,483.2561950683594,291.67138671875,424.2080383300781,3.3872768878936768,120.82862854003906,6.844307899475098,26.642480850219727,90.85575103759766,562.7748413085938,147.01181030273438,177.42620849609375,254.27000427246094,69.41265106201172,559.2205200195312,79.7284927368164,111.2445068359375
2024-09-25,224.89268493652344,330.9584655761719,162.02000427246094,192.52999877929688,38.1493034362793,913.458984375,902.505126953125,55.16157150268555,92.4828872680664,417.8699645996094,9.468571662902832,79.3076171875,628.361083984375,32.258968353271484,203.66041564941406,68.87996673583984,27.63773536682129,485.2787780761719,291.86566162109375,427.11395263671875,3.305764675140381,123.46772003173828,6.700921535491943,26.127695083618164,91.98123168945312,561.5336303710938,145.96697998046875,178.03526306152344,257.0199890136719,69.98063659667969,560.3095092773438,80.4499740600586,109.07758331298828
2024-09-26,226.03518676757812,349.3794250488281,167.49000549316406,191.16000366210938,38.41173553466797,921.4741821289062,895.570556640625,55.50962448120117,93.7433090209961,424.1784362792969,9.70483112335205,80.10831451416016,630.43017578125,36.9020881652832,203.2631378173828,68.8317642211914,29.136930465698242,487.0832824707031,294.95458984375,426.3232727050781,3.390047550201416,123.9975357055664,6.806070804595947,26.163820266723633,93.76083374023438,563.7599487304688,146.8235626220703,183.06231689453125,254.22000122070312,69.91633605957031,558.85107421875,78.98724365234375,107.2052993774414
2024-09-27,226.30343627929688,343.3798828125,164.35000610351562,187.97000122070312,38.295101165771484,921.6594848632812,879.8536376953125,57.739044189453125,94.54090881347656,420.921142578125,9.795700073242188,80.6581802368164,612.8090209960938,38.757389068603516,203.96078491210938,69.20774841308594,28.74753189086914,489.43310546875,294.99346923828125,423.0712585449219,3.4087772369384766,121.35844421386719,6.796513080596924,26.272197723388672,93.65501403808594,562.9423217773438,146.0705108642578,176.7398223876953,260.4599914550781,70.13067626953125,565.695556640625,78.84889221191406,110.07550048828125
2024-09-30,231.47943115234375,347.0915832519531,164.0800018310547,186.3300018310547,38.5672492980957,925.8523559570312,880.7477416992188,59.15007019042969,94.7181625366211,422.01019287109375,9.595788955688477,80.88005828857422,614.7592163085938,38.85452651977539,204.30958557128906,69.27523803710938,28.844879150390625,489.5917053222656,295.78997802734375,425.3249206542969,3.4368715286254883,121.39842224121094,6.815630912780762,26.13672637939453,93.78006744384766,565.1981811523438,146.71058654785156,175.12266540527344,261.6300048828125,69.61625671386719,568.447021484375,79.80757141113281,111.40607452392578
2024-10-01,224.73374938964844,345.61865234375,159.75,185.1300048828125,38.12014389038086,910.748291015625,871.667236328125,57.88955307006836,92.61090850830078,422.5203552246094,9.768440246582031,80.97653198242188,600.1871948242188,41.700618743896484,200.60826110839844,69.13063049316406,29.088253021240234,492.14971923828125,294.3038330078125,415.8260803222656,3.4368715286254883,116.95994567871094,6.557535171508789,25.892881393432617,93.72235107421875,560.1348266601562,143.26547241210938,174.62249755859375,258.0199890136719,69.27333068847656,567.1052856445312,80.32149505615234,113.9816665649414
2024-10-02,225.30003356933594,349.85076904296875,159.77999877929688,184.75999450683594,38.12986373901367,933.3994140625,872.8098754882812,58.548030853271484,92.7093734741211,415.20135498046875,9.523092269897461,81.748291015625,601.1771240234375,43.517066955566406,200.85047912597656,68.45580291748047,28.786468505859375,491.34661865234375,295.06146240234375,412.30718994140625,3.4743306636810303,118.80931854248047,6.490621566772461,25.83869171142578,92.82774353027344,560.371337890625,141.57110595703125,177.01539611816406,249.02000427246094,68.73748779296875,575.865234375,79.49130249023438,115.49279022216797
2024-10-03,224.19725036621094,354.7113037109375,162.85000610351562,181.9600067138672,38.1493034362793,927.7830200195312,869.9683837890625,59.18769836425781,92.19732666015625,412.93499755859375,9.495832443237305,81.19840240478516,597.741943359375,43.32279586791992,198.85450744628906,67.9834213256836,29.701562881469727,490.7517395019531,294.7603454589844,411.7240295410156,3.5586135387420654,122.80794525146484,6.509739875793457,25.594844818115234,91.92352294921875,559.3468627929688,140.81808471679688,172.76898193359375,240.66000366210938,67.41932678222656,576.29296875,79.49130249023438,116.50022888183594
2024-10-04,225.3199005126953,355.6932373046875,170.89999389648438,186.50999450683594,38.98518753051758,925.540283203125,877.3599243164062,60.758628845214844,93.69406127929688,417.271484375,9.604875564575195,81.60358428955078,604.5330200195312,45.62492752075195,205.91256713867188,67.64600372314453,30.421955108642578,493.4585266113281,295.06146240234375,411.24957275390625,3.5492489337921143,124.87723541259766,6.614889621734619,25.811599731445312,92.90470123291016,564.4298095703125,143.90553283691406,176.54466247558594,250.0800018310547,67.34430694580078,574.7860717773438,79.99535369873047,118.63863372802734
2024-10-07,220.24325561523438,350.3515319824219,170.97000122070312,180.8000030517578,38.839393615722656,917.2324829101562,867.9019775390625,61.379486083984375,90.97628784179688,402.2508544921875,9.53217887878418,81.44923400878906,596.3757934570312,45.73177719116211,205.6298370361328,66.52774047851562,30.217517852783203,487.113037109375,292.23480224609375,404.80499267578125,3.5679781436920166,127.67628479003906,6.442825794219971,26.371543884277344,92.433349609375,559.3271484375,140.25332641601562,173.89678955078125,240.8300018310547,66.69058227539062,567.358154296875,78.17682647705078,119.15184020996094
2024-10-08,224.29660034179688,353.8668518066406,172.8000030517578,182.72000122070312,38.81023406982422,925.4232788085938,884.6223754882812,61.99092483520508,91.09446716308594,403.3791198730469,9.53217887878418,82.2016830444336,607.2058715820312,42.29315185546875,205.45436096191406,66.6916275024414,29.857322692871094,492.823974609375,293.25469970703125,409.9151611328125,3.5211544036865234,132.84449768066406,6.538416862487793,26.353479385375977,92.54878997802734,564.6170043945312,142.43711853027344,172.3668975830078,244.5,67.39788818359375,565.43310546875,78.77970886230469,115.98700714111328
2024-10-09,228.04200744628906,358.4819030761719,171.02000427246094,185.1699981689453,39.06294250488281,932.1026000976562,903.1807861328125,62.05677032470703,92.16778564453125,405.3903503417969,9.650310516357422,83.0988540649414,615.3630981445312,41.613197326660156,208.05728149414062,67.06758880615234,29.8281192779541,496.3483581542969,295.12945556640625,412.63336181640625,3.418142318725586,132.60458374023438,6.547976493835449,27.265647888183594,92.23133850097656,568.52783203125,145.2704315185547,170.63107299804688,241.0500030517578,67.40859985351562,574.805419921875,79.4616470336914,116.0345230102539
2024-10-10,227.54527282714844,355.98748779296875,164.17999267578125,186.64999389648438,38.84911346435547,931.7808837890625,887.8114013671875,62.88457489013672,91.56712341308594,401.02447509765625,9.70483112335205,81.6807632446289,614.103759765625,41.98231506347656,207.49185180664062,66.75910949707031,29.555538177490234,494.4322509765625,295.3334655761719,411.0321044921875,3.4368715286254883,134.76385498046875,6.614889621734619,26.49798011779785,90.30744171142578,567.5328369140625,146.81414794921875,170.984130859375,238.77000427246094,66.87277221679688,581.1056518554688,78.68087768554688,117.0324478149414
2024-10-11,226.06500244140625,355.66217041015625,167.88999938964844,188.82000732421875,40.773590087890625,965.5870361328125,883.241455078125,62.67762756347656,92.6896743774414,421.549072265625,9.741178512573242,81.95087432861328,611.5057373046875,42.57484817504883,216.7043914794922,67.06758880615234,29.80864906311035,498.64178466796875,296.3048400878906,411.5066223144531,3.427506685256958,134.7538604736328,6.815630912780762,26.335416793823242,91.91389465332031,570.9313354492188,149.15797424316406,170.69972229003906,217.8000030517578,67.29072570800781,581.4458618164062,79.1651611328125,117.47913360595703
2024-10-14,229.79051208496094,359.46783447265625,165.27000427246094,187.5399932861328,40.73470687866211,967.0105590820312,883.9666137695312,63.45840072631836,93.5168228149414,419.9891052246094,9.922917366027832,82.0473403930664,611.9816284179688,42.87596893310547,215.9147491455078,67.80989837646484,29.565271377563477,503.0100402832031,300.9673156738281,414.2939758300781,3.390047550201416,138.0227508544922,6.7295989990234375,26.263164520263672,91.15396881103516,575.6005859375,148.69676208496094,171.7196502685547,219.16000366210938,67.61222076416016,588.5918579101562,79.35293579101562,117.92583465576172
2024-10-15,232.3238983154297,363.4706726074219,156.63999938964844,187.69000244140625,40.95825958251953,981.909912109375,888.7850952148438,61.14430618286133,92.7782974243164,419.1846618652344,9.85022258758545,82.79015350341797,612.7056884765625,39.009944915771484,216.80189514160156,67.80989837646484,29.682092666625977,503.5759582519531,304.3670959472656,413.8985290527344,3.315129518508911,131.55496215820312,6.653126239776611,26.588294982910156,91.42330932617188,571.1283569335938,151.25706481933594,166.27679443359375,219.57000732421875,67.85871124267578,540.8452758789062,80.69705963134766,114.38082122802734
2024-10-16,230.26739501953125,367.0199890136719,156.1300048828125,186.88999938964844,41.59975051879883,990.4419555664062,881.6021728515625,61.163124084472656,95.26958465576172,420.2637939453125,10.022872924804688,83.68732452392578,604.2769165039062,39.37906265258789,218.02047729492188,68.0316162109375,30.09096336364746,510.3666687011719,303.95916748046875,411.30889892578125,3.315129518508911,135.67352294921875,6.7773942947387695,26.79601287841797,91.82732391357422,573.6107788085938,149.54391479492188,168.18914794921875,221.3300018310547,67.70867919921875,555.4774169921875,80.27208709716797,114.67545318603516
2024-10-17,230.6349639892578,369.8692932128906,156.25,187.52999877929688,41.405357360839844,977.5220336914062,879.5256958007812,59.89320373535156,95.06279754638672,421.2645568847656,10.059220314025879,84.2757797241211,604.1182250976562,37.737457275390625,218.78086853027344,67.38572692871094,29.29269027709961,510.058837890625,305.6882019042969,411.9019470214844,3.343223810195923,136.8831329345703,6.748717308044434,26.434762954711914,91.64454650878906,573.659912109375,146.7388458251953,167.89492797851562,220.88999938964844,67.38717651367188,550.31494140625,79.94593811035156,114.38082122802734
2024-10-18,233.46636962890625,371.5552062988281,155.97000122070312,188.99000549316406,41.13321304321289,981.929443359375,883.7680053710938,56.76073455810547,95.79147338867188,420.74456787109375,10.086483001708984,83.65838623046875,608.1441040039062,38.83509826660156,219.70700073242188,67.90630340576172,30.159109115600586,512.620361328125,307.4949035644531,413.3253173828125,3.343223810195923,137.9527587890625,6.834749221801758,26.389604568481445,93.1548080444336,575.8665161132812,147.63307189941406,168.21856689453125,220.6999969482422,67.46218872070312,553.79541015625,80.36103820800781,114.05769348144531
2024-10-21,234.9367218017578,370.7369384765625,157.89999389648438,189.07000732421875,40.58891296386719,975.6011352539062,880.9961547851562,55.3292350769043,95.1415786743164,423.1384582519531,9.88656997680664,83.24356842041016,608.7787475585938,38.5436897277832,217.3965606689453,66.951904296875,29.6334171295166,511.2998962402344,305.8727722167969,413.9380798339844,3.2964000701904297,143.6608123779297,6.710480690002441,26.127695083618164,92.77964782714844,574.9208984375,142.0511932373047,165.9041290283203,218.85000610351562,66.76559448242188,555.6038208007812,79.86686706542969,114.12421417236328
2024-10-22,234.32078552246094,366.5566101074219,154.08999633789062,189.6999969482422,41.113773345947266,975.8740844726562,887.67236328125,54.073699951171875,95.25973510742188,418.7137145996094,10.09556770324707,85.04753875732422,604.4752197265625,39.19449996948242,218.4884033203125,66.951904296875,29.682092666625977,509.32421875,305.6784973144531,422.56719970703125,3.2495760917663574,143.5408477783203,6.786953449249268,26.046411514282227,93.13556671142578,574.6155395507812,140.43215942382812,166.64944458007812,217.97000122070312,66.31549072265625,554.03857421875,81.062744140625,114.71346282958984
2024-10-23,229.2540283203125,365.4129638671875,152.91000366210938,184.7100067138672,41.152652740478516,963.539306640625,893.3153076171875,54.007110595703125,94.76738739013672,414.7107849121094,10.050134658813477,84.15037536621094,596.9588012695312,38.85452651977539,217.7962646484375,65.56370544433594,29.915733337402344,510.0290832519531,290.02008056640625,419.69085693359375,3.1465635299682617,139.51222229003906,6.758276462554932,26.064476013183594,93.93399047851562,569.3650512695312,139.35906982421875,168.02243041992188,213.64999389648438,64.9865951538086,548.9634399414062,82.29815673828125,114.3047866821289
2024-10-24,229.06529235839844,359.1030578613281,153.44000244140625,186.3800048828125,41.45396423339844,959.4829711914062,887.602783203125,53.37934494018555,93.94023895263672,407.2642517089844,10.213698387145996,85.6456527709961,598.9122924804688,38.203712463378906,219.32679748535156,64.8792495727539,28.25104522705078,506.9415283203125,292.94390869140625,419.8193359375,3.1652934551239014,140.3619384765625,6.930339336395264,25.86578369140625,93.45301055908203,570.5963745117188,141.364013671875,167.13978576660156,260.4800109863281,66.76559448242188,545.23974609375,82.07084655761719,113.65851593017578
2024-10-25,229.89979553222656,355.7212829589844,156.22999572753906,187.8300018310547,40.715274810791016,949.8004150390625,885.4171142578125,53.73128128051758,93.57589721679688,405.9888000488281,10.059220314025879,85.8578872680664,604.1578979492188,38.757389068603516,216.72389221191406,64.5129165649414,28.650178909301758,503.7049560546875,284.2307434082031,423.19976806640625,3.1371986865997314,141.49154663085938,6.786953449249268,25.694190979003906,93.60691833496094,570.3993530273438,142.28651428222656,168.6794891357422,269.19000244140625,66.11186981201172,548.8856811523438,81.54703521728516,113.5634765625
2024-10-28,231.8768310546875,356.2340087890625,159.9199981689453,188.38999938964844,41.424800872802734,961.6476440429688,885.1588134765625,54.55879211425781,94.72799682617188,409.3539733886719,10.331828117370605,85.6263656616211,606.9542846679688,40.44755935668945,219.83375549316406,64.27190399169922,29.49712562561035,504.548828125,288.2910461425781,421.6578369140625,3.1371986865997314,140.47190856933594,6.892103672027588,26.064476013183594,94.28990173339844,572.1627807617188,140.5356903076172,173.22010803222656,262.510009765625,67.02279663085938,549.5467529296875,81.78423309326172,113.00274658203125
2024-10-29,232.1450653076172,357.9297790527344,166.25,190.8300018310547,41.33732223510742,958.673583984375,881.2147216796875,53.50299835205078,94.65907287597656,405.3315124511719,9.459484100341797,84.97037506103516,618.4668579101562,39.96187973022461,217.29905700683594,63.20183181762695,30.20778465270996,502.6327819824219,286.55230712890625,426.9558410644531,3.090374708175659,141.20164489746094,6.93989896774292,25.70322036743164,93.68386840820312,573.088623046875,139.24612426757812,172.63168334960938,259.5199890136719,66.75486755371094,546.5231323242188,80.7464828491211,111.46308898925781
2024-10-30,228.59835815429688,341.6916198730469,148.60000610351562,192.72999572753906,41.12349319458008,955.4559326171875,873.3661499023438,53.63615798950195,93.62513732910156,402.27044677734375,9.514006614685059,85.1729507446289,615.8984985351562,38.883663177490234,218.7711181640625,63.54887771606445,30.636125564575195,509.9893493652344,283.17193603515625,427.5291748046875,3.043551206588745,139.29229736328125,7.04504919052124,25.75741195678711,93.61653137207031,571.3549194335938,139.80149841308594,171.82752990722656,257.54998779296875,66.01542663574219,547.3301391601562,80.44009399414062,110.90235900878906
2024-10-31,224.4357147216797,339.96624755859375,144.07000732421875,186.39999389648438,40.64723205566406,956.5870361328125,868.488037109375,53.70273971557617,94.72799682617188,405.91033935546875,9.350440979003906,85.68424224853516,605.1793212890625,39.45676803588867,216.3437042236328,62.9608268737793,29.76970863342285,495.990966796875,283.7450256347656,401.6518249511719,3.0622806549072266,132.7145538330078,6.892103672027588,25.5587215423584,93.98207092285156,560.1546020507812,141.23226928710938,169.6798095703125,249.85000610351562,65.27595520019531,548.8273315429688,80.99356079101562,110.98789978027344
2024-11-01,221.4552764892578,340.8042907714844,141.86000061035156,197.92999267578125,40.58891296386719,960.5360717773438,872.755859375,53.0844841003418,94.34396362304688,417.7816467285156,9.286833763122559,86.34988403320312,616.523193359375,39.281925201416016,217.33807373046875,62.6716194152832,29.798912048339844,504.4197998046875,286.75628662109375,405.6253662109375,3.034186363220215,135.35365295410156,6.882544040679932,25.369064331054688,95.1075668334961,562.5187377929688,141.9852752685547,169.49346923828125,248.97999572753906,65.71536254882812,551.8024291992188,81.23075866699219,109.24866485595703
2024-11-04,220.56114196777344,339.0592041015625,140.7100067138672,195.77999877929688,40.17097473144531,966.796142578125,881.4703369140625,51.981136322021484,94.32427215576172,421.85321044921875,9.414048194885254,86.66822814941406,613.8162231445312,38.718536376953125,214.25746154785156,62.76801681518555,29.117460250854492,501.93780517578125,284.4638977050781,403.7373962402344,2.9405386447906494,136.00343322753906,7.150198459625244,25.071027755737305,93.33758544921875,561.3070678710938,141.1851806640625,169.365966796875,242.83999633789062,65.70463562011719,542.2842407226562,81.48772430419922,112.72713470458984
2024-11-05,221.99176025390625,340.6268310546875,141.66000366210938,199.5,40.70555114746094,989.0767822265625,885.5490112304688,52.63744354248047,95.15142059326172,419.91058349609375,9.632135391235352,87.03482055664062,613.6377563476562,38.883663177490234,215.9245147705078,63.01866912841797,29.818382263183594,501.9179992675781,288.805908203125,406.7027587890625,2.8749849796295166,139.8621063232422,7.169317245483398,25.27874755859375,93.39529418945312,568.0943603515625,142.12648010253906,171.35678100585938,251.44000244140625,66.07971954345703,551.2871704101562,82.70337677001953,113.05976867675781
2024-11-06,221.2665252685547,351.1170654296875,145.10000610351562,207.08999633789062,44.136558532714844,1004.1613159179688,894.5819091796875,58.60124206542969,97.37683868408203,433.59698486328125,10.16826343536377,88.45291900634766,642.9496459960938,37.5626106262207,240.85198974609375,61.40873718261719,30.558242797851562,517.375732421875,285.5809326171875,415.3219299316406,2.996727466583252,145.56016540527344,7.523003578186035,24.709774017333984,92.4237289428711,582.2203369140625,138.64369201660156,171.7686767578125,288.5299987792969,63.51841735839844,580.1236572265625,82.46617126464844,114.99858856201172
2024-11-07,225.9954376220703,355.6325988769531,149.82000732421875,210.0500030517578,43.51450729370117,1010.245849609375,909.1857299804688,54.28295135498047,97.41622161865234,439.96429443359375,10.094581604003906,94.44367980957031,668.4935302734375,40.04930114746094,230.44036865234375,61.370174407958984,30.431690216064453,514.1492309570312,286.2220764160156,420.51123046875,3.0622806549072266,148.8290557861328,7.695066928863525,24.800085067749023,92.46221160888672,586.7221069335938,142.0511932373047,175.00497436523438,296.9100036621094,63.88277816772461,588.6404418945312,82.87138366699219,115.14115142822266
2024-11-08,225.72691345214844,350.5255126953125,147.9499969482422,208.17999267578125,43.86441421508789,1013.3856811523438,938.900634765625,52.827674865722656,97.50484466552734,451.0409240722656,10.103791236877441,93.16063690185547,678.47900390625,37.251773834228516,231.02528381347656,61.620826721191406,30.937911987304688,520.9796142578125,290.40863037109375,417.6546325683594,2.959268093109131,147.57945251464844,7.245789527893066,24.506593704223633,93.83779907226562,589.2636108398438,140.98751831054688,168.7089080810547,321.2200012207031,63.73802947998047,598.7127075195312,83.83995819091797,115.1031265258789
2024-11-11,223.01174926757812,352.27056884765625,147.35000610351562,206.83999633789062,44.78777313232422,1027.582763671875,928.0374145507812,53.0844841003418,99.31669616699219,438.4239807128906,10.343260765075684,93.6043930053711,691.4988403320312,37.902587890625,233.2772216796875,61.08096694946289,31.78485870361328,526.3010864257812,292.89532470703125,413.17706298828125,2.9030795097351074,145.21026611328125,7.637712478637695,24.066356658935547,96.49275970458984,589.8251342773438,144.28204345703125,170.73895263671875,350.0,62.90618896484375,607.890625,83.22718048095703,114.494873046875
2024-11-12,223.01174926757812,355.53399658203125,143.6300048828125,208.91000366210938,44.57394027709961,1010.5285034179688,927.5399780273438,51.39141082763672,99.44470977783203,432.2724914550781,10.223526954650879,91.01900482177734,693.6010131835938,35.06620788574219,233.54043579101562,60.926719665527344,31.181285858154297,525.35791015625,290.0977783203125,418.1390075683594,2.809431791305542,148.2392120361328,7.322262287139893,24.02050018310547,95.04022216796875,587.992919921875,146.51292419433594,171.6117706298828,328.489990234375,62.193180084228516,597.6044311523438,83.99807739257812,114.38082122802734
2024-11-13,223.89691162109375,365.00872802734375,139.3000030517578,214.10000610351562,44.583656311035156,1005.2923583984375,928.8828735351562,51.619693756103516,101.14823913574219,431.2423400878906,10.223526954650879,89.35972595214844,700.3240966796875,34.66794967651367,235.10023498535156,60.73391342163086,31.522014617919922,518.1204223632812,288.83502197265625,420.2839050292969,2.884349822998047,146.2199249267578,7.1597580909729,24.506593704223633,96.0021743774414,588.278564453125,145.89166259765625,169.02273559570312,330.239990234375,61.9879264831543,589.0487060546875,84.50213623046875,115.44528198242188
2024-11-14,226.98007202148438,356.97344970703125,138.83999633789062,211.47999572753906,44.612815856933594,1020.9912719726562,919.0940551757812,52.3996467590332,107.45030975341797,427.72998046875,10.195894241333008,88.85808563232422,694.8803100585938,32.39495849609375,235.79238891601562,60.30010223388672,31.56094741821289,516.6510620117188,290.0103759765625,421.9543762207031,2.8656206130981445,146.7097625732422,6.93989896774292,23.864582061767578,95.453857421875,584.495849609375,144.4608917236328,170.13092041015625,311.17999267578125,62.00952911376953,576.681884765625,83.4841537475586,115.52192687988281
2024-11-15,223.77757263183594,348.59307861328125,134.89999389648438,202.61000061035156,45.43898010253906,1021.2741088867188,902.361328125,50.592437744140625,113.31910705566406,422.2947082519531,10.140632629394531,85.27906799316406,682.098388671875,33.997711181640625,239.14596557617188,59.51924133300781,31.736177444458008,518.1303100585938,284.25018310546875,410.20184326171875,2.7907023429870605,141.93138122558594,6.930339336395264,22.74563980102539,95.2602767944336,577.00927734375,143.19956970214844,169.50326538085938,320.7200012207031,62.00952911376953,575.7874145507812,83.2667236328125,114.32416534423828
2024-11-18,226.7811737060547,347.8240661621094,138.92999267578125,201.6999969482422,45.40982437133789,1023.8093872070312,914.7367553710938,53.31276321411133,111.80267333984375,436.4912109375,10.324841499328613,85.33694458007812,673.114501953125,34.318260192871094,238.8730010986328,59.63492202758789,31.473337173461914,517.8721923828125,282.7640380859375,410.9530334472656,2.856255531311035,140.1020050048828,7.016969203948975,22.800674438476562,97.17670440673828,579.3734741210938,147.3695068359375,171.40582275390625,338.739990234375,62.5496826171875,573.279052734375,83.09870910644531,115.28237915039062
2024-11-19,227.0397491455078,348.9677734375,139.38999938964844,204.61000061035156,45.108516693115234,1002.4939575195312,925.321533203125,53.04644012451172,110.6998062133789,431.48760986328125,10.177474975585938,84.65201568603516,638.76513671875,34.18226623535156,236.98175048828125,60.33866882324219,31.50254249572754,515.7178344726562,282.404541015625,412.9595642089844,2.856255531311035,146.9596710205078,7.469366550445557,23.02079200744629,95.1925277709961,581.4913330078125,146.84239196777344,172.00404357910156,346.0,62.50647735595703,560.9802856445312,85.58929443359375,113.6725845336914
2024-11-20,227.75584411621094,352.0438232421875,137.60000610351562,202.8800048828125,44.768333435058594,999.1397094726562,923.2623291015625,54.0546760559082,112.51165771484375,430.6733093261719,9.882741928100586,85.5009536743164,645.1410522460938,34.17255401611328,234.7297821044922,60.724281311035156,30.92817497253418,508.84765625,282.5794372558594,410.6861877441406,2.809431791305542,145.84005737304688,7.228729724884033,22.87404441833496,95.10541534423828,581.6883544921875,115.40325927734375,169.57192993164062,342.0299987792969,62.171573638916016,583.8278198242188,86.16252136230469,115.29196166992188
2024-11-21,227.27845764160156,355.9678039550781,137.49000549316406,198.3800048828125,45.157108306884766,1002.3866577148438,950.689208984375,54.311485290527344,112.9646224975586,437.42327880859375,9.947216033935547,86.591064453125,673.00537109375,34.36682891845703,238.60977172851562,61.46657943725586,30.94764518737793,511.38916015625,280.20928955078125,408.913330078125,2.8000669479370117,146.6197967529297,7.4019880294799805,23.04830551147461,96.84761810302734,584.8110961914062,115.27999114990234,170.03285217285156,339.6400146484375,62.257999420166016,580.9014282226562,87.3583984375,116.83467864990234
2024-11-22,228.62112426757812,353.6114501953125,138.35000610351562,197.1199951171875,45.68197250366211,1010.6358642578125,959.0057983398438,55.17704772949219,113.8803939819336,444.7815246582031,10.297209739685059,87.00587463378906,634.7490844726562,33.68687438964844,242.3045654296875,61.620826721191406,31.122875213623047,517.107666015625,281.9674987792969,413.00372314453125,2.7813374996185303,141.90139770507812,7.748505115509033,23.525232315063477,99.20928955078125,586.6236572265625,118.52252197265625,171.0331573486328,352.55999755859375,63.31669998168945,574.4652099609375,89.38446807861328,116.70053100585938
2024-11-25,231.60479736328125,356.2044372558594,141.1300048828125,201.4499969482422,46.16794967651367,1005.789794921875,955.9019165039062,57.145957946777344,114.22503662109375,460.3122863769531,10.499837875366211,87.2952880859375,629.2952270507812,33.5217399597168,244.00083923339844,62.064273834228516,31.570688247680664,522.806396484375,287.7082214355469,414.776611328125,2.762608051300049,135.9734344482422,7.8543853759765625,24.002155303955078,98.57048034667969,588.613525390625,123.75605010986328,172.435546875,338.5899963378906,63.5003547668457,589.0098876953125,88.45545959472656,114.95659637451172
2024-11-26,233.7829132080078,358.0677795410156,137.72000122070312,207.86000061035156,46.41093826293945,1000.904541015625,966.4568481445312,56.128211975097656,113.68344116210938,463.9718322753906,10.223526954650879,88.12492370605469,633.4699096679688,34.318260192871094,243.68885803222656,62.22815704345703,31.113140106201172,524.6728515625,287.8442077636719,423.8883972167969,2.697054624557495,136.87313842773438,7.892887592315674,23.635290145874023,97.44771575927734,591.6869506835938,119.98258972167969,169.189453125,338.2300109863281,63.846046447753906,589.9432373046875,90.24431610107422,113.04016876220703
2024-11-27,233.65362548828125,357.0621643066406,136.24000549316406,205.74000549316406,46.43037414550781,994.0496826171875,956.5584716796875,57.03181838989258,115.80054473876953,463.41259765625,10.223526954650879,89.14750671386719,630.8322143554688,36.12499237060547,243.5133819580078,62.11247634887695,31.50254249572754,528.5447998046875,286.6300048828125,418.93634033203125,2.697054624557495,135.2936553955078,7.835134506225586,23.690319061279297,98.2510757446289,589.89404296875,123.33888244628906,166.44351196289062,332.8900146484375,64.53743743896484,591.4890747070312,90.80766296386719,112.74312591552734
2024-11-29,236.0405731201172,357.2691955566406,137.17999267578125,207.88999938964844,46.17766571044922,997.3162231445312,966.8348999023438,56.927188873291016,115.67253875732422,467.1898193359375,10.251157760620117,89.3115005493164,636.3455200195312,36.30955505371094,243.44515991210938,62.24361038208008,31.50254249572754,529.1007080078125,287.53338623046875,419.4018249511719,2.5097591876983643,138.2026824951172,7.75813102722168,24.038841247558594,99.17057037353516,593.55859375,125.44366455078125,167.3359375,345.1600036621094,64.64547729492188,593.2584838867188,91.42044067382812,113.03059387207031
2024-12-02,238.2882843017578,356.2931213378906,142.05999755859375,210.7100067138672,45.72085189819336,994.6932983398438,969.938720703125,56.19479751586914,115.3672866821289,457.3689880371094,10.113000869750977,90.7006607055664,628.7498779296875,36.396976470947266,240.06234741210938,61.82593536376953,32.125579833984375,527.5320434570312,285.7744140625,426.84979248046875,2.4723002910614014,138.58255004882812,7.748505115509033,23.6811466217041,98.2510757446289,594.6224365234375,123.93618774414062,172.4159393310547,357.0899963378906,64.72109985351562,591.625244140625,91.55880737304688,112.92517852783203
2024-12-03,241.3316650390625,347.5776062011719,141.97999572753906,213.44000244140625,45.50701904296875,1013.11279296875,977.0516967773438,56.29941940307617,114.66813659667969,453.4838562011719,9.965635299682617,89.22467041015625,630.6834716796875,36.03757095336914,238.66830444335938,61.69965744018555,32.10611343383789,522.389404296875,287.7874755859375,427.0676574707031,2.6034069061279297,140.2119903564453,7.50786828994751,23.442684173583984,98.30915069580078,594.8982543945312,124.6282958984375,172.60226440429688,351.4200134277344,64.1485366821289,588.4264526367188,92.41864776611328,112.7527084350586
2024-12-04,241.68971252441406,354.962158203125,143.99000549316406,218.16000366210938,45.069637298583984,1009.2122802734375,985.7760620117188,55.215091705322266,115.19989013671875,458.0361328125,9.891953468322754,88.35643768310547,649.1472778320312,34.70680236816406,237.28396606445312,60.42719650268555,33.24510955810547,517.3856811523438,288.364013671875,433.2280578613281,2.584677219390869,145.09033203125,7.604123592376709,23.1400203704834,97.46707153320312,598.59228515625,123.31993103027344,171.40582275390625,357.92999267578125,64.13774108886719,593.8321533203125,93.34767150878906,109.50436401367188
2024-12-05,241.71954345703125,353.0888977050781,141.36000061035156,220.5500030517578,45.68197250366211,1023.79345703125,977.1610107421875,54.08320999145508,114.7173843383789,456.61358642578125,9.615640640258789,90.09290313720703,643.2570190429688,35.367332458496094,239.3116912841797,61.116851806640625,33.91682815551758,520.9895629882812,292.6441955566406,438.3782043457031,2.537853240966797,145.0203399658203,7.488617420196533,23.571088790893555,96.04427337646484,597.6072387695312,122.46662902832031,171.0331573486328,369.489990234375,64.33219146728516,562.8955078125,94.1877670288086,109.98347473144531
2024-12-06,241.5206298828125,357.5945739746094,138.58999633789062,227.02999877929688,45.691741943359375,1021.9216918945312,987.4573364257812,52.589881896972656,114.9438705444336,450.9035949707031,9.68011474609375,88.87737274169922,641.0457763671875,36.11528015136719,241.1444549560547,60.7380256652832,33.274314880371094,524.76220703125,292.16534423828125,439.3191223144531,2.5097591876983643,142.40106201171875,7.5271196365356445,23.598602294921875,96.8960189819336,598.7400512695312,125.51952362060547,172.55323791503906,389.2200012207031,63.7812385559082,534.3604736328125,94.58308410644531,108.82404327392578
2024-12-09,245.40940856933594,354.4396057128906,130.8699951171875,226.08999633789062,44.870758056640625,1025.3612060546875,982.7319946289062,53.331787109375,112.8563003540039,449.0885314941406,9.763008117675781,87.3917465209961,641.1548461914062,40.088157653808594,237.68365478515625,60.8060188293457,33.001739501953125,519.0536499023438,294.5008544921875,441.74560546875,2.500394344329834,138.77203369140625,7.584871768951416,23.937952041625977,96.1217041015625,595.65673828125,128.26901245117188,173.59275817871094,389.7900085449219,63.56517028808594,547.1456298828125,92.73490905761719,108.18204498291016
2024-12-10,246.4238739013672,357.7917785644531,127.73999786376953,225.0399932861328,44.714378356933594,1035.8365478515625,988.2432250976562,52.45671844482422,112.97447204589844,445.57623291015625,9.726165771484375,89.07997131347656,641.6408081054688,38.43198013305664,236.7575225830078,61.107139587402344,32.553924560546875,525.1990356445312,293.85589599609375,439.0814208984375,2.5097591876983643,135.03306579589844,7.555994987487793,23.45185661315918,95.00862121582031,593.8048706054688,128.04148864746094,172.31787109375,400.989990234375,63.42474365234375,551.6057739257812,93.4465103149414,107.9616470336914
2024-12-11,245.15081787109375,358.7185363769531,130.14999389648438,230.25999450683594,45.03691482543945,1043.862060546875,989.5264892578125,49.23226547241211,112.8563003540039,448.7059020996094,9.58800983428955,89.1185531616211,664.9336547851562,37.11578369140625,237.41067504882812,60.84487533569336,32.690216064453125,530.599853515625,289.3510437011719,444.68719482421875,2.4723002910614014,139.2718963623047,7.652250289916992,23.1400203704834,95.2602767944336,598.3953247070312,128.9232177734375,174.71075439453125,424.7699890136719,63.5003547668457,520.7067260742188,93.85172271728516,107.24298095703125
2024-12-12,246.6128387451172,355.1100158691406,130.60000610351562,228.97000122070312,45.03691482543945,1037.5511474609375,983.2592163085938,47.15873336791992,113.1418685913086,456.1034240722656,9.56959056854248,89.1185531616211,666.6094970703125,37.01865005493164,235.4609375,62.0104866027832,32.3494873046875,528.5745239257812,289.86895751953125,445.251708984375,2.4442057609558105,137.30242919921875,7.632998466491699,23.26842498779297,94.67953491210938,595.31201171875,128.26901245117188,173.48489379882812,418.1000061035156,63.42474365234375,503.3638610839844,92.99187469482422,107.14716339111328
2024-12-13,246.7819061279297,353.63116455078125,126.91000366210938,227.4600067138672,44.63618850708008,1035.317138671875,984.2142333984375,46.958988189697266,111.60572814941406,446.0537414550781,9.56959056854248,89.36175537109375,650.9420166015625,36.22213363647461,233.91090393066406,61.311119079589844,32.14505386352539,525.1891479492188,289.839599609375,442.983642578125,2.4723002910614014,134.21328735351562,7.421238899230957,23.461029052734375,94.2923812866211,595.19384765625,127.53898620605469,172.4649658203125,436.2300109863281,63.59757614135742,507.9703369140625,93.35639190673828,106.20812225341797
2024-12-16,249.67608642578125,352.0339660644531,126.69000244140625,232.92999267578125,44.44071960449219,1043.264404296875,987.7159423828125,44.32426452636719,110.88372039794922,440.6893005371094,9.201173782348633,89.54660034179688,665.8657836914062,35.65874099731445,233.5599365234375,60.75745391845703,31.82379913330078,526.4896850585938,290.9242858886719,447.26226806640625,2.3973817825317383,131.96389770507812,7.652250289916992,23.158363342285156,90.13043975830078,597.7352905273438,125.57640838623047,170.88604736328125,463.0199890136719,64.0837173461914,486.5186462402344,93.97051239013672,103.93716430664062
2024-12-17,252.1028289794922,352.27056884765625,125.0199966430664,231.14999389648438,44.03022384643555,1028.1441650390625,976.98193359375,41.8892822265625,111.78376007080078,439.72467041015625,9.18275260925293,90.27620697021484,672.0831298828125,36.20270538330078,232.37060546875,61.58309555053711,31.94061851501465,527.1845703125,289.3314208984375,450.1047058105469,2.406895160675049,130.35433959960938,7.382737159729004,24.240617752075195,89.13349151611328,595.2725830078125,124.7705307006836,169.93478393554688,479.8599853515625,64.06212615966797,473.8506164550781,94.51530456542969,103.49638366699219
2024-12-18,246.70233154296875,342.7169494628906,121.41000366210938,220.52000427246094,42.51531219482422,999.8050537109375,959.73193359375,43.0687255859375,110.13203430175781,423.9464111328125,8.924861907958984,88.22357940673828,644.3577880859375,35.39646911621094,224.5813446044922,61.04885482788086,31.6096248626709,516.2142944335938,284.2499694824219,433.1983337402344,2.3878684043884277,128.874755859375,6.98809289932251,23.74534797668457,87.01380920410156,577.5313720703125,123.91722106933594,170.26820373535156,440.1300048828125,62.474063873291016,487.7093200683594,92.66303253173828,101.97282409667969
2024-12-19,248.43289184570312,366.92138671875,118.87999725341797,223.2899932861328,42.39802551269531,995.9148559570312,949.8435668945312,41.64197540283203,110.15181732177734,420.9246520996094,8.97091293334961,88.61270141601562,631.6057739257812,34.881649017333984,227.10629272460938,60.66032028198242,31.911413192749023,519.5103149414062,283.6148376464844,432.8417663574219,2.3498148918151855,130.6442413330078,6.8822126388549805,23.635290145874023,85.91041564941406,577.3539428710938,123.6612319946289,170.84683227539062,436.1700134277344,62.171573638916016,477.490966796875,92.51445007324219,101.10086059570312
2024-12-20,253.10736083984375,361.2129211425781,119.20999908447266,224.9199981689453,43.17014694213867,1008.0264892578125,949.1173706054688,42.19365692138672,110.8045883178711,419.487548828125,9.099860191345215,90.05245208740234,637.9916381835938,34.619380950927734,231.6297149658203,60.75745391845703,32.39816665649414,524.2261962890625,286.0089111328125,432.4158935546875,2.321274518966675,134.6631622314453,6.959216594696045,24.17641830444336,85.14576721191406,584.2886352539062,124.65673828125,174.73037719726562,421.05999755859375,61.7502555847168,488.1094665527344,91.36544036865234,101.44580841064453
2024-12-23,253.8831329345703,353.7198791503906,124.5999984741211,225.05999755859375,42.896480560302734,1018.8152465820312,944.9789428710938,41.984397888183594,110.18148803710938,419.8419189453125,9.118280410766602,90.85987854003906,632.9442749023438,35.250770568847656,232.3998565673828,60.59232711791992,32.962799072265625,525.1494750976562,284.650634765625,431.0788269042969,2.359328031539917,139.63180541992188,6.99771785736084,24.497421264648438,84.63278198242188,587.7875366210938,125.07390594482422,176.9663543701172,430.6000061035156,61.78266906738281,494.17022705078125,89.49337005615234,101.85784912109375
2024-12-24,256.7972106933594,356.5396423339844,126.29000091552734,229.0500030517578,43.37539291381836,1033.641357421875,953.8427124023438,42.089027404785156,111.32878875732422,424.23187255859375,9.228805541992188,91.39490509033203,639.8756713867188,35.415897369384766,236.2213592529297,61.039146423339844,33.439815521240234,531.850830078125,287.2890930175781,435.1197204589844,2.3973817825317383,140.18167114257812,7.084347248077393,24.524938583374023,87.02348327636719,594.32080078125,125.52900695800781,177.92742919921875,462.2799987792969,61.78266906738281,493.9360046386719,91.80126953125,101.95366668701172
2024-12-26,257.61273193359375,355.3565368652344,125.05999755859375,227.0500030517578,43.54154586791992,1033.1025390625,951.1766357421875,42.72630310058594,111.31890869140625,425.826416015625,9.274856567382812,91.8424072265625,640.7681884765625,35.09535217285156,237.0304718017578,60.77688217163086,33.45938491821289,532.28759765625,288.0805969238281,433.9114074707031,2.3878684043884277,139.89173889160156,7.055470943450928,24.359846115112305,88.91088104248047,594.3603515625,129.3119354248047,193.54991149902344,454.1300048828125,62.13916778564453,498.8646240234375,91.91023254394531,102.03990173339844
2024-12-27,254.20138549804688,351.16632080078125,125.19000244140625,223.75,43.33629608154297,1023.2055053710938,934.8218994140625,42.31730651855469,110.32984924316406,422.8735656738281,9.238015174865723,91.55057525634766,633.2120971679688,33.9782829284668,235.1099853515625,60.66032028198242,33.312591552734375,528.3660888671875,286.9275207519531,426.404052734375,2.3498148918151855,136.9725341796875,7.016969203948975,24.414878845214844,89.2883529663086,588.1038208007812,128.46812438964844,195.668212890625,431.6600036621094,62.07434844970703,497.73248291015625,90.79095458984375,102.03031921386719
2024-12-30,250.8297882080078,347.5282897949219,122.44000244140625,221.3000030517578,42.91603469848633,1006.7919311523438,917.4228515625,41.79416275024414,109.58805084228516,414.1133117675781,9.099860191345215,89.50768280029297,625.0114135742188,33.278900146484375,233.3064727783203,60.25235366821289,32.84284973144531,521.763916015625,282.9991455078125,420.7586975097656,2.3307878971099854,137.452392578125,6.968842029571533,24.2314453125,87.67196655273438,581.3926391601562,128.04148864746094,191.8827362060547,417.4100036621094,61.31813430786133,495.5951232910156,89.7112808227539,101.34041595458984
2024-12-31,249.0594482421875,346.8381652832031,120.79000091552734,219.38999938964844,42.95512771606445,1004.5184936523438,911.5136108398438,42.6977653503418,110.13203430175781,413.1683654785156,9.118280410766602,89.85789489746094,623.2266235351562,33.67715835571289,233.68667602539062,60.47576141357422,32.90156173706055,522.7765502929688,283.2825622558594,417.4606018066406,2.378355026245117,134.25328063964844,6.968842029571533,24.332334518432617,88.32047271728516,579.2774047851562,128.1647186279297,190.85299682617188,403.8399963378906,61.253318786621094,493.70172119140625,89.49337005615234,103.07477569580078
2025-01-02,242.52516174316406,343.90997314453125,120.62999725341797,220.22000122070312,43.28743362426758,996.9634399414062,905.0870971679688,42.06049346923828,109.60783386230469,428.1001281738281,8.888019561767578,89.38121032714844,617.5645141601562,33.249759674072266,233.9694061279297,60.06780242919922,32.65690612792969,518.6366577148438,285.8428039550781,414.5685729980469,2.425922155380249,138.2721710205078,6.949590682983398,24.40570831298828,89.21092987060547,577.8541870117188,130.0704345703125,189.39175415039062,379.2799987792969,61.058860778808594,492.38421630859375,89.14668273925781,102.82563018798828
2025-01-03,242.03782653808594,348.869140625,125.37000274658203,224.19000244140625,43.795658111572266,1000.3245239257812,911.8219604492188,43.534793853759766,109.9441146850586,431.20068359375,9.099860191345215,88.92400360107422,624.9419555664062,34.327972412109375,237.16697692871094,59.98038101196289,32.89178466796875,517.6040649414062,288.06109619140625,419.29290771484375,2.3973817825317383,144.4304962158203,7.055470943450928,24.38736343383789,89.6077651977539,585.0792846679688,128.74307250976562,191.4806365966797,410.44000244140625,61.048057556152344,500.6701354980469,89.91929626464844,103.35265350341797
2025-01-06,243.66891479492188,346.38458251953125,129.5500030517578,227.61000061035156,44.3723030090332,992.39697265625,917.9202270507812,43.58235168457031,109.83531951904297,417.8339538574219,9.136701583862305,88.74889373779297,619.91455078125,34.13370132446289,236.0106658935547,59.067317962646484,33.107078552246094,508.2420349121094,285.5203552246094,423.74981689453125,2.4164085388183594,149.38912963867188,7.247981071472168,24.662511825561523,90.1401138305664,588.44970703125,132.06143188476562,186.71446228027344,411.04998779296875,59.881324768066406,501.32403564453125,90.56312561035156,103.23766326904297
2025-01-07,240.89407348632812,351.3734130859375,127.33000183105469,222.11000061035156,45.03691482543945,961.059326171875,916.587158203125,43.54430389404297,110.17160034179688,404.447509765625,8.989336013793945,88.16519927978516,610.2661743164062,33.9782829284668,238.2840576171875,59.096458435058594,32.1773796081543,507.7158508300781,282.74505615234375,418.322265625,2.5876502990722656,140.10166931152344,6.920714378356934,24.88262939453125,89.85942077636719,581.7978515625,132.02352905273438,189.39175415039062,394.3599853515625,60.33505630493164,501.8901062011719,89.9489974975586,104.2054672241211
2025-01-08,241.38140869140625,352.6945495605469,121.83999633789062,222.1300048828125,45.163963317871094,966.2920532226562,922.555908203125,43.7630729675293,108.5594253540039,406.20941162109375,8.97091293334961,86.71572875976562,620.797119140625,33.72572708129883,238.24485778808594,59.941532135009766,32.1773796081543,512.6798706054688,280.3607177734375,420.49127197265625,2.597163677215576,140.07168579101562,6.98809289932251,24.634998321533203,89.62712860107422,582.6478271484375,131.04698181152344,188.832763671875,394.94000244140625,60.64834976196289,511.91326904296875,90.92961883544922,102.46151733398438
2025-01-10,235.56320190429688,344.8663024902344,116.04000091552734,218.94000244140625,44.0888671875,936.4439697265625,932.0762939453125,45.665401458740234,107.4615707397461,396.0120849609375,8.888019561767578,87.43560028076172,619.227783203125,32.15211868286133,235.05035400390625,59.31986618041992,32.412254333496094,501.7728576660156,275.87530517578125,414.93505859375,2.7493784427642822,135.8728485107422,6.814834117889404,24.506593704223633,89.2883529663086,573.7523193359375,134.27052307128906,179.9280548095703,394.739990234375,59.55723571777344,508.17529296875,92.11823272705078,102.08781433105469
2025-01-13,233.12649536132812,344.2254333496094,117.31999969482422,218.4600067138672,44.040000915527344,935.8265991210938,919.89990234375,49.00399398803711,106.8978042602539,403.699462890625,8.943283081054688,87.49397277832031,609.0865478515625,32.433815002441406,239.3031768798828,59.88325119018555,31.962078094482422,502.0114440917969,277.1651916503906,413.1919250488281,2.8540258407592773,133.19357299804688,6.766707420349121,24.579965591430664,90.5079116821289,574.6419067382812,131.56842041015625,179.71231079101562,403.30999755859375,59.44921112060547,528.1338500976562,90.66217803955078,104.72289276123047
2025-01-14,232.01258850097656,344.0775451660156,116.08999633789062,217.75999450683594,44.74369812011719,943.8225708007812,912.4685668945312,49.051551818847656,106.93737030029297,409.5461730957031,9.0077543258667,88.52513885498047,619.59521484375,33.745155334472656,242.49765014648438,60.2620735168457,32.42203903198242,506.09783935546875,275.1619567871094,411.6865234375,2.815972328186035,131.7239532470703,6.805208683013916,24.222274780273438,90.08203125,575.4326171875,129.38778686523438,181.8306121826172,396.3599853515625,59.135921478271484,530.6713256835938,89.92919921875,105.13493347167969
2025-01-15,236.57765197753906,344.8071594238281,119.95999908447266,223.35000610351562,46.0338134765625,992.8280639648438,918.7060546875,49.593711853027344,106.9967041015625,407.4299011230469,9.164332389831543,89.86761474609375,617.2611083984375,34.357112884521484,247.27963256835938,59.99980545043945,32.09908676147461,519.351318359375,275.8655090332031,422.2244873046875,2.8064589500427246,136.2027587890625,7.007343769073486,24.048009872436523,90.09171295166016,585.8997802734375,127.54846954345703,181.2716064453125,428.2200012207031,59.11431121826172,530.3590087890625,90.4739761352539,106.85013580322266
2025-01-16,227.0198516845703,347.09429931640625,118.44000244140625,220.66000366210938,45.584232330322266,975.7188110351562,914.9755249023438,49.42250061035156,105.29552459716797,412.3317565917969,9.219594955444336,89.157470703125,603.1766967773438,34.40568161010742,249.16104125976562,60.46605682373047,31.47276496887207,520.1367797851562,273.3638610839844,420.51104736328125,2.66375732421875,133.53347778320312,7.026595115661621,24.29564666748047,91.39837646484375,584.7728881835938,126.33488464355469,177.97647094726562,413.82000732421875,59.89213180541992,498.3180847167969,90.43436431884766,106.66806030273438
2025-01-17,228.7305145263672,349.1042175292969,121.45999908447266,225.94000244140625,45.476722717285156,984.7732543945312,938.2938232421875,50.05026626586914,105.84939575195312,420.63922119140625,9.376172065734863,89.34230041503906,600.057861328125,37.88316345214844,253.95278930664062,60.91286849975586,31.414045333862305,521.6878662109375,274.54632568359375,424.91845703125,2.6066770553588867,137.67234802246094,6.978466510772705,24.121387481689453,92.07589721679688,590.6439819335938,126.67620086669922,177.2899932861328,426.5,60.12980270385742,497.50799560546875,91.06829833984375,107.62627410888672
2025-01-21,221.43038940429688,352.8963623046875,122.27999877929688,230.7100067138672,45.60377883911133,991.7600708007812,942.810302734375,50.55438995361328,107.51101684570312,433.8779602050781,9.606431007385254,90.43184661865234,605.3021850585938,37.39748001098633,257.7450256347656,60.63117599487305,32.559043884277344,525.028564453125,276.1684875488281,424.3935546875,2.530569553375244,140.79148864746094,7.151726245880127,24.4332218170166,94.83440399169922,596.0504760742188,130.21261596679688,183.32125854492188,424.07000732421875,61.48017883300781,512.3720092773438,92.1974868774414,106.8117904663086
2025-01-22,222.61392211914062,355.5597229003906,123.75,235.00999450683594,44.753475189208984,986.12548828125,939.7960205078125,50.40220260620117,107.61981964111328,435.17724609375,9.238015174865723,90.5096664428711,607.5569458007812,37.999725341796875,257.558837890625,60.009521484375,31.179176330566406,524.153564453125,274.9372253417969,441.9239501953125,2.5210564136505127,147.02981567382812,7.0458455085754395,23.855409622192383,94.5924301147461,599.401123046875,128.72412109375,182.91917419433594,415.1099853515625,60.551116943359375,507.22857666015625,92.3460693359375,104.95286560058594
2025-01-23,222.44485473632812,359.6687316894531,123.04000091552734,235.4199981689453,45.33989334106445,997.2867431640625,937.2691650390625,51.842262268066406,109.82542419433594,440.72869873046875,9.35775089263916,90.39292907714844,594.26708984375,37.59175491333008,260.6063537597656,59.766685485839844,31.247678756713867,531.1531372070312,277.94696044921875,442.4289855957031,2.5495965480804443,147.17974853515625,7.9313883781433105,24.249786376953125,94.84407806396484,602.6727294921875,130.12730407714844,182.67401123046875,412.3800048828125,61.22091293334961,517.0371704101562,92.92056274414062,105.54695892333984
2025-01-24,221.5696258544922,358.8271484375,122.83999633789062,234.85000610351562,45.466949462890625,999.9520263671875,934.8021240234375,52.545440673828125,110.93317413330078,427.41119384765625,9.32090950012207,90.53884887695312,593.9194946289062,39.55390930175781,259.5186767578125,60.1455078125,31.48255157470703,530.4273071289062,278.9535217285156,439.8044128417969,2.492515802383423,142.58099365234375,8.162400245666504,24.32437515258789,95.63774871826172,600.913330078125,130.73410034179688,183.0074462890625,406.5799865722656,61.03725814819336,519.7112426757812,93.86155700683594,104.11921691894531
2025-01-27,228.6111602783203,369.4609375,115.01000213623047,235.4199981689453,46.024051666259766,1009.25146484375,960.2393798828125,54.134803771972656,112.10025787353516,424.3795166015625,9.560379028320312,92.75684356689453,602.5310668945312,39.14593505859375,260.50836181640625,62.03962707519531,31.883790969848633,544.4962158203125,286.40960693359375,430.39544677734375,2.492515802383423,118.38761901855469,8.893937110900879,25.042264938354492,96.80890655517578,592.4131469726562,135.10484313964844,182.89956665039062,397.1499938964844,62.798152923583984,530.4566040039062,96.47652435302734,105.56612396240234
2025-01-28,236.96554565429688,374.649169921875,114.16999816894531,238.14999389648438,45.77970886230469,1030.0843505859375,953.6934204101562,55.22328567504883,110.91339111328125,423.0605773925781,9.28406810760498,91.29763793945312,596.6111450195312,39.893882751464844,261.7724609375,60.572898864746094,31.169387817382812,544.2177734375,284.5138244628906,442.914306640625,2.530569553375244,128.95472717285156,8.547419548034668,24.93971061706543,97.18639373779297,597.5034790039062,133.73959350585938,181.71292114257812,398.0899963378906,62.09595489501953,529.4415893554688,96.36756134033203,103.52513122558594
2025-01-29,238.05955505371094,370.7184143066406,117.3499984741211,237.07000732421875,45.691741943359375,1031.4659423828125,959.0158081054688,54.80908966064453,111.95191192626953,421.06243896484375,9.403802871704102,92.99031066894531,588.992919921875,39.107078552246094,261.2236633300781,61.02943420410156,30.973661422729492,545.6495361328125,283.4975280761719,438.0909729003906,2.578136682510376,123.66617584228516,8.59554672241211,24.81850814819336,105.0940933227539,594.8248901367188,132.81991577148438,183.37030029296875,389.1000061035156,61.86909103393555,525.1668090820312,96.57557678222656,104.1288070678711
2025-01-30,236.29916381835938,376.9858093261719,118.86000061035156,234.63999938964844,45.66242218017578,1049.9962158203125,973.9279174804688,54.73202133178711,112.18927764892578,443.7209167480469,9.35775089263916,94.31332397460938,600.524658203125,41.088661193847656,262.8405456542969,62.214473724365234,30.591999053955078,562.7606811523438,283.7027282714844,411.01300048828125,2.6161904335021973,124.61592864990234,8.528167724609375,25.088882446289062,105.5006103515625,598.017333984375,133.15176391601562,187.28326416015625,400.2799987792969,62.9818115234375,532.4573974609375,97.71466827392578,104.99120330810547
2025-01-31,234.71780395507812,381.1443176269531,115.94999694824219,237.67999267578125,45.251930236816406,1053.8963623046875,974.7933959960938,54.40451431274414,111.82332611083984,442.06732177734375,9.28406810760498,94.55652618408203,597.4555053710938,39.55390930175781,261.92919921875,61.660804748535156,30.05375099182129,552.241455078125,282.11968994140625,411.0823669433594,2.5686235427856445,120.03717041015625,8.576294898986816,24.72527503967285,104.22298431396484,594.8347778320312,130.75306701660156,185.2826385498047,404.6000061035156,61.9879264831543,529.4513549804688,97.22932434082031,102.3656997680664
2025-02-03,226.7711944580078,381.4017028808594,114.2699966430664,237.4199981689453,45.163963317871094,993.38671875,1000.6087036132812,53.89399719238281,112.75304412841797,448.691650390625,9.109070777893066,95.70443725585938,596.7105102539062,38.883663177490234,261.4490966796875,61.53452682495117,29.828664779663086,560.7125244140625,283.43890380859375,406.9820251464844,2.578136682510376,116.62810516357422,8.326032638549805,24.426931381225586,104.68758392333984,590.831787109375,127.19766998291016,180.10458374023438,383.67999267578125,62.27961349487305,535.0045776367188,98.59622955322266,102.61483764648438
2025-02-04,231.53518676757812,387.74835205078125,119.5,242.05999755859375,45.65264892578125,995.25830078125,1016.5554809570312,54.279293060302734,112.06070709228516,458.61334228515625,9.35775089263916,95.3250503540039,587.7314453125,39.98130798339844,262.5563659667969,60.87401580810547,30.132041931152344,555.9002685546875,283.165283203125,408.4180908203125,2.68278431892395,118.6175537109375,8.374161720275879,24.119264602661133,107.04923248291016,594.7952270507812,128.56292724609375,183.93910217285156,392.2099914550781,61.84748840332031,532.3402099609375,99.81455993652344,105.3648910522461
2025-02-05,231.2069854736328,394.31280517578125,112.01000213623047,236.1699981689453,46.04359436035156,994.12158203125,1037.4664306640625,53.64354705810547,109.33089447021484,447.60894775390625,9.219594955444336,96.93990325927734,584.2948608398438,38.66996765136719,264.9963073730469,61.311119079589844,30.229902267456055,563.0390014648438,282.2467041015625,409.32928466796875,2.68278431892395,124.79586029052734,8.489665985107422,24.65068817138672,108.64627075195312,597.206787109375,128.19317626953125,191.57872009277344,378.1700134277344,62.92778778076172,526.8358154296875,101.48855590820312,105.28823852539062
2025-02-06,231.95289611816406,383.51068115234375,110.16000366210938,238.8300018310547,46.65933609008789,986.39990234375,1045.5341796875,52.246829986572266,110.86393737792969,463.170654296875,8.528815269470215,95.3736801147461,586.2218017578125,38.86423873901367,271.3363037109375,61.54424285888672,30.425630569458008,563.904052734375,287.650634765625,411.83502197265625,2.6066770553588867,128.64479064941406,8.335658073425293,24.08197021484375,108.11392974853516,599.2825317382812,127.69068145751953,186.8223419189453,374.32000732421875,62.733341217041016,517.3005981445312,101.8748550415039,103.8988265991211
2025-02-07,226.39328002929688,382.16412353515625,107.55999755859375,229.14999389648438,46.32703399658203,972.1127319335938,1039.5389404296875,52.0252799987793,109.64739990234375,459.41064453125,8.510396003723145,93.4280776977539,574.9482421875,39.0196533203125,270.2584228515625,62.0104866027832,30.337553024291992,559.5193481445312,287.5920104980469,405.8232116699219,2.578136682510376,129.8044891357422,8.29715633392334,23.99806022644043,108.5978775024414,593.7969360351562,124.53350830078125,180.42820739746094,361.6199951171875,62.949398040771484,514.3629150390625,100.19097137451172,104.33961486816406
2025-02-10,226.66209411621094,383.0651550292969,110.4800033569336,233.13999938964844,45.61355209350586,965.753173828125,1057.5748291015625,52.29499435424805,108.08467102050781,467.48187255859375,8.510396003723145,92.88331604003906,582.8843994140625,40.962379455566406,265.5940856933594,62.700138092041016,29.486143112182617,562.24365234375,301.39019775390625,408.26953125,2.597163677215576,133.53347778320312,8.489665985107422,24.119264602661133,107.87195587158203,597.8295288085938,124.46711730957031,181.48736572265625,350.7300109863281,62.938594818115234,520.550537109375,101.9441909790039,106.33269500732422
2025-02-11,231.6105499267578,386.154296875,111.0999984741211,232.75999450683594,45.730838775634766,968.3499145507812,1054.0093994140625,52.97890090942383,107.8275146484375,466.6156921386719,8.482763290405273,93.52536010742188,581.9308471679688,39.631614685058594,269.4647216796875,65.66272735595703,29.133840560913086,561.4581909179688,303.1393737792969,407.49700927734375,2.5686235427856445,132.76370239257812,8.412660598754883,23.80227279663086,107.4654312133789,598.2842407226562,125.57640838623047,182.15423583984375,328.5,63.6515998840332,521.0872802734375,101.49845886230469,107.0034408569336
2025-02-12,235.84210205078125,384.9859313964844,111.72000122070312,228.92999267578125,45.163963317871094,954.1510009765625,1060.76171875,60.89684295654297,108.03522491455078,464.0663757324219,8.501185417175293,100.50035858154297,572.65380859375,38.18428421020508,269.9154968261719,66.74092102050781,29.241485595703125,561.3587036132812,300.5888977050781,405.1200256347656,2.5876502990722656,131.10414123535156,9.394460678100586,23.7463321685791,109.41090393066406,596.3568725585938,121.91419982910156,179.16311645507812,336.510009765625,63.88926315307617,514.7240600585938,102.62764739990234,103.7840576171875
2025-02-13,240.48187255859375,385.67901611328125,111.80999755859375,230.3699951171875,45.281253814697266,960.608642578125,1072.45361328125,63.931095123291016,108.39128112792969,472.3443298339844,8.611709594726562,103.07829284667969,579.9642944335938,38.45626449584961,270.76800537109375,67.50828552246094,29.29041862487793,563.0590209960938,302.9537048339844,406.6056213378906,2.540083169937134,135.2530059814453,10.11637020111084,23.904827117919922,109.3721923828125,602.6529541015625,122.94689178466797,180.45762634277344,355.94000244140625,60.453895568847656,518.4131469726562,104.05399322509766,104.53813934326172
2025-02-14,243.53855895996094,384.1641540527344,113.0999984741211,228.67999267578125,45.89698791503906,954.356689453125,1067.4639892578125,63.41093063354492,109.17264556884766,469.17486572265625,8.731443405151367,101.24942016601562,583.4207763671875,40.19500732421875,271.0325622558594,66.8963394165039,29.6329402923584,561.5178833007812,301.5172119140625,404.515869140625,2.511543035507202,138.81204223632812,10.193374633789062,23.80227279663086,109.52790069580078,602.623291015625,122.27754974365234,180.68319702148438,355.8399963378906,59.297969818115234,510.9276123046875,103.05358123779297,104.64448547363281
2025-02-18,243.40911865234375,383.7284851074219,114.27999877929688,226.64999389648438,45.476722717285156,958.2174682617188,1051.7088623046875,63.16048812866211,108.36161041259766,470.0312194824219,8.836069107055664,102.3875961303711,576.0309448242188,37.795738220214844,274.3250427246094,67.0711898803711,29.35892105102539,565.345703125,297.88201904296875,405.71429443359375,2.530569553375244,139.3618927001953,10.251128196716309,23.830244064331055,109.99500274658203,604.3924560546875,124.40985107421875,180.5164794921875,354.1099853515625,59.33037567138672,488.6950378417969,102.79603576660156,106.48136901855469
2025-02-19,243.80738830566406,386.3621826171875,114.69000244140625,226.6300048828125,44.9684944152832,966.5272827148438,1058.1922607421875,63.95998001098633,110.13203430175781,467.88543701171875,8.883626937866211,104.72232818603516,578.2657470703125,38.067718505859375,273.6391296386719,68.06195068359375,29.554649353027344,565.236328125,295.0578918457031,410.79510498046875,2.5210564136505127,139.19192504882812,10.347382545471191,24.137910842895508,109.4695053100586,605.8157958984375,125.02181243896484,176.6231231689453,360.55999755859375,60.108192443847656,498.75726318359375,103.01394653320312,106.63606262207031
2025-02-20,244.7632293701172,381.0353698730469,114.16999816894531,222.8800048828125,44.274566650390625,969.5061645507812,1030.5955810546875,62.698123931884766,109.34078216552734,464.351806640625,8.931183815002441,107.03759765625,575.1767578125,40.01044464111328,261.43927001953125,68.03280639648438,29.955886840820312,560.04638671875,296.142578125,412.968505859375,2.492515802383423,140.07168579101562,10.289628982543945,24.147233963012695,110.29667663574219,603.2954711914062,122.5166015625,177.19190979003906,354.3999938964844,60.00016784667969,490.3444519042969,96.28832244873047,108.27959442138672
2025-02-21,244.48443603515625,360.65887451171875,110.83999633789062,216.5800018310547,43.795658111572266,954.6507568359375,1030.7947998046875,61.14728546142578,107.4714584350586,455.1092529296875,8.826558113098145,106.95977783203125,561.6583862304688,41.205223083496094,258.93072509765625,69.30525970458984,29.172985076904297,554.3095092773438,297.86248779296875,405.108642578125,2.5020294189453125,134.3932342529297,9.989555358886719,24.520164489746094,108.74937438964844,592.9766235351562,118.8257064819336,173.6908416748047,337.79998779296875,60.637542724609375,455.209716796875,93.88136291503906,107.01310729980469
2025-02-24,246.0277099609375,360.31231689453125,108.11000061035156,212.7100067138672,43.45357894897461,933.6609497070312,1031.362548828125,60.70418930053711,109.9836654663086,448.4849548339844,8.89313793182373,108.0103988647461,563.41650390625,38.18428421020508,256.0890197753906,68.5670394897461,29.623153686523438,555.7909545898438,300.5595397949219,400.9306335449219,2.4830026626586914,130.244384765625,10.270269393920898,24.846479415893555,110.15071105957031,590.2783203125,120.2599868774414,173.21029663085938,330.5299987792969,60.842803955078125,450.42742919921875,92.7818832397461,107.57383728027344
2025-02-25,245.9679718017578,359.36181640625,103.95999908447266,212.8000030517578,42.945350646972656,938.766357421875,1051.3404541015625,61.32067108154297,109.32099914550781,462.75726318359375,8.959718704223633,108.49681091308594,551.884765625,38.92251968383789,252.2281494140625,69.44125366210938,29.603580474853516,560.7921142578125,303.63775634765625,394.876953125,2.444948673248291,126.59537506103516,10.367067337036133,24.93038558959961,111.51311492919922,587.3427734375,121.80902099609375,175.9954833984375,302.79998779296875,60.389076232910156,459.07452392578125,96.7637710571289,106.08499908447266
2025-02-26,239.3169403076172,354.8072814941406,104.73999786376953,214.35000610351562,42.945350646972656,934.6115112304688,1027.747314453125,61.51332092285156,110.6067886352539,471.58636474609375,9.007274627685547,107.4559097290039,621.2937622070312,41.31207275390625,253.5902099609375,68.77103424072266,30.034177780151367,558.0479736328125,297.3347473144531,396.6930847167969,2.4354355335235596,131.24411010742188,10.512264251708984,24.632041931152344,109.96581268310547,587.6392211914062,118.60578155517578,177.71170043945312,290.79998779296875,60.507911682128906,452.44769287109375,95.28789520263672,105.82395935058594
2025-02-27,236.27024841308594,353.3419189453125,99.51000213623047,208.74000549316406,43.121273040771484,925.909912109375,1017.5293579101562,62.11054229736328,110.09246826171875,474.7065734863281,8.836069107055664,108.94429779052734,596.372802734375,41.3217887878418,253.844970703125,68.83901977539062,29.985244750976562,561.57763671875,302.8853454589844,389.5477600097656,2.340301275253296,120.11714935302734,10.42514705657959,24.333698272705078,111.41580200195312,578.2593994140625,117.13325500488281,178.7610321044922,281.95001220703125,61.00484848022461,457.29827880859375,95.872314453125,106.49105072021484
2025-02-28,240.79052734375,345.0546569824219,99.86000061035156,212.27999877929688,45.056453704833984,958.1392211914062,1044.319091796875,63.30497360229492,112.55523681640625,482.0199279785156,9.083365440368652,111.2011947631836,609.7024536132812,40.70011520385742,259.3324890136719,69.16928100585938,30.396270751953125,573.0015258789062,301.30224609375,393.973876953125,2.3307878971099854,124.8858413696289,10.483224868774414,24.64136505126953,112.70035552978516,587.283447265625,118.7970199584961,177.97647094726562,292.9800109863281,61.65517044067383,463.54443359375,97.67505645751953,107.63184356689453
2025-03-03,236.9970703125,341.579345703125,98.2300033569336,205.02000427246094,44.528682708740234,947.056396484375,1042.56640625,62.51511001586914,111.55628204345703,476.222412109375,8.931183815002441,112.83550262451172,597.038330078125,39.08765411376953,255.38345336914062,70.2474594116211,29.955886840820312,571.6195068359375,299.0711975097656,385.5384521484375,2.340301275253296,114.02880859375,10.279950141906738,24.473546981811523,112.31110382080078,576.9942626953125,115.469482421875,180.2418670654297,284.6499938964844,62.86430740356445,455.8245544433594,96.66472625732422,104.18043518066406
2025-03-04,234.9061737060547,342.3615417480469,100.75,203.8000030517578,41.704097747802734,932.6712646484375,1032.627197265625,61.850460052490234,107.817626953125,474.2046203613281,8.67437744140625,111.61949920654297,594.0386352539062,39.777320861816406,245.22181701660156,68.17851257324219,28.820676803588867,551.883544921875,300.5257568359375,385.6575622558594,2.406895160675049,115.95828247070312,9.660442352294922,24.00738525390625,109.05105590820312,570.1644897460938,112.00807189941406,177.1723175048828,272.0400085449219,63.20199203491211,463.2028503417969,94.0695571899414,103.96774291992188
2025-03-05,234.7169952392578,344.8170471191406,101.66999816894531,208.36000061035156,41.33270263671875,948.6928100585938,1043.4627685546875,63.52652359008789,108.11434173583984,468.7024230957031,9.178478240966797,112.30047607421875,613.34765625,42.5068473815918,246.47608947753906,68.07167053222656,29.30999183654785,555.0949096679688,302.1769714355469,397.9732666015625,2.3498148918151855,117.2679214477539,9.718521118164062,24.184526443481445,108.69097900390625,576.29248046875,111.45347595214844,188.63662719726562,279.1000061035156,63.56147003173828,464.5399475097656,95.06999206542969,101.93750762939453
2025-03-06,234.30877685546875,338.46051025390625,98.8499984741211,200.6999969482422,40.52149200439453,940.3635864257812,1022.419189453125,62.852237701416016,104.27678680419922,472.6986389160156,9.140433311462402,112.8841552734375,602.2827758789062,42.66226577758789,241.5863494873047,68.4407730102539,28.898967742919922,546.6636352539062,305.046875,393.8746643066406,2.4164085388183594,110.53976440429688,9.466846466064453,24.464223861694336,102.63800048828125,566.0626220703125,109.05345153808594,183.8900604248047,263.45001220703125,63.45253372192383,475.9977722167969,93.74269104003906,104.04508209228516
2025-03-07,238.03256225585938,338.7971496582031,100.30999755859375,199.25,40.718196868896484,932.9642333984375,960.3641967773438,63.89255905151367,104.35591125488281,464.63726806640625,9.416263580322266,114.2168960571289,605.5009155273438,41.078948974609375,237.4119415283203,69.38296508789062,28.576017379760742,543.631103515625,315.77960205078125,390.32183837890625,2.3973817825317383,112.65918731689453,9.215171813964844,24.921062469482422,103.62088012695312,569.2353515625,110.038330078125,186.50851440429688,262.6700134277344,64.52006530761719,481.61932373046875,90.85037994384766,105.39857482910156
2025-03-10,226.49285888671875,331.9851379394531,96.62999725341797,194.5399932861328,39.17405319213867,901.7709350585938,930.5865478515625,62.832984924316406,101.95249938964844,433.1200866699219,9.473332405090332,114.0223388671875,575.8720092773438,39.4761962890625,227.5540771484375,69.40239715576172,27.57781410217285,534.0364990234375,311.8088684082031,377.2717590332031,2.36814546585083,106.95075225830078,8.895737648010254,24.837154388427734,98.41453552246094,554.073486328125,108.8622055053711,184.71385192871094,222.14999389648438,65.67472839355469,470.68096923828125,86.98735809326172,108.08623504638672
2025-03-11,219.8816680908203,324.5494079589844,96.76000213623047,196.58999633789062,38.95767593383789,896.9529418945312,926.6824951171875,62.592166900634766,96.82915496826172,423.7987976074219,9.216525077819824,111.31793212890625,582.7553100585938,39.583045959472656,224.5359649658203,69.004150390625,29.877595901489258,522.781494140625,301.4988098144531,377.5595703125,2.36814546585083,108.73026275634766,8.847339630126953,24.23114013671875,96.9061508178711,549.467529296875,107.81996154785156,180.96759033203125,230.5800018310547,64.62899780273438,476.3853759765625,86.61095428466797,105.53392791748047
2025-03-12,216.0384063720703,321.12359619140625,100.79000091552734,198.88999938964844,39.25273513793945,896.6475219726562,923.2864990234375,62.457305908203125,97.67974853515625,431.8207702636719,9.121411323547363,110.88990020751953,587.1554565429688,39.21392822265625,223.3208770751953,67.93568420410156,29.631488800048828,521.628173828125,294.2650146484375,380.3581237792969,2.4071273803710938,115.71900177001953,9.069974899291992,23.9700927734375,96.04005432128906,552.3832397460938,102.58003234863281,182.0659637451172,248.08999633789062,64.30220031738281,471.55328369140625,84.3921890258789,105.50492858886719
2025-03-13,208.7700958251953,313.9353942871094,98.11000061035156,193.88999938964844,39.016685485839844,887.1890258789062,886.9757080078125,63.33386993408203,95.81041717529297,421.9385070800781,9.064343452453613,110.26730346679688,577.4015502929688,40.059017181396484,220.66534423828125,67.62483978271484,30.517480850219727,516.8457641601562,292.39764404296875,375.8923034667969,2.3973820209503174,115.55902862548828,8.82797908782959,23.867534637451172,93.4612045288086,545.019775390625,99.92183685302734,179.43771362304688,240.67999267578125,63.866477966308594,471.95513916015625,83.6988296508789,105.0602035522461
2025-03-14,212.56358337402344,315.6680908203125,100.97000122070312,197.9499969482422,40.21659851074219,915.0128784179688,900.2212524414062,63.26644515991211,97.5610580444336,420.6042175292969,9.254570007324219,109.17012786865234,594.7637329101562,41.924034118652344,227.7696533203125,67.67377471923828,31.236116409301758,524.6109619140625,294.6876525878906,385.60797119140625,2.4753453731536865,121.64791870117188,9.11837387084961,23.979413986206055,95.47562408447266,556.2775268554688,100.11307525634766,183.0662841796875,249.97999572753906,63.95363235473633,478.9435119628906,84.540771484375,108.18291473388672
2025-03-17,213.07135009765625,322.4899597167969,104.58999633789062,195.74000549316406,40.757537841796875,943.8810424804688,912.859375,64.20079803466797,98.27317810058594,444.34344482421875,9.435286521911621,109.97342681884766,598.0514526367188,43.91532516479492,229.22970581054688,68.61314392089844,31.629892349243164,528.9359741210938,298.75665283203125,385.7468566894531,2.5630548000335693,119.50830841064453,9.050615310668945,24.287080764770508,96.4195785522461,560.567138671875,101.04057312011719,184.77268981933594,238.00999450683594,65.05382537841797,489.1075439453125,86.6307601928711,109.98113250732422
2025-03-18,211.7670135498047,320.8661804199219,103.51000213623047,192.82000732421875,40.964080810546875,944.4918212890625,894.3753051757812,65.08699798583984,98.26329040527344,447.38739013671875,9.463820457458496,107.98477172851562,594.9923095703125,43.633628845214844,230.2488250732422,67.88904571533203,31.88584327697754,527.1463623046875,298.39300537109375,380.6062316894531,2.5240726470947266,115.40904998779297,9.011896133422852,24.52948760986328,95.64106750488281,554.5083618164062,100.00788879394531,186.52813720703125,225.30999755859375,63.95363235473633,493.7925720214844,84.77849578857422,109.8651123046875
2025-03-19,214.3059539794922,321.26220703125,106.2300033569336,195.5399932861328,41.51485824584961,943.122314453125,900.3507080078125,65.41449737548828,99.1930160522461,456.2723388671875,9.673070907592773,105.32018280029297,599.0447387695312,43.54621124267578,234.30564880371094,67.79119110107422,33.07700729370117,533.0125122070312,301.65606689453125,384.8735656738281,2.602036476135254,117.49866485595703,9.186132431030273,24.436254501342773,96.5266342163086,560.54736328125,100.34255981445312,189.411376953125,235.86000061035156,64.18238067626953,493.20452880859375,85.51148986816406,111.5763168334961
2025-03-20,213.17091369628906,297.9351501464844,107.13999938964844,194.9499969482422,41.78041458129883,940.107421875,891.7362060546875,66.11766815185547,97.77864837646484,460.60107421875,9.520889282226562,103.71357727050781,596.372802734375,41.74918746948242,234.20765686035156,68.21194458007812,33.61845016479492,533.3007202148438,301.73468017578125,383.9010009765625,2.5728001594543457,118.50848388671875,9.13773250579834,24.4176082611084,96.61421203613281,558.9264526367188,99.63497161865234,188.46009826660156,236.25999450683594,64.52006530761719,501.1435852050781,84.99640655517578,112.05004119873047
2025-03-21,217.3227996826172,302.30157470703125,106.44000244140625,196.2100067138672,41.77057647705078,937.703369140625,905.5394287109375,64.58610534667969,98.3720932006836,456.0054626464844,9.511377334594727,104.89894104003906,599.9684448242188,41.03038024902344,236.77500915527344,67.19429779052734,34.287864685058594,532.61474609375,300.201416015625,388.2874450683594,2.4948363304138184,117.67863464355469,9.0796537399292,24.501516342163086,94.46354675292969,559.11083984375,99.50111389160156,187.0184783935547,248.7100067138672,63.88825988769531,506.58331298828125,85.39867401123047,111.663330078125
2025-03-24,219.7721405029297,304.1431579589844,113.8499984741211,203.25999450683594,42.360694885253906,949.2999877929688,922.250732421875,65.08699798583984,99.08421325683594,460.5912170410156,9.749162673950195,104.56585693359375,608.95751953125,41.350929260253906,243.0758056640625,67.4682846069336,34.29771041870117,540.5488891601562,300.427490234375,390.09356689453125,2.51432728767395,121.38796997070312,9.360367774963379,24.370990753173828,93.14979553222656,569.1236572265625,103.60316467285156,188.7543182373047,278.3900146484375,63.33271789550781,506.2403259277344,86.8984603881836,111.95336151123047
2025-03-25,222.77903747558594,305.8461608886719,114.80999755859375,205.7100067138672,42.56723403930664,959.1328735351562,926.4535522460938,64.03704071044922,100.49857330322266,454.888671875,9.78720760345459,105.69242858886719,614.5494384765625,40.28242874145508,246.08413696289062,67.33128356933594,34.13035583496094,542.0303955078125,301.65606689453125,392.1578063964844,2.4753453731536865,120.66809844970703,9.166772842407227,23.820919036865234,93.30550384521484,570.4917602539062,100.78240966796875,189.28387451171875,288.1400146484375,63.27825164794922,503.2312927246094,84.18692016601562,112.71710968017578
2025-03-26,220.56866455078125,308.08380126953125,110.19000244140625,201.1300048828125,42.114810943603516,953.9700927734375,925.9456176757812,64.73058319091797,99.67765045166016,461.3818359375,9.79671859741211,107.04431915283203,610.7155151367188,40.58354949951172,245.98614501953125,68.5152816772461,33.85470962524414,545.9180297851562,308.2018127441406,387.0072326660156,2.4948363304138184,113.7393569946289,9.19581127166748,23.503929138183594,95.33938598632812,563.6810302734375,101.44217681884766,185.6259002685547,272.05999755859375,63.38718032836914,507.9065856933594,84.63388061523438,114.34130859375
2025-03-27,222.87860107421875,305.4798278808594,106.6500015258789,201.36000061035156,41.85909652709961,953.6744995117188,934.90869140625,65.10625457763672,99.35125732421875,465.7699279785156,9.416263580322266,108.89582824707031,611.1525268554688,41.66176223754883,243.13461303710938,69.21981811523438,33.401878356933594,554.369140625,307.32708740234375,387.6125793457031,2.46560001373291,111.40977478027344,9.22485065460205,23.31746482849121,96.19576263427734,562.18408203125,101.8437728881836,180.42820739746094,273.1300048828125,63.91004943847656,505.47576904296875,85.05104064941406,113.97393798828125
2025-03-28,216.9544219970703,301.3213195800781,103.22000122070312,192.72000122070312,40.57067108154297,932.74755859375,925.85595703125,64.67279052734375,96.9972915649414,441.8924255371094,9.245059967041016,109.51299285888672,594.8829956054688,40.3892822265625,237.9705047607422,68.85777282714844,33.06716537475586,537.5064697265625,301.8231506347656,375.92205810546875,2.455854654312134,109.65009307861328,9.002216339111328,23.503929138183594,95.1058349609375,550.8626708984375,99.10906982421875,175.61300659179688,263.54998779296875,64.4655990600586,505.7894287109375,84.57428741455078,113.81925201416016
2025-03-31,221.1660614013672,308.9551086425781,102.73999786376953,190.25999450683594,41.04276657104492,932.53076171875,941.9100341796875,65.26036834716797,97.62039947509766,454.0782775878906,9.539911270141602,109.7677001953125,609.8513793945312,39.94245147705078,240.37127685546875,70.0809097290039,33.05732345581055,544.973388671875,307.0126037597656,372.5379943847656,2.3973820209503174,108.3603286743164,8.760221481323242,23.625131607055664,95.4561538696289,554.5604858398438,99.78797149658203,176.52999877929688,259.1600036621094,64.86865234375,513.3462524414062,87.1964340209961,114.97938537597656
2025-04-01,222.22146606445312,310.4798583984375,102.77999877929688,192.1699981689453,40.80671691894531,930.1661987304688,950.4947509765625,65.48191833496094,96.61155700683594,460.0278625488281,9.45430850982666,109.01338195800781,609.642822265625,40.136722564697266,238.7642059326172,70.3255386352539,31.098297119140625,545.3611450195312,308.2509765625,379.2863464355469,2.41687273979187,110.13001251220703,8.750540733337402,22.8792724609375,95.59241485595703,556.1267700195312,99.85490417480469,174.4199981689453,268.4599914550781,64.89043426513672,512.7288208007812,88.22940063476562,115.08573913574219
2025-04-02,222.91842651367188,313.2026672363281,102.95999908447266,196.00999450683594,41.16078567504883,947.6644287109375,961.1310424804688,65.56861114501953,96.80937194824219,462.8741760253906,9.654047966003418,109.6109619140625,616.7247314453125,39.91331100463867,240.88082885742188,69.79713439941406,31.36409568786621,544.2376098632812,306.2361145019531,379.23675537109375,2.3778910636901855,110.39995574951172,8.85701847076416,23.028444290161133,96.74072265625,559.6461791992188,101.13618469238281,177.30999755859375,282.760009765625,65.20633697509766,512.8072509765625,89.15311431884766,114.72801971435547
2025-04-03,202.30825805664062,298.4797058105469,93.80000305175781,178.41000366210938,36.60703659057617,874.5678100585938,963.122802734375,65.0291976928711,87.86824798583984,458.3576354980469,9.073854446411133,110.10077667236328,594.4956665039062,38.757389068603516,224.0950164794922,71.60738372802734,28.410791397094727,527.5042724609375,312.8114013671875,370.2752990722656,2.290181875228882,101.78153228759766,8.024556159973145,22.646190643310547,85.8901138305664,532.06640625,90.14956665039062,168.07000732421875,267.2799987792969,68.13658142089844,529.7047729492188,86.6700210571289,108.6953125
2025-04-04,187.56253051757812,282.2418212890625,85.76000213623047,171.0,33.82364273071289,810.4962158203125,912.7299194335938,61.32067108154297,82.6163330078125,439.01641845703125,9.111899375915527,105.06547546386719,557.7449951171875,35.75587844848633,207.32411193847656,68.4272232055664,25.467330932617188,486.9584045410156,294.96282958984375,357.1061096191406,2.153745651245117,94.29288482666016,7.705122470855713,21.41551971435547,79.89552307128906,500.9176330566406,91.52648162841797,158.6300048828125,239.42999267578125,65.27169036865234,514.6204223632812,82.6275405883789,100.87403869628906
2025-04-07,180.6725616455078,281.9051818847656,83.63999938964844,175.25999450683594,34.99404525756836,805.45166015625,904.4140625,61.50368881225586,82.38885498046875,431.46575927734375,8.78851318359375,103.3707046508789,552.4906616210938,33.91999816894531,211.42564392089844,66.90074920654297,25.555927276611328,482.7327575683594,294.74664306640625,355.14117431640625,2.290181875228882,97.62227630615234,7.734161853790283,21.098527908325195,77.85189819335938,500.025390625,90.24519348144531,160.33999633789062,233.2899932861328,63.0712776184082,514.2774658203125,83.26321411132812,99.52054595947266
2025-04-08,171.67178344726562,278.608154296875,78.20999908447266,170.66000366210938,34.453102111816406,803.6978759765625,905.031494140625,65.14478302001953,80.82613372802734,425.6841735839844,8.265386581420898,101.08816528320312,540.4027099609375,33.02000045776367,213.82147216796875,66.94967651367188,24.364763259887695,477.1649475097656,294.6876525878906,351.8662414550781,2.2317090034484863,96.28252410888672,7.6083245277404785,20.36199188232422,77.55022430419922,492.1936340332031,84.87140655517578,159.32000732421875,221.86000061035156,63.0712776184082,542.09375,81.23699188232422,97.4226303100586
2025-04-09,197.98709106445312,296.9747314453125,96.83999633789062,191.10000610351562,36.53818893432617,883.8588256835938,961.2405395507812,67.60108184814453,90.43981170654297,451.0144958496094,9.035808563232422,103.10620880126953,592.4594116210938,35.07500076293945,231.0458984375,68.44678497314453,28.105613708496094,513.2838745117188,298.746826171875,387.52325439453125,2.299927234649658,114.30924987792969,8.218151092529297,20.968002319335938,86.29883575439453,543.8834838867188,93.41018676757812,174.13999938964844,272.20001220703125,64.72703552246094,567.0087280273438,88.99419403076172,102.2855453491211
2025-04-10,189.5936737060547,283.8006286621094,88.69999694824219,181.22000122070312,35.25959777832031,846.1233520507812,960.3641967773438,66.435546875,84.29774475097656,447.7530822753906,8.693399429321289,99.33462524414062,574.5792846679688,35.58000183105469,223.9175262451172,69.23939514160156,25.388574600219727,497.2608642578125,301.5184631347656,378.4527282714844,2.2804362773895264,107.55047607421875,7.76320219039917,20.128910064697266,82.32838439941406,520.0510864257812,88.64835357666016,167.22000122070312,252.39999389648438,65.26080322265625,582.5929565429688,89.99737548828125,96.61053466796875
2025-04-11,197.2901153564453,282.92498779296875,93.4000015258789,184.8699951171875,35.35795211791992,865.8285522460938,959.4677734375,66.9557113647461,83.96145629882812,456.7664794921875,8.874114990234375,101.51919555664062,584.1014404296875,36.41999816894531,232.87974548339844,69.89498901367188,25.7823486328125,507.6275329589844,304.5849609375,385.498779296875,2.46560001373291,110.90986633300781,7.782560348510742,20.42725372314453,83.13609313964844,529.3302001953125,88.71528625488281,169.4199981689453,252.30999755859375,67.4394302368164,587.5621948242188,92.17256927490234,99.71390533447266
2025-04-14,201.64117431640625,288.3478698730469,94.5,182.1199951171875,36.06608963012695,876.8339233398438,975.312744140625,66.6570816040039,83.73397827148438,470.3063049316406,9.235547065734863,104.33074188232422,590.5787963867188,38.18000030517578,231.42056274414062,70.89306640625,25.162155151367188,510.3262634277344,310.6491394042969,384.8636474609375,2.41687273979187,110.68990325927734,7.937437534332275,20.623043060302734,83.19449615478516,534.4654541015625,90.50336456298828,172.0,252.35000610351562,67.79890441894531,575.3987426757812,94.08951568603516,99.95559692382812
2025-04-15,201.2628173828125,287.2235107421875,95.29000091552734,179.58999633789062,37.364356994628906,875.34619140625,972.9225463867188,66.38738250732422,84.08014678955078,463.0817565917969,8.988250732421875,103.52745056152344,591.106201171875,37.439998626708984,229.8529052734375,70.31575012207031,25.408262252807617,515.2257690429688,307.1207275390625,382.7994689941406,2.338909149169922,112.17963409423828,7.937437534332275,20.92138671875,81.46228790283203,532.9684448242188,88.04595947265625,174.24000549316406,254.11000061035156,67.70086669921875,571.9976806640625,93.33465576171875,99.67522430419922
2025-04-16,193.42697143554688,283.82049560546875,88.29000091552734,174.3300018310547,36.71522521972656,853.0201416015625,963.7901000976562,66.0309829711914,81.8646469116211,456.84552001953125,8.940694808959961,102.74373626708984,585.1362915039062,35.33000183105469,226.38238525390625,70.13961791992188,24.47304916381836,511.29217529296875,303.7986755371094,368.7867126464844,2.3778910636901855,104.47103881835938,7.830959796905518,20.548458099365234,78.59149932861328,521.1217041015625,86.4969253540039,175.10000610351562,241.5500030517578,68.15838623046875,573.4188842773438,90.57344818115234,100.7290267944336
2025-04-17,196.12521362304688,280.9449157714844,87.5,172.61000061035156,36.793907165527344,862.8727416992188,990.4306640625,64.81727600097656,83.88233184814453,461.28302001953125,9.159456253051758,102.4106674194336,582.4497680664062,34.720001220703125,228.69937133789062,71.4312515258789,24.354917526245117,515.176025390625,305.9609375,364.9858093261719,2.4461090564727783,101.4715805053711,7.76320219039917,20.641687393188477,79.3116226196289,521.8651733398438,89.03083801269531,176.3800048828125,241.3699951171875,69.54180145263672,445.0896301269531,92.5897216796875,103.36833190917969
2025-04-21,192.32177734375,277.8404235839844,85.55999755859375,167.32000732421875,36.311973571777344,841.4136962890625,953.8509521484375,62.77518081665039,83.08119201660156,462.79510498046875,9.007274627685547,102.20494842529297,565.9926147460938,34.060001373291016,225.7711181640625,71.20619201660156,23.665813446044922,507.1993408203125,303.4251708984375,356.3916015625,2.387636423110962,96.89241790771484,7.559925556182861,20.548458099365234,78.51364135742188,509.443359375,89.67147827148438,174.52000427246094,227.5,69.35662078857422,416.88128662109375,91.78520202636719,101.85047912597656
2025-04-22,198.8732452392578,282.546875,86.26000213623047,173.17999267578125,37.68891906738281,874.1441040039062,975.2230834960938,63.69484329223633,85.14833068847656,480.4562072753906,9.178478240966797,103.36091613769531,580.638916015625,33.66999816894531,232.27833557128906,72.3119125366211,24.364763259887695,525.1343383789062,313.60748291015625,364.0331115722656,2.3973820209503174,98.87205505371094,7.830959796905518,21.00529670715332,79.5549087524414,522.697998046875,89.97745513916016,178.6999969482422,237.97000122070312,71.27381896972656,418.69451904296875,94.20869445800781,104.70250701904297
2025-04-23,203.71214294433594,286.7259826660156,90.38999938964844,180.60000610351562,38.111839294433594,879.3857421875,971.8470458984375,63.81162643432617,86.335205078125,480.1992492675781,9.30212688446045,104.21318817138672,593.0663452148438,33.560001373291016,237.49398803710938,71.72480010986328,25.122777938842773,527.8031616210938,313.017822265625,371.54559326171875,2.436363697052002,102.69136047363281,8.043916702270508,20.87476921081543,80.5864486694336,530.79736328125,88.11288452148438,181.42999267578125,250.74000549316406,69.95573425292969,419.45904541015625,94.31795501708984,103.80338287353516
2025-04-24,207.4657745361328,289.9598083496094,94.47000122070312,186.5399932861328,38.92816925048828,902.756103515625,971.4884643554688,64.15223693847656,89.02545928955078,482.2648010253906,9.568446159362793,103.98787689208984,611.7523193359375,32.470001220703125,241.20111083984375,70.96156311035156,26.04814338684082,533.2305297851562,310.7965393066406,384.3575134277344,2.46560001373291,106.41067504882812,8.198792457580566,21.238378524780273,81.60824584960938,541.9701538085938,91.13444519042969,186.61000061035156,259.510009765625,69.37841796875,415.82275390625,95.19200134277344,105.02153778076172
2025-04-25,208.371826171875,291.9299621582031,96.6500015258789,188.99000549316406,39.036354064941406,894.3125,973.1615600585938,63.568328857421875,89.2925033569336,481.87933349609375,9.549422264099121,101.06856536865234,620.995849609375,32.529998779296875,240.12644958496094,70.36468505859375,26.077678680419922,531.2587280273438,311.3076171875,388.87298583984375,2.4948363304138184,110.98986053466797,8.198792457580566,21.3689022064209,81.55960083007812,545.885986328125,92.34880828857422,188.2100067138672,284.95001220703125,68.21284484863281,410.32421875,94.44706726074219,104.9635238647461
2025-04-28,209.2281036376953,291.7906494140625,96.38999938964844,187.6999969482422,39.124874114990234,900.2732543945312,974.535888671875,63.188785552978516,89.17382049560547,484.9035949707031,9.530401229858398,104.17399597167969,615.1353149414062,32.70000076293945,239.80108642578125,70.24726104736328,26.23518943786621,532.2644653320312,311.37646484375,388.1882019042969,2.4753453731536865,108.71026611328125,8.266551971435547,21.49010467529297,81.64718627929688,546.0941772460938,92.14801788330078,193.1300048828125,285.8800048828125,68.82286071777344,411.6571960449219,94.5761947631836,105.02153778076172
2025-04-29,210.29345703125,296.98468017578125,96.05999755859375,187.38999938964844,39.3314208984375,906.9534301757812,987.6421508789062,63.28610610961914,90.17276000976562,487.6609802246094,9.654047966003418,102.08738708496094,620.0307006835938,32.880001068115234,241.181396484375,70.79521179199219,26.835695266723633,537.4329223632812,309.1060791015625,391.04632568359375,2.504581928253174,109.00021362304688,8.314949989318848,22.18002700805664,82.57167053222656,549.5341796875,92.66436004638672,195.38999938964844,292.0299987792969,68.77928924560547,401.10113525390625,95.39066314697266,104.76050567626953
2025-04-30,211.57785034179688,297.6612854003906,97.3499984741211,184.4199981689453,39.22323226928711,900.78564453125,990.4306640625,64.92105102539062,89.95516967773438,484.63677978515625,9.520889282226562,104.36993408203125,624.3290405273438,32.619998931884766,241.181396484375,70.99092102050781,27.524797439575195,545.7780151367188,314.167724609375,392.2570495605469,2.4948363304138184,108.90023040771484,8.402068138122559,22.75806999206543,77.90055847167969,549.7523803710938,92.46353912353516,191.22000122070312,282.1600036621094,69.22590637207031,403.2672119140625,96.59247589111328,102.1211929321289
2025-05-01,212.39430236816406,299.034423828125,96.6500015258789,190.1999969482422,39.50844955444336,902.637939453125,994.9520874023438,67.58757019042969,89.81670379638672,475.76177978515625,9.68258285522461,101.14694213867188,620.0704956054688,32.849998474121094,243.4194793701172,69.75799560546875,28.135149002075195,544.35400390625,308.2608337402344,422.16802978515625,2.485090970993042,111.5897445678711,8.469825744628906,22.3105525970459,79.80792236328125,553.6483764648438,91.76553344726562,190.5800018310547,280.5199890136719,68.61589050292969,392.720947265625,96.75139617919922,102.2662124633789
2025-05-02,204.45889282226562,303.8105163574219,98.80000305175781,189.97999572753906,40.39363098144531,915.5054321289062,1005.4824829101562,65.65093994140625,91.47832489013672,478.944091796875,9.77769660949707,101.56818389892578,628.5179443359375,34.470001220703125,248.96047973632812,70.11026000976562,29.385379791259766,557.0608520507812,306.609619140625,431.97296142578125,2.533818244934082,114.4792251586914,8.750540733337402,22.562280654907227,82.41596984863281,561.8668212890625,93.10420227050781,192.24000549316406,287.2099914550781,69.17144012451172,391.97607421875,98.08233642578125,102.68192291259766
2025-05-05,198.02691650390625,306.1786804199219,100.58999633789062,186.35000610351562,40.442806243896484,906.9632568359375,1012.0541381835938,65.30059814453125,91.10248565673828,472.2532653808594,9.673070907592773,100.71590423583984,629.0154418945312,34.060001373291016,249.00979614257812,70.15918731689453,29.611799240112305,558.7836303710938,310.30511474609375,432.8562316894531,2.5922911167144775,113.79934692382812,8.731182098388672,22.254613876342773,79.46733093261719,558.6448974609375,89.90096282958984,192.47999572753906,280.260009765625,69.13876342773438,396.7689208984375,98.65841674804688,99.83958435058594
2025-05-06,197.64854431152344,302.28814697265625,98.62000274658203,185.00999450683594,40.16741943359375,901.4851684570312,1007.6763305664062,64.45392608642578,91.16182708740234,473.88397216796875,9.929878234863281,95.88631439208984,623.4136962890625,34.060001373291016,245.74630737304688,70.17875671386719,29.37553596496582,556.6625366210938,311.35675048828125,430.0179443359375,2.582545518875122,113.51940155029297,8.760221481323242,21.331607818603516,80.5572509765625,553.9755249023438,89.54718017578125,192.42999267578125,275.3500061035156,69.60716247558594,386.67352294921875,97.8836898803711,101.23175048828125
2025-05-07,195.3983612060547,304.5667419433594,100.36000061035156,188.7100067138672,40.25593948364258,906.795654296875,1004.3357543945312,64.98917388916016,100.97332000732422,471.1068115234375,9.77769660949707,96.88554382324219,637.9306640625,33.81999969482422,245.88433837890625,70.8441390991211,29.808687210083008,563.9719848632812,312.673828125,430.05767822265625,2.5435636043548584,117.03875732421875,8.663423538208008,21.247703552246094,80.4891357421875,556.3052978515625,91.30655670166016,188.89999389648438,276.2200012207031,69.8359146118164,383.2920227050781,98.16178894042969,101.13507080078125
2025-05-08,196.63299560546875,307.3428649902344,101.69999694824219,192.0800018310547,40.91490173339844,914.9537353515625,1004.8942260742188,66.03047943115234,103.97017669677734,471.24517822265625,9.77769660949707,96.1606216430664,652.7958374023438,34.119998931884766,249.90699768066406,69.64057159423828,30.58639144897461,564.7586669921875,308.1133728027344,434.8410339355469,2.504581928253174,117.34870910644531,9.10869312286377,21.41551971435547,79.98310089111328,560.1815185546875,92.68347930908203,187.9199981689453,284.82000732421875,68.16927337646484,377.8914794921875,96.77125549316406,102.54656982421875
2025-05-09,197.66848754882812,306.36773681640625,102.83999633789062,193.05999755859375,41.10177230834961,909.830322265625,1005.2731323242188,65.17407989501953,104.78121185302734,473.3008728027344,9.920368194580078,94.93608856201172,650.60693359375,33.86000061035156,249.52247619628906,69.00454711914062,30.694679260253906,566.2723999023438,308.30010986328125,435.3967590332031,2.533818244934082,116.62882995605469,8.982855796813965,21.168489456176758,78.14385223388672,559.4677734375,92.17669677734375,187.52999877929688,298.260009765625,68.08212280273438,373.07904052734375,96.29833221435547,103.7453842163086
2025-05-12,210.15048217773438,320.48712158203125,108.12000274658203,208.63999938964844,42.64591979980469,943.9105224609375,1013.3106079101562,63.07200241088867,109.28144073486328,476.47332763671875,10.180920600891113,101.70532989501953,658.9846801757812,36.04999923706055,256.3945007324219,68.03582000732422,30.78327751159668,575.8622436523438,306.5703125,445.8467712402344,2.51432728767395,122.9776840209961,9.15709400177002,21.938079833984375,83.3696517944336,577.9567260742188,96.65167236328125,192.32000732421875,318.3800048828125,66.92745208740234,371.2265625,96.32820129394531,105.53392791748047
2025-05-13,212.2840118408203,320.9249572753906,112.45999908447266,211.3699951171875,43.55076599121094,945.0435791015625,996.2384643554688,58.87758255004883,110.16169738769531,478.7365417480469,10.229171752929688,99.364013671875,653.5122680664062,37.25,259.3128967285156,67.47806549072266,30.802967071533203,574.189208984375,303.3957214355469,445.72772216796875,2.5728001594543457,129.9064178466797,9.253890991210938,21.729055404663086,84.54716491699219,581.7734985351562,94.74884796142578,193.97000122070312,334.07000732421875,66.19760131835938,305.19476318359375,95.46198272705078,105.82395935058594
2025-05-14,211.68582153320312,318.81549072265625,117.72000122070312,210.25,44.003196716308594,952.8074951171875,988.7693481445312,58.4299201965332,111.70464324951172,477.5802307128906,10.277421951293945,96.37613677978516,649.5621337890625,35.72999954223633,261.90594482421875,67.67377471923828,30.891565322875977,570.89306640625,302.2261047363281,449.49884033203125,2.602036476135254,135.3154296875,9.099014282226562,20.921463012695312,84.21629333496094,582.5170288085938,92.1279525756836,187.0,347.67999267578125,66.0124282836914,301.8917541503906,96.40784454345703,104.87651824951172
2025-05-15,210.8084716796875,321.6015625,114.98999786376953,205.1699981689453,43.64912414550781,968.5913696289062,1007.6464233398438,58.848388671875,110.99252319335938,480.2288818359375,10.373923301696777,98.29621124267578,657.9996337890625,34.349998474121094,263.7298889160156,70.07112121582031,31.354248046875,579.7758178710938,309.0863952636719,450.5129089355469,2.650763750076294,134.80552673339844,9.234530448913574,21.47252655029297,84.91696166992188,585.3622436523438,93.87843322753906,183.4499969482422,342.82000732421875,67.36317443847656,268.90032958984375,95.929931640625,105.94001770019531
2025-05-16,210.6190643310547,316.1090393066406,117.16999816894531,205.58999633789062,43.954017639160156,975.1236572265625,1022.9635009765625,60.853145599365234,112.17938995361328,489.26202392578125,10.422175407409668,100.41222381591797,666.9248046875,33.54999923706055,263.7989196777344,70.4527359008789,32.16148376464844,580.8513793945312,313.14556884765625,451.6463623046875,2.6897454261779785,135.37542724609375,9.13773250579834,21.691051483154297,83.85856628417969,589.0699462890625,95.33879089355469,183.19000244140625,349.9800109863281,67.8355484008789,286.11151123046875,97.81169128417969,105.55950164794922
2025-05-19,208.14659118652344,317.80059814453125,114.73999786376953,206.16000366210938,44.03269958496094,979.0154418945312,1031.44970703125,61.096439361572266,111.4277114868164,491.7031555175781,10.373923301696777,103.99767303466797,667.5018920898438,33.689998626708984,261.1565856933594,70.38424682617188,32.082733154296875,583.9683227539062,315.72064208984375,456.2197570800781,2.6605091094970703,135.54539489746094,9.020707130432129,21.852569580078125,82.91776275634766,589.7142944335938,94.76818084716797,185.32000732421875,342.0899963378906,68.60453796386719,309.6152038574219,97.69222259521484,103.88131713867188
2025-05-20,206.232421875,318.5866394042969,113.51000213623047,204.07000732421875,43.954017639160156,983.0057983398438,1033.9228515625,62.030696868896484,111.13098907470703,487.3052062988281,10.34497356414795,106.88758850097656,667.8003540039062,33.95000076293945,261.94537353515625,70.14940643310547,31.99413299560547,578.6903686523438,314.31512451171875,455.5238342285156,2.650763750076294,134.35562133789062,8.991451263427734,22.346630096435547,83.87815856933594,587.7315673828125,94.89391326904297,186.36000061035156,343.82000732421875,69.5273208618164,315.192138671875,97.37362670898438,102.39826965332031
2025-05-21,201.4768829345703,316.1388854980469,112.05999755859375,201.1199951171875,42.5377311706543,958.4924926757812,1022.43505859375,60.44441223144531,109.25176239013672,474.87225341796875,10.113369941711426,105.52589416503906,656.6763305664062,33.650001525878906,257.37060546875,70.30596160888672,31.26565170288086,567.1685791015625,311.0127868652344,449.9561462402344,2.602036476135254,131.7760772705078,8.87442684173584,21.89057731628418,81.32035827636719,577.827880859375,89.9519271850586,184.47000122070312,334.6199951171875,69.71408081054688,296.961669921875,96.00959014892578,101.1396484375
2025-05-22,200.7490997314453,314.8752136230469,110.70999908447266,203.10000610351562,42.596744537353516,955.6056518554688,1015.2850952148438,58.6050910949707,109.91443634033203,476.6216125488281,10.074769020080566,104.56585693359375,662.7359008789062,33.689998626708984,257.00579833984375,69.61121368408203,30.72420883178711,567.76611328125,308.9192810058594,452.2329406738281,2.533818244934082,132.80589294433594,9.71310806274414,21.89057731628418,82.29056549072266,578.0558471679688,91.93451690673828,182.82000732421875,341.0400085449219,69.5492935180664,290.7770080566406,95.51176452636719,100.46642303466797
2025-05-23,194.67758178710938,308.03936767578125,110.30999755859375,200.99000549316406,42.488555908203125,948.9846801757812,1005.6820068359375,59.198734283447266,108.51986694335938,474.8129577636719,9.997568130493164,105.18302154541016,716.5252685546875,33.349998474121094,257.04522705078125,70.22767639160156,30.468259811401367,561.2333984375,309.17486572265625,447.5799560546875,2.602036476135254,131.26617431640625,9.771621704101562,22.156604766845703,82.71195983886719,574.1102294921875,91.1898422241211,182.3000030517578,339.3399963378906,70.06561279296875,289.6988525390625,95.91998291015625,100.52495574951172
2025-05-27,199.60260009765625,313.8602600097656,114.55999755859375,206.02000427246094,43.49175262451172,966.8572998046875,1014.9459838867188,59.6950569152832,111.13098907470703,478.8946838378906,9.949317932128906,106.86798858642578,748.1959228515625,32.540000915527344,261.56085205078125,70.23746490478516,32.151641845703125,572.1576538085938,309.54833984375,458.02923583984375,2.631272792816162,135.47540283203125,10.23972225189209,22.432138442993164,85.26976776123047,586.0463256835938,93.80106353759766,186.67999267578125,362.8900146484375,70.02166748046875,289.1401672363281,97.15457916259766,101.00304412841797
2025-05-28,199.81195068359375,314.41748046875,112.86000061035156,204.72000122070312,43.33439254760742,956.9652709960938,1010.3090209960938,60.77529525756836,110.3001708984375,477.46160888671875,9.814215660095215,106.23123168945312,750.6734619140625,31.579999923706055,259.7861633300781,69.62100982666016,32.3780632019043,573.5220336914062,307.4745178222656,454.7184753417969,2.582545518875122,134.78553771972656,10.064183235168457,22.023591995239258,84.27996063232422,582.65576171875,92.78558349609375,182.8800048828125,356.8999938964844,69.5383071899414,292.1883544921875,96.81605529785156,99.62732696533203
2025-05-29,199.3433837890625,316.1488342285156,113.02999877929688,205.6999969482422,43.51142883300781,961.9309692382812,1005.9212646484375,61.096439361572266,110.7947006225586,468.9720458984375,9.862465858459473,108.84684753417969,753.4295654296875,32.939998626708984,260.6537780761719,69.95369720458984,33.185298919677734,575.3743286132812,306.5113220214844,456.0308837890625,2.4948363304138184,139.1647491455078,9.986166954040527,22.280122756958008,82.36896514892578,584.9557495117188,91.75077056884766,186.11000061035156,358.42999267578125,69.83491516113281,292.2471923828125,96.67666625976562,100.19322967529297
2025-05-30,200.24066162109375,315.2433776855469,110.7300033569336,205.00999450683594,43.40324020385742,965.4483642578125,1037.2735595703125,62.32265090942383,111.80354309082031,468.2802734375,10.016868591308594,107.83782958984375,749.6983642578125,32.40999984741211,260.2889709472656,70.55059051513672,32.860435485839844,583.1616821289062,308.4671936035156,457.7011413574219,2.582545518875122,135.10548400878906,10.044679641723633,22.318126678466797,82.27096557617188,584.3014526367188,90.91905212402344,190.57000732421875,346.4599914550781,70.13152313232422,295.91290283203125,98.28960418701172,99.81270599365234
2025-06-02,201.08807373046875,312.9050598144531,114.62999725341797,206.64999389648438,43.354061126708984,963.6552124023438,1053.8968505859375,61.89445114135742,111.71452331542969,460.5516662597656,9.630861282348633,106.69165802001953,761.1607055664062,32.86000061035156,260.939697265625,70.4527359008789,32.594635009765625,578.7999877929688,309.06024169921875,459.3018798828125,2.6410183906555176,137.35507202148438,10.015423774719238,22.289621353149414,83.48616790771484,587.5928344726562,90.2517318725586,189.13999938964844,342.69000244140625,69.65914916992188,298.6670837402344,99.33502197265625,100.54447937011719
2025-06-03,202.6533203125,311.3428649902344,117.30999755859375,205.7100067138672,43.9146728515625,967.6553955078125,1052.6402587890625,61.88471984863281,112.357421875,459.0988464355469,9.833515167236328,107.10310363769531,760.832275390625,32.40999984741211,262.5270690917969,69.63079833984375,32.09257125854492,579.5467529296875,308.77362060546875,460.29608154296875,2.6215274333953857,141.19436645507812,9.947157859802246,22.18511199951172,84.86795806884766,590.9436645507812,92.63084411621094,191.39999389648438,344.2699890136719,68.8901596069336,295.2366027832031,99.54411315917969,101.2762451171875
2025-06-04,202.20468139648438,314.825439453125,118.58000183105469,207.22999572753906,43.62944793701172,974.39453125,1048.7513427734375,61.865257263183594,112.24862670898438,460.4627380371094,9.881765365600586,106.7994155883789,762.9715576171875,33.33000183105469,260.5058898925781,69.8362808227539,31.76771354675293,581.6978759765625,307.9631042480469,461.19085693359375,2.7092363834381104,141.8942413330078,9.869141578674316,22.223114013671875,86.34777069091797,590.7849731445312,90.85134887695312,187.9600067138672,332.04998779296875,69.29662322998047,294.4132995605469,98.91685485839844,99.81270599365234
2025-06-05,200.02133178710938,313.810546875,115.69000244140625,207.91000366210938,43.64912414550781,976.078369140625,1007.9854736328125,61.38840103149414,111.29912567138672,454.6514892578125,9.746664047241211,108.2100830078125,762.8024291992188,33.09000015258789,258.2677917480469,69.38616180419922,31.954755783081055,583.00244140625,305.403076171875,464.9788513183594,2.6897454261779785,139.964599609375,10.064183235168457,21.966585159301758,85.25016784667969,587.9298095703125,90.44515228271484,184.39999389648438,284.70001220703125,69.28564453125,289.9634704589844,97.53292083740234,99.35413360595703
2025-06-06,203.30133056640625,316.0692138671875,116.19000244140625,213.57000732421875,44.49005126953125,979.6342163085938,1012.10400390625,61.8749885559082,112.65414428710938,462.73583984375,9.901066780090332,110.16934967041016,767.7177124023438,33.119998931884766,261.99468994140625,69.81670379638672,32.95887756347656,587.6629028320312,303.80181884765625,467.66326904296875,2.680000066757202,141.69427490234375,10.2689790725708,22.18511199951172,87.84716033935547,593.96728515625,94.1202163696289,185.13999938964844,295.1400146484375,69.23070526123047,297.1968994140625,97.04505920410156,101.73480224609375
2025-06-09,200.83883666992188,315.0443420410156,121.7300033569336,216.97999572753906,44.39111328125,979.4262084960938,1003.368408203125,62.14748001098633,114.39488983154297,462.4789123535156,9.97826862335205,110.69834899902344,760.5537719726562,33.939998626708984,262.9904479980469,70.22767639160156,33.04747772216797,581.89697265625,301.251708984375,470.0196228027344,2.6410183906555176,142.6041259765625,10.2689790725708,22.774179458618164,88.85655975341797,594.5026245117188,94.14923095703125,183.94000244140625,308.5799865722656,68.9341049194336,297.1675109863281,97.02513885498047,102.41779327392578
2025-06-10,202.05511474609375,319.3229675292969,123.23999786376953,217.61000061035156,44.608768463134766,982.45703125,1004.4553833007812,62.53675842285156,117.43131256103516,450.16455078125,10.229171752929688,107.84761810302734,758.2850952148438,33.790000915527344,264.8243103027344,70.79521179199219,33.82518005371094,587.0852661132812,296.9520568847656,468.2001953125,2.670254707336426,143.9338836669922,10.22996997833252,23.08771514892578,89.60135650634766,597.873291015625,97.456787109375,185.25,326.0899963378906,69.35154724121094,297.75555419921875,96.89571380615234,104.61308288574219
2025-06-11,198.17694091796875,317.63140869140625,121.13999938964844,213.1999969482422,44.25260925292969,983.84375,993.9947509765625,63.957603454589844,118.2126693725586,441.6749572753906,10.287073135375977,107.07372283935547,760.921875,33.72999954223633,264.3806457519531,70.52122497558594,32.968727111816406,588.2803344726562,298.22711181640625,469.8903503417969,2.680000066757202,142.81399536132812,10.190960884094238,23.25873565673828,93.4821548461914,596.1681518554688,94.88423919677734,182.61000061035156,326.42999267578125,69.14282989501953,304.3910827636719,95.38233947753906,106.65225982666016
2025-06-12,198.5956573486328,316.5468444824219,118.5,213.24000549316406,44.14378356933594,978.841796875,999.908203125,64.57070922851562,117.3126220703125,445.72705078125,10.16162109375,109.7677001953125,762.3746337890625,33.61000061035156,264.4693603515625,70.68757629394531,32.0728874206543,586.826416015625,299.6504821777344,476.1042785644531,2.7200000286102295,144.98374938964844,10.22996997833252,23.60077667236328,92.43355560302734,598.5374755859375,96.02544403076172,181.99000549316406,319.1099853515625,69.92279815673828,312.1733703613281,94.41656494140625,107.06206512451172
2025-06-13,195.85398864746094,310.1587829589844,116.16000366210938,212.10000610351562,43.619441986083984,962.5682373046875,987.443115234375,65.65093994140625,116.64995574951172,448.5943298339844,10.065120697021484,108.50486755371094,750.2057495117188,32.7599983215332,261.2256164550781,69.9878921508789,31.236116409301758,559.6898193359375,298.4149475097656,472.2168273925781,2.8399999141693115,141.95408630371094,10.025176048278809,23.315744400024414,91.39476776123047,591.8457641601562,92.23432922363281,178.75,325.30999755859375,68.8462142944336,307.3020935058594,94.02826690673828,109.39395141601562
2025-06-16,197.8180389404297,312.7657470703125,126.38999938964844,216.10000610351562,43.9360237121582,972.7503662109375,981.6094360351562,65.89423370361328,118.17311096191406,450.8762512207031,10.248472213745117,109.34346771240234,764.2352294921875,33.47999954223633,266.5595397949219,69.49516296386719,31.698801040649414,566.3021850585938,292.8600158691406,476.3727111816406,2.7699999809265137,144.6737823486328,10.2689790725708,23.182727813720703,91.61035919189453,597.4766845703125,94.1685791015625,177.6699981689453,329.1300048828125,68.96705627441406,303.6893310546875,93.87891387939453,109.74520111083984
2025-06-17,195.0464630126953,310.4772033691406,127.0999984741211,214.82000732421875,43.7579460144043,959.9533081054688,974.9879150390625,65.29085540771484,116.8378677368164,455.1722106933594,10.055468559265137,106.55142211914062,761.0711669921875,33.16999816894531,265.7313537597656,68.6082534790039,30.950632095336914,567.0789794921875,288.9260559082031,475.279052734375,2.859999895095825,144.1038360595703,10.034927368164062,22.802682876586914,89.7581558227539,592.3711547851562,91.89582824707031,173.9499969482422,316.3500061035156,68.34088134765625,304.8836975097656,93.83909606933594,111.22823333740234
2025-06-18,195.9835968017578,304.8553161621094,126.79000091552734,212.52000427246094,44.5790901184082,970.1948852539062,972.1758422851562,65.04756164550781,116.57083129882812,443.2566223144531,10.065120697021484,106.55142211914062,751.0515747070312,32.5,270.1089782714844,68.20420837402344,30.851621627807617,536.4868774414062,286.277099609375,477.4663391113281,2.8499999046325684,145.46368408203125,10.13244915008545,22.688669204711914,90.43435668945312,592.281982421875,91.9925537109375,175.58999633789062,322.04998779296875,68.22004699707031,303.2352600097656,94.67543029785156,110.43793487548828
2025-06-20,200.39019775390625,283.9498596191406,128.24000549316406,209.69000244140625,45.0143928527832,965.1632690429688,977.55078125,64.78480529785156,116.34333801269531,443.76263427734375,10.219521522521973,107.04471588134766,757.3299560546875,31.440000534057617,271.13433837890625,67.8395767211914,31.079345703125,530.7507934570312,284.1322021484375,474.6427307128906,2.75,143.83387756347656,9.986166954040527,22.774179458618164,91.25756072998047,590.8909301757812,92.39874267578125,172.39999389648438,322.1600036621094,67.3082504272461,298.11224365234375,95.7009506225586,111.91121673583984
2025-06-23,200.888671875,293.5319519042969,129.5800018310547,208.47000122070312,45.80585479736328,976.9103393554688,1001.6732177734375,65.01836395263672,116.46202850341797,454.0113830566406,10.373923301696777,104.76570129394531,758.73291015625,31.59000015258789,274.3583679199219,68.72650146484375,31.564495086669922,540.091796875,286.1683654785156,483.1930847167969,2.7699999809265137,144.15383911132812,10.054431915283203,22.831186294555664,90.4931640625,596.7274780273438,93.35619354248047,170.8800048828125,348.67999267578125,68.49468994140625,296.7994079589844,97.44331359863281,109.02317810058594
2025-06-24,199.6923065185547,299.2234802246094,138.42999267578125,212.77000427246094,46.16201400756836,995.402587890625,999.120361328125,65.76771545410156,117.85262298583984,456.3528137207031,10.354623794555664,105.76214599609375,755.2305908203125,32.58000183105469,277.3063659667969,69.18966674804688,31.544694900512695,555.2086791992188,288.0957946777344,487.279296875,2.640000104904175,147.88340759277344,10.22996997833252,23.097217559814453,89.66996002197266,603.3196411132812,94.32331085205078,171.5800018310547,340.4700012207031,68.48369598388672,301.6756591796875,97.57274627685547,105.70584869384766
2025-06-25,200.94850158691406,293.1339416503906,143.39999389648438,211.99000549316406,46.34998321533203,1008.3878173828125,983.7833251953125,64.59017944335938,118.61744689941406,449.5666198730469,10.113369941711426,104.50918579101562,754.06640625,32.939998626708984,280.0670166015625,68.61810302734375,31.02984046936035,547.4111938476562,282.2442932128906,489.4268798828125,2.7200000286102295,154.29270935058594,10.31773853302002,23.049713134765625,89.27796173095703,603.65771484375,93.52059936523438,169.14999389648438,327.54998779296875,67.3302230834961,298.1221008300781,96.83597564697266,105.7351303100586
2025-06-26,200.39019775390625,294.6065673828125,143.67999267578125,217.1199951171875,46.95347595214844,1020.9768676757812,980.1634521484375,66.31269836425781,120.64373779296875,451.1441345214844,10.258123397827148,106.17652130126953,768.9912719726562,33.2599983215332,284.6910705566406,68.4604263305664,31.208059310913086,543.5374145507812,282.3233947753906,494.57696533203125,2.690000057220459,155.00262451171875,10.668815612792969,23.030710220336914,90.00315856933594,608.380615234375,94.39100646972656,170.6300048828125,325.7799987792969,66.66010284423828,298.7143859863281,95.60137176513672,107.31573486328125
2025-06-27,200.46995544433594,293.9896545410156,143.80999755859375,223.3000030517578,46.617103576660156,1037.8447265625,982.38720703125,66.65331268310547,121.517822265625,442.879638671875,10.422175407409668,109.18560791015625,772.6826782226562,33.06999969482422,283.0741271972656,69.30792236328125,31.841724395751953,548.0286254882812,288.1748352050781,493.07568359375,2.700000047683716,157.73231506347656,10.610302925109863,22.983203887939453,90.26775360107422,611.4032592773438,95.96742248535156,175.74000549316406,323.6300048828125,66.92375946044922,305.12060546875,96.8459243774414,106.72056579589844
2025-06-30,204.54754638671875,297.402587890625,141.89999389648438,219.38999938964844,46.81496810913086,1039.2611083984375,987.173828125,67.13018035888672,123.17660522460938,447.0565185546875,10.470425605773926,109.3829345703125,783.6873779296875,32.63999938964844,285.83477783203125,69.72181701660156,32.11894989013672,559.6001586914062,288.7877197265625,494.5372009277344,2.630000114440918,157.97230529785156,10.639558792114258,23.030710220336914,89.79735565185547,614.3265380859375,95.406494140625,172.25999450683594,317.6600036621094,67.19839477539062,307.9436950683594,97.35370635986328,105.17898559570312
2025-07-01,207.18951416015625,301.114013671875,136.11000061035156,220.4600067138672,47.636112213134766,1044.2332763671875,983.2049560546875,67.7140884399414,122.66009521484375,453.9320068359375,10.952935218811035,110.23139190673828,775.70751953125,32.70000076293945,286.3277282714844,70.62845611572266,33.07935333251953,562.2590942382812,294.0461120605469,489.2081298828125,2.609999895095825,153.2828369140625,10.941874504089355,23.790800094604492,93.02155303955078,614.127685546875,100.43550872802734,171.5399932861328,300.7099914550781,67.53894805908203,321.9308166503906,97.81169128417969,106.58396911621094
2025-07-02,211.79550170898438,300.7856750488281,138.52000427246094,219.9199981689453,48.19013214111328,1060.3780517578125,979.614990234375,64.81399536132812,122.15352630615234,450.3702392578125,11.358241081237793,110.01434326171875,769.8271484375,32.470001220703125,287.8953857421875,69.87950134277344,33.65361404418945,559.1820068359375,291.2192077636719,488.2536926269531,2.680000066757202,157.2323760986328,10.932122230529785,24.05683135986328,92.29635620117188,616.9116821289062,101.98291015625,172.00999450683594,315.6499938964844,67.44007110595703,303.5906066894531,97.18444061279297,108.34996032714844
2025-07-03,212.90213012695312,303.2632751464844,137.91000366210938,223.41000366210938,48.40778350830078,1071.847900390625,984.2620239257812,65.62174987792969,123.16666412353516,448.62408447265625,11.396842002868652,110.2511215209961,776.7323608398438,32.06999969482422,293.2451171875,70.31310272216797,33.74272537231445,566.8698120117188,290.675537109375,495.95892333984375,2.7100000381469727,159.3221435546875,11.195428848266602,24.11383628845215,92.5511703491211,621.7738037109375,100.63861083984375,174.88999938964844,315.3500061035156,67.41809844970703,304.5678405761719,97.9311752319336,109.47200012207031
2025-07-07,209.3130340576172,299.04437255859375,134.8000030517578,223.47000122070312,48.140663146972656,1065.7266845703125,989.4075927734375,64.89186096191406,122.33231353759766,449.6559143066406,11.184537887573242,110.28072357177734,779.6874389648438,32.02000045776367,289.25262451171875,69.9780502319336,33.47539520263672,562.7669677734375,290.1319274902344,494.84539794921875,2.740000009536743,158.22227478027344,10.893115043640137,23.980819702148438,91.76716613769531,617.140380859375,98.25949096679688,167.86000061035156,293.94000244140625,67.46204376220703,299.790283203125,98.91685485839844,108.40850067138672
2025-07-08,209.3728485107422,301.8204650878906,137.82000732421875,219.36000061035156,46.64678192138672,1064.7857666015625,983.0853271484375,65.14488983154297,121.0013198852539,455.81707763671875,11.271389961242676,109.57038116455078,777.5681762695312,32.70000076293945,280.1481628417969,69.21923065185547,33.643714904785156,560.09814453125,288.2934875488281,493.751708984375,2.7200000286102295,159.98207092285156,10.756584167480469,24.34186553955078,93.04116821289062,616.8023681640625,98.65601348876953,170.1999969482422,297.80999755859375,66.91276550292969,303.72882080078125,96.66670989990234,111.41361999511719
2025-07-09,210.49942016601562,295.91998291015625,138.41000366210938,222.5399932861328,46.340091705322266,1078.385009765625,979.3457641601562,64.87239837646484,119.79945373535156,459.8352355957031,11.416142463684082,111.72113800048828,765.7376708984375,31.600000381469727,280.524658203125,68.47028350830078,34.19817352294922,563.5184326171875,289.6278076171875,500.6019592285156,2.6500000953674316,162.86175537109375,10.649312019348145,24.28485679626465,93.34495544433594,620.5010986328125,99.06221008300781,170.5399932861328,295.8800048828125,66.79193115234375,299.0006408691406,96.38793182373047,111.0331039428711
2025-07-10,211.7655792236328,288.3599853515625,144.16000366210938,222.25999450683594,46.46870422363281,1093.5394287109375,967.4590454101562,63.86028289794922,120.7430648803711,466.224609375,11.493343353271484,113.00370025634766,745.1632080078125,31.219999313354492,285.5078125,68.75605773925781,36.9803581237793,561.9329223632812,294.9356994628906,498.58367919921875,2.7200000286102295,164.0816192626953,10.805344581604004,24.493881225585938,93.24696350097656,622.2510986328125,101.29624938964844,170.38999938964844,309.8699951171875,67.5279541015625,295.64453125,94.4464340209961,112.13562774658203
2025-07-11,210.51937866210938,281.05999755859375,146.4199981689453,225.02000427246094,46.23126220703125,1091.15234375,967.61865234375,63.04280471801758,119.06442260742188,460.827392578125,11.367891311645508,108.16941833496094,745.1632080078125,31.100000381469727,284.190185546875,68.8546142578125,36.76253890991211,548.6304931640625,296.4380798339844,500.4130554199219,2.740000009536743,164.90151977539062,10.737080574035645,24.3703670501709,93.04116821289062,620.0635986328125,100.81269073486328,170.25999450683594,313.510009765625,66.78093719482422,300.17529296875,93.98844146728516,112.62347412109375
2025-07-14,207.98707580566406,279.989990234375,146.24000549316406,225.69000244140625,46.56763458251953,1100.8787841796875,978.1690063476562,62.634071350097656,119.16374969482422,469.2208557128906,11.46439266204834,110.58656311035156,749.9954833984375,30.799999237060547,286.0130615234375,68.4604263305664,37.326900482177734,551.4625854492188,298.3852844238281,500.1147766113281,2.7300000190734863,164.05162048339844,11.800061225891113,24.0853328704834,91.55155944824219,621.2467651367188,101.42198181152344,172.13999938964844,316.8999938964844,66.97869110107422,296.70068359375,95.36241912841797,111.15017700195312
2025-07-15,208.4755859375,276.07000732421875,155.61000061035156,226.35000610351562,45.65745544433594,1036.200439453125,964.97607421875,62.2253303527832,118.18040466308594,461.730224609375,11.165237426757812,107.59720611572266,743.2203979492188,32.040000915527344,283.8830871582031,68.35202026367188,36.76253890991211,548.8099975585938,296.1514587402344,502.89862060546875,2.680000066757202,170.6808624267578,11.4099760055542,23.382251739501953,90.63036346435547,618.592041015625,98.84943389892578,170.02000427246094,310.7799987792969,66.19871520996094,287.9451599121094,94.97412109375,110.16474914550781
2025-07-16,209.52239990234375,279.6700134277344,160.0800018310547,223.19000244140625,45.538734436035156,1071.93701171875,948.7116088867188,62.089088439941406,119.01475524902344,461.6408996582031,10.846781730651855,108.3766098022461,747.9728393554688,31.639999389648438,283.1598815917969,68.2633285522461,37.03976821899414,553.9555053710938,295.4397888183594,502.69976806640625,2.690000057220459,171.35079956054688,11.4099760055542,23.382251739501953,90.65975952148438,620.66015625,98.00804138183594,169.8800048828125,321.6700134277344,66.2646255493164,288.715087890625,94.73516845703125,109.50127410888672
2025-07-17,209.38284301757812,282.70001220703125,160.41000366210938,223.8800048828125,46.51817321777344,1094.856689453125,951.2444458007812,61.60249710083008,121.3886947631836,465.0240783691406,10.759930610656738,107.3406982421875,752.6058349609375,32.689998626708984,287.201904296875,69.56414794921875,36.10906982421875,554.0452270507812,296.89276123046875,508.7446594238281,2.7300000190734863,172.98062133789062,11.478241920471191,23.353748321533203,91.32616424560547,624.4583740234375,100.2420883178711,170.47999572753906,319.4100036621094,65.68238830566406,284.3521728515625,94.67543029785156,108.94513702392578
2025-07-18,210.53929138183594,282.44000244140625,156.99000549316406,226.1300048828125,46.81496810913086,1093.083740234375,948.2927856445312,60.29842758178711,120.60400390625,462.2857971191406,10.769580841064453,106.76847076416016,749.8759155273438,33.91999816894531,288.55914306640625,68.83489990234375,36.14867401123047,551.103515625,293.6309509277344,507.10418701171875,2.680000066757202,172.39068603515625,11.731795310974121,23.24923324584961,91.92395782470703,624.0010375976562,100.05834197998047,168.64999389648438,329.6499938964844,65.5835189819336,279.0021057128906,94.63561248779297,105.14971160888672
2025-07-21,211.83535766601562,282.45001220703125,157.0,229.3000030517578,46.973262786865234,1082.614501953125,944.9122314453125,59.98701477050781,120.02790069580078,458.60498046875,10.914334297180176,106.82766723632812,760.8954467773438,33.400001525878906,288.2619323730469,69.05170440673828,36.495208740234375,553.0879516601562,292.31634521484375,507.1141052246094,2.680000066757202,171.36080932617188,12.151137351989746,23.049713134765625,90.8067626953125,625.1842651367188,98.36587524414062,170.02999877929688,328.489990234375,65.53958892822266,278.4986877441406,95.25289916992188,105.42291259765625
2025-07-22,213.74952697753906,286.9599914550781,154.72000122070312,227.47000122070312,47.26016616821289,1089.9141845703125,938.9788818359375,60.09031295776367,120.24642181396484,477.18768310546875,10.798530578613281,108.69231414794922,763.97412109375,33.880001068115234,288.7176513671875,68.64766693115234,36.80214309692383,557.1863403320312,295.7066650390625,502.3517761230469,2.700000047683716,167.01129150390625,12.472955703735352,23.88581085205078,95.00115966796875,625.2737426757812,103.03706359863281,169.99000549316406,332.1099853515625,66.2865982055664,281.4501037597656,95.43211364746094,105.90099334716797
2025-07-23,213.5002899169922,286.0400085449219,158.64999389648438,228.2899932861328,47.62621307373047,1109.7039794921875,938.56005859375,60.84783172607422,122.1137924194336,474.2906494140625,10.981884956359863,112.0368423461914,773.160400390625,33.93000030517578,293.998046875,68.15493774414062,37.0694694519043,560.5070190429688,294.6687927246094,502.94830322265625,2.7799999713897705,170.7608642578125,12.287666320800781,24.09483528137207,94.00155639648438,630.59326171875,103.89781188964844,193.17999267578125,332.55999755859375,66.87980651855469,288.73486328125,95.26286315917969,107.25719451904297
2025-07-24,213.11148071289062,281.7099914550781,162.1199951171875,232.22999572753906,47.8735466003418,1107.7230224609375,931.190673828125,57.798065185546875,121.13043975830078,472.5941162109375,10.866083145141602,111.68167114257812,778.3513793945312,33.470001220703125,293.78997802734375,68.09579467773438,32.93083953857422,561.9130249023438,291.0709533691406,507.92938232421875,2.7699999809265137,173.7205352783203,11.819565773010254,24.0853328704834,91.82595825195312,630.802001953125,102.34074401855469,191.66000366210938,305.29998779296875,67.05558013916016,274.9846496582031,96.17884826660156,108.0962905883789
2025-07-25,213.2311248779297,283.1499938964844,166.47000122070312,231.44000244140625,47.93290710449219,1112.5863037109375,932.865966796875,59.716468811035156,120.65367126464844,481.71185302734375,11.068735122680664,114.64143371582031,783.073974609375,33.18000030517578,295.84075927734375,68.16478729248047,32.88133239746094,566.6196899414062,295.0147399902344,510.7430725097656,2.7300000190734863,173.48056030273438,11.975598335266113,23.959688186645508,92.53155517578125,633.4667358398438,102.56318664550781,188.49000549316406,316.05999755859375,66.38546752929688,277.4326171875,97.04505920410156,107.71576690673828
2025-07-28,213.40060424804688,277.0400085449219,173.66000366210938,232.7899932861328,47.71525573730469,1107.17822265625,931.380126953125,58.673641204833984,119.56106567382812,470.5899963378906,10.885382652282715,111.51395416259766,795.8071899414062,33.220001220703125,295.50390625,67.10047912597656,32.19816207885742,566.6796264648438,295.7560729980469,509.5400085449219,2.799999952316284,176.73019409179688,11.809813499450684,23.495763778686523,91.79655456542969,633.3076782226562,102.93069458007812,187.17999267578125,325.5899963378906,65.04522705078125,278.47894287109375,97.18444061279297,108.73048400878906
2025-07-29,210.62904357910156,278.8999938964844,177.44000244140625,231.00999450683594,47.4382438659668,1110.85302734375,931.9585571289062,59.027809143066406,119.10415649414062,466.3535461425781,10.69237995147705,112.69786071777344,803.389404296875,32.220001220703125,294.27545166015625,68.3717269897461,30.792217254638672,561.7335205078125,299.1661376953125,509.609619140625,2.8299999237060547,175.49032592773438,11.283198356628418,23.486099243164062,91.10076141357422,631.63720703125,100.75466918945312,184.27000427246094,321.20001220703125,65.17706298828125,257.70062255859375,97.90130615234375,110.13546752929688
2025-07-30,208.415771484375,274.0,179.50999450683594,230.19000244140625,47.44813919067383,1104.0384521484375,924.9182739257812,61.29054260253906,118.73664093017578,471.64166259765625,10.489726066589355,113.22074890136719,804.435546875,31.75,296.8413391113281,67.75089263916016,30.40607452392578,557.5353393554688,300.09521484375,510.2757263183594,2.7899999618530273,179.2499237060547,11.097908020019531,23.012510299682617,90.9047622680664,630.841796875,99.74885559082031,182.75,319.0400085449219,64.82552337646484,262.6064758300781,97.16453552246094,109.1792984008789
2025-07-31,206.9402618408203,267.1000061035156,176.30999755859375,234.11000061035156,46.7655029296875,1095.480712890625,937.014404296875,61.09378433227539,118.30953216552734,459.5673522949219,10.68272876739502,110.78388214111328,782.2570190429688,31.489999771118164,293.4828796386719,66.90338134765625,30.623897552490234,564.8746337890625,296.5962219238281,530.418701171875,2.7899999618530273,177.85006713867188,11.07840347290039,22.509929656982422,87.37676239013672,628.4754028320312,97.19566345214844,178.97000122070312,308.2699890136719,64.18836212158203,246.33917236328125,97.55284118652344,108.92561340332031
2025-08-01,201.76602172851562,255.3699951171875,171.6999969482422,214.75,45.17268753051758,1081.4061279296875,951.1743774414062,61.45779037475586,115.80646514892578,462.5040588378906,10.441474914550781,111.66194152832031,773.3098754882812,30.90999984741211,286.6768493652344,67.85929107666016,29.50507926940918,558.313232421875,299.38360595703125,521.0829467773438,2.75,173.70053100585938,10.97113037109375,22.703229904174805,85.12276458740234,618.1743774414062,96.48965454101562,179.69000244140625,302.6300048828125,66.42941284179688,234.7013397216797,98.06060791015625,106.9742431640625
2025-08-04,202.7330780029297,258.7799987792969,176.77999877929688,211.64999389648438,45.36065673828125,1105.4351806640625,954.0203247070312,60.454315185546875,118.54791259765625,464.2998352050781,10.566926956176758,112.97410583496094,781.9979248046875,31.6200008392334,291.5213317871094,67.95783233642578,29.455575942993164,568.2052612304688,300.7080993652344,532.5464477539062,2.8299999237060547,179.97982788085938,11.244189262390137,22.74188995361328,87.98435974121094,627.5704956054688,96.50900268554688,182.30999755859375,309.260009765625,66.09983825683594,237.86988830566406,99.15580749511719,104.75943756103516
2025-08-05,202.30438232421875,247.07000732421875,174.30999755859375,213.75,45.073753356933594,1099.076171875,942.296875,62.39239501953125,117.52484130859375,443.6138000488281,10.673080444335938,110.95159912109375,766.4550170898438,31.34000015258789,288.658203125,68.0465316772461,29.62389373779297,564.4458618164062,295.311279296875,524.7019653320312,2.9100000858306885,178.24002075195312,10.90286636352539,23.9210262298584,88.39595794677734,624.3887329101562,99.06221008300781,181.5,308.7200012207031,66.05590057373047,247.7605743408203,98.87702941894531,104.63259887695312
2025-08-06,212.60302734375,247.5399932861328,163.1199951171875,222.30999755859375,44.935245513916016,1109.8724365234375,967.191650390625,62.49077606201172,114.39600372314453,440.2901611328125,10.817831039428711,108.80084228515625,776.61767578125,31.34000015258789,288.6383972167969,68.49983978271484,29.415969848632812,567.5271606445312,304.0983581542969,521.908203125,2.8499999046325684,179.39988708496094,11.117411613464355,23.128494262695312,87.21015930175781,629.17138671875,101.92488098144531,183.99000549316406,319.9100036621094,66.80290985107422,242.60794067382812,102.90937805175781,103.92034149169922
2025-08-07,219.3624725341797,241.72000122070312,172.39999389648438,223.1300048828125,44.440582275390625,1102.2357177734375,976.069091796875,62.5498046875,112.12139892578125,438.94085693359375,10.885382652282715,108.80084228515625,758.822998046875,31.75,284.2694396972656,69.40647888183594,29.267454147338867,559.639404296875,304.345458984375,517.8319091796875,2.9200000762939453,180.749755859375,10.912617683410645,23.41844367980957,89.19955444335938,628.6443481445312,102.19567108154297,181.49000549316406,322.2699890136719,67.3631820678711,241.5122833251953,102.67042541503906,103.37396240234375
2025-08-08,228.65420532226562,239.1999969482422,172.75999450683594,222.69000244140625,45.51894760131836,1114.26025390625,979.5941162109375,64.47804260253906,111.67442321777344,436.5795593261719,10.923983573913574,117.80838775634766,746.2592163085938,31.489999771118164,286.0725402832031,69.3177719116211,29.32686424255371,572.7025146484375,301.9139404296875,519.02490234375,2.869999885559082,182.6795196533203,10.90286636352539,23.75672149658203,90.2775650024414,633.5462646484375,101.93455505371094,188.63999938964844,329.6499938964844,67.07755279541016,247.65200805664062,103.27776336669922,104.20330047607422
2025-08-11,226.74781799316406,238.61000061035156,172.27999877929688,221.3000030517578,45.66735076904297,1117.192138671875,987.3431396484375,63.8287353515625,111.79361724853516,437.07562255859375,10.894644737243652,118.85417175292969,703.5062255859375,31.18000030517578,286.8650817871094,69.72181701660156,28.772403717041016,571.974609375,300.8365478515625,518.7564697265625,2.799999952316284,182.0395965576172,10.912688255310059,23.75672149658203,89.90515899658203,632.29345703125,100.59025573730469,189.1300048828125,339.0299987792969,66.90177917480469,249.11289978027344,103.47689056396484,103.25688171386719
2025-08-12,229.21310424804688,237.8699951171875,174.9499969482422,221.47000122070312,46.99304962158203,1148.5704345703125,989.849609375,64.44853210449219,112.95575714111328,437.72052001953125,11.002222061157227,118.41019439697266,710.869140625,32.119998931884766,290.12445068359375,69.68240356445312,30.41597557067871,572.5629272460938,298.1480712890625,526.183349609375,2.8399999141693115,183.1394805908203,11.335051536560059,23.824377059936523,91.50257110595703,639.02490234375,102.76627349853516,193.97000122070312,340.8399963378906,67.09952545166016,258.1941833496094,103.16825103759766,103.5495834350586
2025-08-13,232.88612365722656,245.67999267578125,184.4199981689453,224.55999755859375,46.73582458496094,1148.9864501953125,977.4671020507812,64.83221435546875,115.85613250732422,447.43353271484375,11.18803596496582,118.5285873413086,709.1056518554688,32.5099983215332,287.8260192871094,69.43603515625,30.66349983215332,576.2724609375,301.538330078125,517.5734252929688,2.859999895095825,181.5696563720703,11.364519119262695,24.31729507446289,92.29635620117188,641.2123413085938,103.00090026855469,194.39999389648438,339.3800048828125,68.59355163574219,268.302001953125,100.5497055053711,104.98384094238281
2025-08-14,232.33717346191406,246.16000366210938,180.9499969482422,230.97999572753906,47.2008056640625,1149.115234375,974.0120239257812,65.64876556396484,115.5283432006836,447.0466003417969,11.18803596496582,117.4236068725586,708.03955078125,31.579999923706055,291.4222717285156,68.53926849365234,30.396175384521484,582.115966796875,305.3734436035156,519.46240234375,2.819999933242798,181.99960327148438,11.010912895202637,24.268970489501953,91.1987533569336,641.27197265625,101.91576385498047,192.47999572753906,335.5799865722656,67.75865173339844,267.9861145019531,100.41031646728516,104.7691879272461
2025-08-15,231.1494140625,247.00999450683594,177.50999450683594,231.02999877929688,46.439022064208984,1124.20458984375,970.666748046875,67.48845672607422,114.61453247070312,447.7113342285156,11.18803596496582,116.78233337402344,714.1172485351562,31.700000762939453,287.7864074707031,68.90387725830078,31.188257217407227,580.061767578125,305.3536376953125,517.1657104492188,2.8399999141693115,180.42977905273438,11.079668998718262,24.297964096069336,89.3738021850586,639.7706298828125,100.71329498291016,193.66000366210938,330.55999755859375,67.58470916748047,300.08642578125,99.79656982421875,104.86766815185547
2025-08-18,230.45074462890625,249.1300048828125,176.13999938964844,231.49000549316406,47.408565521240234,1125.3040771484375,977.9663696289062,69.03302001953125,115.76673889160156,441.35174560546875,11.207596778869629,116.40742492675781,714.5855712890625,31.770000457763672,288.8167419433594,68.1253662109375,31.000137329101562,582.4949340820312,305.1263427734375,514.1134033203125,2.890000104904175,181.98959350585938,10.912688255310059,24.230308532714844,91.28754425048828,639.63134765625,102.60008239746094,197.8300018310547,335.1600036621094,67.90601348876953,304.50860595703125,100.4951400756836,105.09416961669922
2025-08-19,230.1213836669922,255.8800048828125,166.5500030517578,228.00999450683594,47.566856384277344,1117.726806640625,979.4642944335938,69.82006072998047,115.48860931396484,447.0168151855469,11.32495403289795,116.39756774902344,698.4647827148438,31.239999771118164,287.954833984375,69.11083221435547,31.277366638183594,583.8610229492188,307.3304748535156,506.8258056640625,2.8299999237060547,175.6203155517578,11.217183113098145,24.471935272216797,89.69932556152344,636.1612548828125,103.00090026855469,198.60000610351562,329.30999755859375,68.65941619873047,300.3134460449219,101.08394622802734,105.78350067138672
2025-08-20,225.5800323486328,255.0500030517578,165.1999969482422,223.80999755859375,47.8339729309082,1117.7169189453125,993.1649169921875,69.67249298095703,116.2534408569336,439.37738037109375,11.23693561553955,117.13751220703125,696.5916748046875,31.170000076293945,289.5201110839844,69.67254638671875,30.871423721313477,591.0108032226562,309.45562744140625,502.7992248535156,2.890000104904175,175.38034057617188,11.138604164123535,24.529926300048828,88.29854583740234,634.470947265625,96.48025512695312,199.19000244140625,323.8999938964844,70.4210433959961,295.9702453613281,102.36134338378906,106.8765869140625
2025-08-21,224.47213745117188,253.99000549316406,163.7100067138672,221.9499969482422,47.744930267333984,1114.042236328125,968.31005859375,70.2726058959961,115.42901611328125,443.3459167480469,11.080459594726562,114.58224487304688,695.2066650390625,31.18000030517578,288.7572937011719,69.63313293457031,30.76251220703125,590.2529907226562,309.593994140625,502.15185546875,3.0299999713897705,174.96038818359375,11.09931468963623,24.87786865234375,87.36141204833984,631.925537109375,94.88674926757812,197.27000427246094,320.1099853515625,70.09973907470703,299.4349670410156,97.7607192993164,107.56593322753906
2025-08-22,227.3267059326172,259.2200012207031,167.75999450683594,228.83999633789062,48.95191192626953,1137.2393798828125,957.185791015625,70.14471435546875,118.06121063232422,447.4434509277344,11.481429100036621,113.2306137084961,660.235107421875,31.8799991607666,293.4828796386719,69.11083221435547,32.44568634033203,597.273193359375,310.4341735839844,505.1295166015625,3.049999952316284,177.97006225585938,11.610078811645508,25.013179779052734,87.18384552001953,641.6299438476562,97.01793670654297,201.3699951171875,340.010009765625,69.86707305908203,303.4524230957031,96.63301849365234,109.58470153808594
2025-08-25,226.7278594970703,256.04998779296875,163.36000061035156,227.94000244140625,48.95191192626953,1126.2747802734375,940.2498168945312,70.0561752319336,116.91893768310547,457.0373840332031,11.559666633605957,112.61893463134766,654.5559692382812,31.989999771118164,292.1553649902344,67.92827606201172,32.19816207885742,591.5393676757812,309.81146240234375,502.17181396484375,3.009999990463257,179.78985595703125,12.160134315490723,24.297964096069336,84.64862823486328,638.8060302734375,94.95518493652344,198.3699951171875,346.6000061035156,68.7591323852539,300.9254455566406,95.87456512451172,110.03768157958984
2025-08-26,228.87376403808594,255.4199981689453,166.6199951171875,228.7100067138672,49.71369552612305,1128.9490966796875,940.0101318359375,70.39067077636719,116.85934448242188,447.671630859375,11.579227447509766,113.21088409423828,657.1265258789062,31.809999465942383,295.7912292480469,67.73118591308594,33.069454193115234,589.9437866210938,309.3172607421875,499.96099853515625,3.0199999809265137,181.7496337890625,12.02262020111084,24.0853328704834,85.45752716064453,641.4807739257812,93.95802307128906,197.35000610351562,351.6700134277344,68.6926498413086,296.5526428222656,95.85460662841797,109.79148864746094
2025-08-27,230.05152893066406,257.1199951171875,167.1300048828125,229.1199951171875,49.842308044433594,1120.8568115234375,948.1785888671875,70.7645034790039,117.29637908935547,448.99114990234375,11.647685050964355,112.39202117919922,660.7432250976562,30.81999969482422,296.4945983886719,67.82972717285156,32.86153030395508,588.9965209960938,307.82470703125,504.64154052734375,3.059999942779541,181.57965087890625,12.081554412841797,24.230308532714844,86.47359466552734,642.9423828125,95.76659393310547,196.74000549316406,349.6000061035156,69.26878356933594,299.9581298828125,95.8845443725586,111.03230285644531
2025-08-28,232.11758422851562,256.1700134277344,168.5800018310547,231.60000610351562,49.95113754272461,1119.7177734375,943.625,70.97110748291016,116.84941101074219,445.4294128417969,11.4520902633667,111.05025482177734,665.7548828125,30.389999389648438,298.2679443359375,67.36656188964844,32.65361022949219,588.8170166015625,308.6055908203125,507.529541015625,3.009999990463257,180.14981079101562,11.826171875,23.776052474975586,86.8287124633789,645.2192993164062,94.64234924316406,198.25,345.9800109863281,69.10260009765625,298.3886413574219,95.91448211669922,111.62316131591797
2025-08-29,231.69837951660156,259.9700012207031,162.6300048828125,229.0,50.19846725463867,1116.4095458984375,941.9873046875,71.9647445678711,117.58443450927734,454.6959533691406,11.51076889038086,111.45475769042969,664.5592651367188,31.06999969482422,298.6147155761719,67.98739624023438,32.57440185546875,593.6134643554688,309.9103088378906,504.59173583984375,3.109999895095825,174.1604766845703,11.904751777648926,23.930694580078125,86.99641418457031,641.3713989257812,93.8309326171875,194.57000732421875,333.8699951171875,70.0221939086914,305.87078857421875,96.78271484375,112.54883575439453
2025-09-02,229.28298950195312,256.1700134277344,162.32000732421875,225.33999633789062,49.88187789916992,1104.1573486328125,937.4937133789062,72.8895034790039,117.47517395019531,463.62518310546875,11.461870193481445,111.1982421875,659.5675659179688,31.579999923706055,296.91070556640625,68.05638122558594,31.930835723876953,590.203125,313.8764953613281,503.0282287597656,3.109999895095825,170.7608642578125,11.79670524597168,24.14332389831543,88.56489562988281,636.61865234375,90.37020111083984,193.57000732421875,329.3599853515625,70.39888763427734,304.8146057128906,97.65093994140625,112.9427490234375
2025-09-03,238.01634216308594,254.14999389648438,162.1300048828125,225.99000549316406,49.52572250366211,1089.0228271484375,948.438232421875,72.13198852539062,116.59115600585938,462.9306945800781,11.3640718460083,111.4744873046875,666.2330932617188,31.200000762939453,296.72247314453125,67.98739624023438,32.1897087097168,591.609130859375,314.50274658203125,503.2572937011719,3.1700000762939453,170.60089111328125,11.786882400512695,23.959688186645508,86.06913757324219,640.06884765625,90.28221130371094,193.00999450683594,334.0899963378906,71.17444610595703,303.906494140625,99.23770904541016,110.2051010131836
2025-09-04,239.3238525390625,252.94000244140625,161.7899932861328,235.67999267578125,50.07974624633789,1098.20458984375,954.549560546875,72.4959945678711,118.01154327392578,458.962158203125,11.422751426696777,111.25743865966797,665.844482421875,30.93000030517578,300.99237060546875,67.2581558227539,30.984956741333008,593.9625244140625,315.0991516113281,505.866455078125,3.2300000190734863,171.64077758789062,12.02262020111084,23.718063354492188,85.83238983154297,645.4181518554688,90.63414764404297,197.63999938964844,338.5299987792969,72.0275650024414,306.37420654296875,100.72467803955078,110.68763732910156
2025-09-05,239.2340087890625,254.9499969482422,151.13999938964844,232.3300018310547,49.5126953125,1093.8258056640625,962.1188354492188,72.58453369140625,117.11759948730469,460.1824645996094,11.481429100036621,113.50686645507812,670.3579711914062,31.450000762939453,291.6402282714844,66.97237396240234,31.2537841796875,582.5746459960938,312.5047302246094,492.9501647949219,3.2699999809265137,167.0012969970703,12.061908721923828,24.046672821044922,84.27376556396484,643.5488891601562,91.08384704589844,199.6199951171875,350.8399963378906,71.25200653076172,311.319580078125,100.30553436279297,107.56593322753906
2025-09-08,237.42745971679688,255.57000732421875,151.41000366210938,235.83999633789062,49.20429611206055,1099.56787109375,970.4769897460938,69.12157440185547,118.04134368896484,462.44451904296875,11.432530403137207,114.32572937011719,669.2221069335938,32.849998474121094,290.18389892578125,66.45006561279297,31.57239532470703,584.9479370117188,310.93414306640625,496.13690185546875,3.25,168.2911376953125,12.454806327819824,23.727725982666016,83.03082275390625,645.1298217773438,89.45124053955078,202.7899932861328,346.3999938964844,70.9085464477539,316.1168212890625,102.07192993164062,108.17648315429688
2025-09-09,233.9041748046875,251.99000549316406,155.82000732421875,238.24000549316406,50.030006408691406,1100.3143310546875,977.8665771484375,70.5874252319336,116.58123016357422,455.3607177734375,11.23693561553955,114.20733642578125,668.43505859375,33.869998931884766,295.0779113769531,66.87381744384766,30.855520248413086,582.3552856445312,310.65582275390625,496.34600830078125,3.190000057220459,170.74085998535156,11.531499862670898,23.882366180419922,82.67568969726562,646.6212768554688,88.87445831298828,200.8000030517578,346.9700012207031,69.88922882080078,343.42974853515625,102.0819091796875,108.96429443359375
2025-09-10,226.35855102539062,243.11000061035156,159.5399932861328,230.3300018310547,49.87083435058594,1097.5477294921875,954.93896484375,72.77145385742188,115.0118408203125,447.0168151855469,11.168477058410645,113.70417785644531,653.8585205078125,33.31999969482422,297.7428894042969,66.83440399169922,30.975000381469727,577.748291015625,304.1150817871094,498.29791259765625,3.190000057220459,177.3101348876953,11.168070793151855,23.747055053710938,81.7582778930664,648.4906005859375,88.74736022949219,197.3800048828125,347.7900085449219,69.55684661865234,342.304443359375,100.20574188232422,110.7861099243164
2025-09-11,229.59239196777344,244.14999389648438,155.6699981689453,229.9499969482422,50.48762893676758,1128.6861572265625,962.9576416015625,73.46011352539062,116.29317474365234,453.0291748046875,11.500988960266113,116.2791748046875,658.1029663085938,34.400001525878906,302.7161560058594,66.63731384277344,31.582351684570312,587.0719604492188,306.5902099609375,498.9352722167969,3.2699999809265137,177.16014099121094,11.227005958557129,24.02734375,81.24531555175781,653.8796997070312,89.47079467773438,197.6300048828125,368.80999755859375,70.34349822998047,349.0462951660156,102.44117736816406,110.43159484863281
2025-09-12,233.62472534179688,238.5399932861328,158.57000732421875,228.14999389648438,50.31850814819336,1117.9683837890625,966.5326538085938,73.76509094238281,115.18070220947266,448.4950866699219,11.422751426696777,113.0135726928711,643.666015625,33.66999816894531,304.0535888671875,66.03617095947266,31.522613525390625,578.7753295898438,303.5782775878906,507.7884521484375,3.1600000858306885,177.8101043701172,11.20736026763916,23.07050323486328,80.79154968261719,653.660888671875,87.94572448730469,196.1300048828125,395.94000244140625,69.67872619628906,347.9604797363281,103.27946472167969,110.4512939453125
2025-09-15,236.24969482421875,237.8699951171875,161.16000366210938,231.42999267578125,50.32845687866211,1109.70849609375,958.7435913085938,72.26971435546875,114.84298706054688,448.1365966796875,11.422751426696777,111.80157470703125,648.9465942382812,33.619998931884766,306.0250549316406,65.74819946289062,31.293611526489258,581.3182373046875,300.2681579589844,513.225830078125,3.309999942779541,177.74009704589844,11.17789363861084,23.167152404785156,81.56098175048828,657.1409301757812,86.57706451416016,197.27999877929688,410.0400085449219,69.04719543457031,345.56658935546875,103.47906494140625,110.63839721679688
2025-09-16,237.6969451904297,236.80999755859375,160.4600067138672,234.0500030517578,50.398094177246094,1113.47021484375,950.7249755859375,72.28939819335938,114.45561218261719,440.6369323730469,11.354292869567871,110.13259887695312,648.9166870117188,34.709999084472656,306.3123474121094,65.77798461914062,31.433002471923828,584.7684326171875,301.48089599609375,506.9320068359375,3.2100000381469727,174.87026977539062,11.17789363861084,23.099496841430664,83.22811889648438,656.2361450195312,87.71109771728516,198.77999877929688,421.6199951171875,68.53754425048828,337.5107421875,103.20960998535156,112.93289947509766
2025-09-17,238.5353546142578,241.24000549316406,159.16000366210938,231.6199951171875,51.13426971435547,1126.2978515625,961.6694946289062,72.80096435546875,115.31975555419922,436.4438781738281,11.403191566467285,111.5234146118164,660.2550659179688,35.2400016784668,308.8485412597656,66.5724105834961,31.980615615844727,596.944091796875,303.1508483886719,507.9079284667969,3.309999942779541,170.280517578125,11.128782272338867,23.24447250366211,82.09368133544922,655.4208374023438,86.93878936767578,201.3800048828125,425.8599853515625,69.15798950195312,339.3285217285156,104.05787658691406,113.53359985351562
2025-09-18,237.42745971679688,239.5500030517578,157.9199981689453,231.22999572753906,51.860496520996094,1131.621826171875,951.0145263671875,73.21415710449219,114.08808898925781,428.3466491699219,11.481429100036621,112.8744888305664,672.4901123046875,35.380001068115234,310.3147888183594,65.99645233154297,32.129966735839844,584.3994750976562,299.3437194824219,506.3444519042969,3.299999952316284,176.23019409179688,11.393987655639648,23.341123580932617,82.29096984863281,658.4832763671875,87.41780853271484,200.47000122070312,416.8500061035156,68.09436798095703,332.5838928222656,103.38924407958984,112.19432830810547
2025-09-19,245.032958984375,239.6999969482422,157.38999938964844,231.47999572753906,51.97987365722656,1137.3140869140625,949.8162231445312,73.7060546875,112.9954833984375,426.982177734375,11.3640718460083,113.34140014648438,685.4027099609375,35.099998474121094,311.850341796875,65.96665954589844,32.37887954711914,582.5147705078125,300.5763244628906,515.7852172851562,3.259999990463257,176.66015625,11.580612182617188,23.225143432617188,83.41554260253906,661.74462890625,86.15669250488281,198.9499969482422,426.07000732421875,67.80630493164062,334.4413757324219,102.12183380126953,111.10123443603516
2025-09-22,255.5928192138672,239.99000549316406,159.7899932861328,227.6300048828125,51.65157699584961,1130.706298828125,941.9274291992188,73.91265869140625,111.80354309082031,423.2472839355469,11.403191566467285,111.75189971923828,699.5208740234375,33.93000030517578,309.5321044921875,65.74819946289062,32.15983581542969,582.8438720703125,301.1826477050781,512.3196411132812,3.2300000190734863,183.5997772216797,11.580612182617188,23.23480987548828,84.13566589355469,664.8753662109375,84.62185668945312,200.67999267578125,434.2099914550781,67.0196533203125,339.0205993652344,102.61083221435547,110.31341552734375
2025-09-23,253.9459686279297,235.5,160.89999389648438,220.7100067138672,51.43272018432617,1126.2679443359375,942.2669067382812,75.26045989990234,111.49563598632812,422.1816101074219,11.471649169921875,113.64936828613281,696.6215209960938,32.939998626708984,309.8293151855469,66.24471282958984,33.1953239440918,568.36474609375,301.3814697265625,507.1212463378906,3.3499999046325684,178.42005920410156,11.74759292602539,23.321792602539062,84.53025817871094,661.256103515625,85.10088348388672,200.66000366210938,425.8500061035156,67.11936950683594,345.367919921875,102.31143951416016,112.2140121459961
2025-09-24,251.8300018310547,239.0800018310547,160.8800048828125,220.2100067138672,51.43272018432617,1122.51611328125,943.9345703125,75.14240264892578,112.6677017211914,423.5859069824219,11.373852729797363,112.92415618896484,692.24755859375,34.83000183105469,310.5030212402344,65.98651885986328,32.91653823852539,567.2080078125,302.5146484375,508.0373840332031,3.299999952316284,176.96014404296875,11.777060508728027,23.28313446044922,83.12947082519531,659.1522216796875,86.3326644897461,198.08999633789062,442.7900085449219,66.57647705078125,349.4604187011719,102.5210189819336,112.81472778320312
2025-09-25,256.3813171386719,232.55999755859375,161.27000427246094,218.14999389648438,51.581939697265625,1141.732666015625,941.9773559570312,73.40108489990234,112.23065948486328,421.04620361328125,11.3640718460083,110.2617416381836,690.145263671875,35.16999816894531,310.5327453613281,65.51980590820312,31.791440963745117,565.7023315429688,300.49676513671875,504.9303283691406,3.2100000381469727,177.68011474609375,11.32522964477539,22.809545516967773,82.69542694091797,656.1112670898438,85.1888656616211,197.27999877929688,423.3900146484375,65.73443603515625,343.25213623046875,102.84037017822266,113.82903289794922
2025-09-26,254.97401428222656,238.97000122070312,159.4600067138672,219.77999877929688,51.94007873535156,1150.8482666015625,914.656005859375,74.54228210449219,112.70743560791016,433.9938049316406,11.7454833984375,111.36445617675781,695.704833984375,34.5,313.118408203125,65.21195983886719,32.38883590698242,563.5384521484375,303.41925048828125,509.3419494628906,3.200000047683716,178.18008422851562,11.079668998718262,22.964187622070312,82.2613754272461,659.8701782226562,85.88296508789062,198.10000610351562,440.3999938964844,65.67903900146484,341.7820129394531,102.95014190673828,115.4342041015625
2025-09-29,253.9459686279297,247.0,161.36000061035156,222.1699981689453,52.14899444580078,1169.86572265625,915.57470703125,74.34552764892578,114.00862884521484,432.6592102050781,11.823720932006836,111.88105010986328,692.14794921875,35.63999938964844,312.75189208984375,65.57938385009766,32.617835998535156,566.5399780273438,301.1826477050781,512.4689331054688,3.0799999237060547,181.8398895263672,11.020734786987305,23.051172256469727,84.48092651367188,661.7246704101562,86.84102630615234,196.44000244140625,443.2099914550781,65.55716705322266,342.87469482421875,102.87030792236328,112.47990417480469
2025-09-30,254.14559936523438,246.60000610351562,161.7899932861328,219.57000732421875,51.32328796386719,1160.22265625,924.3223266601562,74.16844940185547,113.73051452636719,429.9700622558594,11.69658374786377,110.27167510986328,680.4110107421875,34.97999954223633,312.4942932128906,65.85742950439453,31.771528244018555,567.2080078125,302.0773010253906,515.8051147460938,3.140000104904175,186.56961059570312,11.20736026763916,24.626577377319336,83.45500183105469,664.21728515625,87.69153594970703,191.08999633789062,444.7200012207031,65.67903900146484,342.9938659667969,102.850341796875,111.03230285644531
2025-10-01,254.9640350341797,243.7100067138672,164.00999450683594,220.6300048828125,50.417991638183594,1135.542724609375,916.0440673828125,75.62447357177734,112.19092559814453,426.43438720703125,11.999756813049316,110.42069244384766,677.0134887695312,36.16999816894531,307.8182373046875,66.31422424316406,32.13991928100586,572.1541137695312,298.7273864746094,517.5578002929688,3.3499999046325684,187.22958374023438,11.158247947692871,26.29863166809082,83.25770568847656,666.4806518554688,87.14408111572266,191.8300018310547,459.4599914550781,65.1583023071289,345.9738464355469,101.75257873535156,110.28387451171875
2025-10-02,256.6408386230469,244.33999633789062,169.72999572753906,222.41000366210938,50.219024658203125,1154.91845703125,915.474853515625,76.19506072998047,111.38636779785156,429.5019836425781,11.950857162475586,109.83456420898438,679.3648681640625,35.97999954223633,304.6876220703125,65.63896179199219,32.16979217529297,575.7040405273438,298.0912170410156,513.6041870117188,3.3299999237060547,188.87948608398438,11.069847106933594,26.17298698425293,85.54631042480469,667.248291015625,87.50579833984375,190.52000427246094,436.0,65.30233764648438,351.357666015625,101.49311065673828,109.59454345703125
2025-10-03,257.5291442871094,245.32000732421875,164.6699981689453,219.50999450683594,50.378196716308594,1155.067626953125,914.0867919921875,76.23441314697266,111.71415710449219,424.990234375,12.390946388244629,111.95059204101562,677.451904296875,35.400001525878906,307.1445617675781,66.18512725830078,32.37887954711914,578.8152465820312,299.1846618652344,515.20751953125,3.3299999237060547,187.6095428466797,10.922511100769043,26.45327377319336,85.2503662109375,667.2384033203125,87.03655242919922,194.58999633789062,429.8299865722656,65.43529510498047,357.79437255859375,101.86235809326172,111.53453063964844
2025-10-06,256.2016906738281,248.1699981689453,203.7100067138672,220.89999389648438,50.12948989868164,1173.5577392578125,909.653076171875,75.5949478149414,111.99227142333984,421.20556640625,12.420286178588867,112.83475494384766,667.6380004882812,35.90999984741211,307.7916259765625,65.63896179199219,32.438621520996094,577.179931640625,294.2741394042969,526.3811645507812,3.2899999618530273,185.5296630859375,10.765352249145508,25.544757843017578,80.99870300292969,669.6312866210938,86.9681167602539,199.17999267578125,453.25,64.90347290039062,356.3739013671875,102.49107360839844,112.460205078125
2025-10-07,255.99208068847656,251.22999572753906,211.50999450683594,221.77999877929688,50.030006408691406,1160.5809326171875,913.5076293945312,75.87041473388672,111.77375030517578,409.7718200683594,11.657464981079102,116.01374816894531,655.5822143554688,34.88999938964844,306.3083190917969,66.32415008544922,32.24944305419922,578.2069702148438,294.5524597167969,521.8101196289062,3.240000009536743,185.02969360351562,10.814464569091797,25.390117645263672,80.18980407714844,667.1486206054688,87.27117156982422,199.88999938964844,433.0899963378906,64.93671417236328,361.23126220703125,103.02997589111328,112.51929473876953
2025-10-08,257.5690612792969,252.97999572753906,235.55999755859375,225.22000122070312,49.582332611083984,1159.3568115234375,913.5076293945312,75.68348693847656,111.13805389404297,411.8334655761719,11.481429100036621,117.47410583496094,655.3928833007812,34.97999954223633,302.6647644042969,65.65882873535156,32.30918502807617,574.8165893554688,292.6438903808594,522.676513671875,3.240000009536743,189.09947204589844,10.942155838012695,24.81987762451172,78.95671844482422,671.1268920898438,88.35631561279297,198.2100067138672,438.69000244140625,64.9699478149414,367.449462890625,102.690673828125,112.28295135498047
2025-10-09,253.55670166015625,252.0399932861328,232.88999938964844,227.74000549316406,49.5325927734375,1161.775146484375,941.5579223632812,75.49657440185547,110.24409484863281,403.6963806152344,11.246715545654297,115.97401428222656,643.734375,33.970001220703125,304.15802001953125,65.9070816040039,31.542526245117188,563.7032470703125,292.05743408203125,520.2366943359375,3.299999952316284,192.5592803955078,11.32522964477539,24.394615173339844,78.70024108886719,669.1826171875,87.10497283935547,192.3300018310547,435.5400085449219,65.29125213623047,365.2343444824219,101.5629653930664,111.18986511230469
2025-10-10,244.80340576171875,240.94000244140625,214.89999389648438,216.3699951171875,48.39848709106445,1126.875,928.6961669921875,76.63777923583984,108.4561996459961,404.7322082519531,11.158698081970215,116.41112518310547,640.610107421875,31.850000381469727,299.53887939453125,66.5724105834961,31.154218673706055,556.6438598632812,295.23834228515625,508.84405517578125,3.2200000286102295,183.14981079101562,10.745707511901855,23.950023651123047,77.39810180664062,651.0960693359375,83.61491394042969,185.22000122070312,413.489990234375,66.95317840576172,352.1324462890625,101.63282012939453,109.04307556152344
2025-10-13,247.18885803222656,243.55999755859375,216.4199981689453,220.07000732421875,48.607398986816406,1149.5247802734375,934.23828125,77.16902160644531,109.52893829345703,406.6145935058594,11.285834312438965,117.43437194824219,654.474609375,33.25,306.5870666503906,66.3340835571289,31.761571884155273,558.4012451171875,298.31982421875,511.9212646484375,3.2300000190734863,188.3095245361328,10.794819831848145,23.901697158813477,78.94685363769531,661.0865478515625,85.38438415527344,187.8800048828125,435.8999938964844,66.57647705078125,356.2646484375,101.91226196289062,110.53006744384766
2025-10-14,247.29864501953125,244.1999969482422,218.08999633789062,216.38999938964844,49.8310432434082,1188.47509765625,945.1728515625,78.36925506591797,110.42288970947266,422.5202331542969,11.393411636352539,117.70259857177734,655.9518432617188,32.709999084472656,300.7235107421875,67.03913116455078,33.27497482299805,567.0681762695312,302.7432861328125,511.4432067871094,3.180000066757202,180.0199737548828,10.824287414550781,23.698732376098633,80.05169677734375,660.2789306640625,86.9681167602539,191.74000549316406,429.239990234375,67.57362365722656,357.52618408203125,106.99189758300781,110.57930755615234
2025-10-15,248.8656463623047,239.7100067138672,238.60000610351562,215.57000732421875,52.00971984863281,1196.7647705078125,953.6408081054688,79.3628921508789,110.95925903320312,415.7774963378906,11.500988960266113,117.5237808227539,651.4901123046875,33.13999938964844,304.3172912597656,66.61212921142578,33.41436767578125,561.9658813476562,303.42919921875,511.3038330078125,3.259999990463257,179.8199920654297,11.050202369689941,23.573083877563477,81.7385482788086,663.2102661132812,88.87445831298828,194.3300018310547,435.1499938964844,67.45174407958984,358.738037109375,108.80819702148438,109.90966796875
2025-10-16,246.979248046875,234.02000427246094,234.55999755859375,214.47000122070312,50.179229736328125,1165.68603515625,924.3123168945312,80.05155181884766,109.14155578613281,415.26959228515625,11.481429100036621,117.07672882080078,645.8005981445312,32.7400016784668,297.19940185546875,67.11856842041016,33.14554214477539,549.0552978515625,303.5086975097656,509.4913330078125,3.380000114440918,181.7998809814453,10.942155838012695,23.41844367980957,83.19851684570312,658.6936645507812,88.05326080322266,195.41000366210938,428.75,68.71480560302734,354.2879638671875,106.25341033935547,108.9544448852539
2025-10-17,251.81002807617188,238.38999938964844,233.0800018310547,213.0399932861328,51.014888763427734,1155.5355224609375,935.0072021484375,81.18291473388672,109.9262466430664,414.5823669433594,11.657464981079102,122.00418853759766,660.1741333007812,33.06999969482422,296.22381591796875,67.962646484375,33.374542236328125,560.1286010742188,306.2522277832031,511.4532165527344,3.4800000190734863,183.20980834960938,11.069847106933594,23.689067840576172,84.20471954345703,662.4326171875,88.80601501464844,197.8300018310547,439.30999755859375,69.93354797363281,354.2184143066406,107.51084899902344,110.53006744384766
2025-10-20,261.7411193847656,242.17999267578125,240.55999755859375,216.47999572753906,51.77096176147461,1154.381103515625,934.7874755859375,81.14356994628906,111.20758056640625,421.2354431152344,11.725922584533691,122.3022232055664,663.5479125976562,33.7599983215332,301.0022277832031,67.962646484375,34.28059387207031,565.5105590820312,305.93414306640625,514.6498413085938,3.5399999618530273,182.6298370361328,11.187716484069824,23.863039016723633,83.38594818115234,669.3222045898438,89.48057556152344,200.11000061035156,447.42999267578125,69.67872619628906,362.0458068847656,106.83222961425781,110.9830551147461
2025-10-21,262.2701110839844,250.50999450683594,238.02999877929688,222.02999877929688,51.2536506652832,1124.5263671875,936.175537109375,81.69448852539062,113.5318603515625,418.1877746582031,12.283370018005371,123.26585388183594,673.7990112304688,32.83000183105469,295.75592041015625,70.72325134277344,34.52950668334961,571.1720581054688,305.6459045410156,515.5162963867188,3.4700000286102295,181.14991760253906,11.472565650939941,24.01767921447754,84.73741149902344,669.3121948242188,92.28630828857422,201.9499969482422,442.6000061035156,69.06935119628906,362.9298400878906,106.00391387939453,110.99291229248047
2025-10-22,257.9583435058594,249.13999938964844,230.22999572753906,217.9499969482422,50.835819244384766,1124.2080078125,943.3453979492188,80.68118286132812,112.32005310058594,423.10784912109375,12.156232833862305,120.66304779052734,669.536865234375,32.459999084472656,292.7892761230469,70.31610870361328,33.61349868774414,570.5030517578125,308.26019287109375,518.3843383789062,3.509999990463257,180.26995849609375,11.32522964477539,23.892032623291016,84.34281921386719,665.83251953125,91.9148178100586,203.50999450683594,438.9700012207031,68.89208221435547,359.07574462890625,106.92204284667969,112.96244049072266
2025-10-23,259.0861511230469,249.80999755859375,234.99000549316406,221.08999633789062,51.49240493774414,1119.5506591796875,940.7191162109375,80.4084243774414,112.2703857421875,420.0601806640625,12.068214416503906,119.94776916503906,676.4740600585938,33.18000030517578,293.2173767089844,69.45218658447266,31.51265525817871,572.9094848632812,305.138916015625,518.404296875,3.549999952316284,182.1498565673828,11.452920913696289,23.843708038330078,84.28363800048828,669.7808837890625,92.1396713256836,204.05999755859375,448.9800109863281,69.04719543457031,358.042724609375,106.64261627197266,114.21309661865234
2025-10-24,262.32000732421875,247.64999389648438,252.9199981689453,224.2100067138672,52.298221588134766,1131.124267578125,930.8231201171875,81.26140594482422,110.9294662475586,413.18798828125,13.535177230834961,120.1464614868164,681.834228515625,33.189998626708984,299.09088134765625,69.22378540039062,32.06026840209961,572.8095703125,303.9659729003906,521.441650390625,3.569999933242798,186.24961853027344,11.560967445373535,23.930694580078125,84.92483520507812,675.2546997070312,92.14944458007812,205.3699951171875,433.7200012207031,69.43497467041016,360.0790100097656,105.95401763916016,113.632080078125
2025-10-27,268.2986145019531,250.77000427246094,259.6700134277344,226.97000122070312,52.74589538574219,1125.830078125,928.5363159179688,81.77716064453125,111.58502197265625,411.0367126464844,12.967951774597168,119.6795425415039,682.1336669921875,34.20000076293945,302.7842102050781,69.57134246826172,32.11005401611328,571.5015258789062,308.1508483886719,529.3189697265625,3.5799999237060547,191.47933959960938,11.659191131591797,23.940359115600586,86.03954315185547,683.2211303710938,95.58084869384766,209.22000122070312,452.4200134277344,69.47928619384766,363.5357971191406,104.25747680664062,114.1737060546875
2025-10-28,268.4882507324219,253.35000610351562,258.010009765625,229.25,52.5966682434082,1119.5008544921875,922.8543701171875,81.5291976928711,110.89966583251953,409.31365966796875,12.840815544128418,117.10652923583984,677.681884765625,34.529998779296875,303.98876953125,69.670654296875,30.95508575439453,565.0811767578125,304.57232666015625,539.8251953125,3.700000047683716,201.01881408691406,11.580612182617188,23.679401397705078,84.27376556396484,685.0357666015625,94.93563079833984,211.24000549316406,460.54998779296875,68.60401916503906,365.38336181640625,102.96012115478516,113.2775650024414
2025-10-29,269.1869201660156,247.75,264.3299865722656,230.3000030517578,52.308170318603516,1092.681396484375,911.1309814453125,79.9422607421875,109.49913787841797,404.2342224121094,12.948391914367676,117.72246551513672,654.8339233398438,34.36000061035156,304.13812255859375,67.8732681274414,30.526952743530273,553.7482299804688,300.5464782714844,539.3073120117188,3.700000047683716,207.02847290039062,11.010912895202637,23.476436614990234,83.03082275390625,685.3648071289062,92.01258087158203,207.08999633789062,461.510009765625,67.55147552490234,352.88739013671875,102.2515640258789,114.67593383789062
2025-10-30,270.8836669921875,249.25,254.83999633789062,222.86000061035156,52.75584030151367,1092.731201171875,918.8800048828125,76.06417083740234,111.08838653564453,402.3319091796875,12.772356986999512,117.6628646850586,654.9736938476562,33.369998931884766,308.05047607421875,68.4988784790039,29.95942497253418,552.8495483398438,300.6260070800781,523.582763671875,3.6700000762939453,202.8787078857422,9.851869583129883,23.476436614990234,82.0246353149414,677.8270874023438,90.83944702148438,207.2100067138672,440.1000061035156,67.44066619873047,342.44757080078125,102.02203369140625,112.9427490234375
2025-10-31,269.85565185546875,250.10000610351562,256.1199951171875,244.22000122070312,53.17367172241211,1077.5650634765625,911.4500122070312,77.51225280761719,111.86315155029297,396.8540954589844,12.840815544128418,119.0040054321289,666.32275390625,33.040000915527344,309.722900390625,68.41943359375,30.168514251708984,551.162109375,296.6498718261719,515.6656494140625,3.680000066757202,202.47872924804688,9.704533576965332,23.824377059936523,79.7754898071289,680.050537109375,90.64392852783203,204.19000244140625,456.55999755859375,66.68727111816406,339.27886962890625,100.97416687011719,112.6177749633789
2025-11-03,268.53814697265625,248.44000244140625,259.6499938964844,254.0,53.283103942871094,1063.6527099609375,928.0399780273438,77.79988861083984,111.36650848388672,402.0032653808594,12.723458290100098,121.24917602539062,674.9468994140625,32.779998779296875,307.96087646484375,67.49592590332031,30.297950744628906,543.2539672851562,294.6021423339844,514.888916015625,3.630000114440918,206.8684844970703,9.655421257019043,23.834041595458984,79.86426544189453,681.3267822265625,89.40235900878906,205.72000122070312,468.3699951171875,67.21908569335938,331.5607604980469,101.38333129882812,112.02691650390625
2025-11-04,269.5262756347656,242.89999389648438,250.0500030517578,249.32000732421875,53.263206481933594,1054.7760009765625,940.739990234375,77.44282531738281,110.72087860107422,405.24017333984375,12.50830364227295,122.19293975830078,659.2058715820312,31.81999969482422,307.861328125,68.18111419677734,29.541248321533203,551.9209594726562,297.4252014160156,512.2001342773438,3.5199999809265137,198.67893981933594,9.40986156463623,23.486099243164062,78.52267456054688,673.2506103515625,87.96527862548828,203.88999938964844,444.260009765625,67.37419128417969,328.6205139160156,102.06195068359375,112.40113067626953
2025-11-05,269.6260986328125,247.82000732421875,256.3299865722656,250.1999969482422,52.17884063720703,1068.3697509765625,935.030029296875,77.90899658203125,110.61161041259766,398.7962341308594,12.82125473022461,121.77569580078125,654.125244140625,32.040000915527344,310.2803955078125,68.03215789794922,31.4827880859375,552.4801025390625,303.8466796875,505.0597839355469,3.569999933242798,195.1991424560547,9.311636924743652,23.785717010498047,81.7582778930664,675.583740234375,89.88139343261719,199.14999389648438,462.07000732421875,67.90601348876953,325.5511474609375,101.26358032226562,111.94813537597656
2025-11-06,269.25677490234375,241.33999633789062,237.6999969482422,243.0399932861328,53.01449966430664,1064.2596435546875,923.5800170898438,78.01809692382812,109.7474594116211,399.84197998046875,12.831035614013672,122.59031677246094,652.4383544921875,31.950000762939453,312.0126037597656,68.57831573486328,31.37326431274414,552.4501953125,296.6300048828125,495.04144287109375,3.5899999141693115,188.0695343017578,9.203591346740723,24.01767921447754,81.10721588134766,668.3351440429688,87.15386199951172,202.94000244140625,445.9100036621094,67.4849853515625,319.4124450683594,101.47315216064453,112.7556381225586
2025-11-07,267.9592590332031,245.75999450683594,233.5399932861328,244.41000366210938,52.924964904785156,1076.9578857421875,922.739990234375,78.34539794921875,109.99578094482422,408.52685546875,13.068464279174805,118.06023406982422,647.6571655273438,31.790000915527344,312.7990417480469,70.05792999267578,32.30918502807617,551.14208984375,297.8725280761719,494.7626037597656,3.559999942779541,188.1395263671875,9.26252555847168,24.02751350402832,84.41188049316406,668.9931640625,89.19705963134766,201.97999572753906,429.5199890136719,68.6987075805664,322.04473876953125,102.38129425048828,115.4342041015625
2025-11-10,269.1781311035156,244.5500030517578,243.97999572753906,248.39999389648438,53.14382553100586,1077.3858642578125,915.5599975585938,76.90723419189453,111.4856948852539,405.9472961425781,13.019000053405762,117.37476348876953,652.0690307617188,31.40999984741211,315.4670104980469,70.02812957763672,32.518272399902344,552.1306762695312,297.3158874511719,503.90460205078125,3.6500000953674316,199.03892517089844,9.193106651306152,23.98817253112793,83.45500183105469,679.432373046875,88.698486328125,203.94000244140625,445.2300109863281,67.9610824584961,319.4322814941406,102.2116470336914,116.4189682006836
2025-11-11,274.99267578125,242.55999755859375,237.52000427246094,249.10000610351562,53.35274124145508,1080.500732421875,913.8599853515625,79.21822357177734,114.07815551757812,407.5806884765625,13.157500267028809,121.75582885742188,653.1171264648438,31.610000610351562,314.20269775390625,71.11053466796875,31.851181030273438,557.5125732421875,304.999755859375,506.573486328125,3.630000114440918,193.1492462158203,9.361695289611816,25.0897216796875,85.2503662109375,680.9877319335938,89.52944946289062,205.99000549316406,439.6199951171875,68.25166320800781,325.26312255859375,103.22957611083984,117.9552001953125
2025-11-12,273.21435546875,246.52999877929688,258.8900146484375,244.1999969482422,53.830257415771484,1088.6312255859375,914.0,79.60504150390625,115.8660659790039,402.13275146484375,13.305892944335938,122.59031677246094,658.0879516601562,31.25,318.97119140625,71.01123046875,33.1953239440918,560.3882446289062,305.1091003417969,509.0233154296875,3.6700000762939453,193.78921508789062,9.272442817687988,25.443790435791016,86.07901000976562,681.3666381835938,90.98465728759766,207.2899932861328,430.6000061035156,68.1622543334961,336.7955627441406,103.22957611083984,116.32048797607422
2025-11-13,272.6948547363281,247.57000732421875,247.9600067138672,237.5800018310547,52.5966682434082,1064.46875,925.0800170898438,78.5933609008789,106.8868179321289,407.03289794921875,13.137714385986328,124.37850189208984,648.9148559570312,30.709999084472656,308.0903015136719,70.57430267333984,32.89662551879883,554.7367553710938,305.7452697753906,501.205810546875,3.700000047683716,186.84959411621094,9.183189392089844,25.365108489990234,85.27010345458984,670.0599975585938,89.7076416015625,203.25999450683594,401.989990234375,67.42463684082031,330.2992248535156,102.33140563964844,116.98028564453125
2025-11-14,272.15533447265625,245.2100067138672,246.80999755859375,234.69000244140625,52.3380126953125,1052.8154296875,922.97998046875,77.1750259399414,105.08898162841797,408.5069274902344,13.048678398132324,124.1996841430664,661.1921997070312,29.309999465942383,302.2466125488281,70.6636734008789,32.67757797241211,544.9114990234375,305.1985778808594,508.0672912597656,3.7200000286102295,190.15940856933594,9.093935012817383,24.64713478088379,84.23676300048828,669.9503784179688,88.99488830566406,204.0800018310547,404.3500061035156,66.20646667480469,319.7104187011719,102.27153015136719,118.50015258789062
2025-11-17,267.2099609375,241.3300018310547,240.52000427246094,232.8699951171875,51.2138557434082,1018.8408203125,912.5900268554688,77.77013397216797,104.97972106933594,402.9992370605469,12.741999626159668,123.27578735351562,644.7924194335938,29.540000915527344,299.02117919921875,70.18701934814453,31.711788177490234,536.0447998046875,303.0812683105469,505.388427734375,3.819999933242798,186.58961486816406,8.94517993927002,24.666805267333984,83.15374755859375,663.7088012695312,87.58918762207031,199.0,408.9200134277344,66.17292785644531,318.3793640136719,102.74056243896484,116.90081024169922
2025-11-18,267.19000244140625,240.0,230.2899932861328,222.5500030517578,51.37302780151367,1014.2034301757812,895.0800170898438,77.30397033691406,105.56575012207031,401.71441650390625,12.880500793457031,126.34551239013672,648.5355224609375,29.450000762939453,298.06549072265625,70.72325134277344,31.82131004333496,526.7887573242188,302.77313232421875,491.74517822265625,3.9000000953674316,181.3498992919922,9.103853225708008,25.030710220336914,82.79605865478516,658.1353149414062,87.63867950439453,195.9600067138672,401.25,66.37409973144531,311.4857177734375,101.1837387084961,118.24187469482422
2025-11-19,268.3089294433594,241.0800018310547,223.5500030517578,222.69000244140625,51.75106430053711,1009.7650146484375,890.5999755859375,75.9253158569336,103.96656799316406,398.0592346191406,12.761785507202148,127.22968292236328,649.4238891601562,28.875,301.90814208984375,70.61402130126953,31.781484603881836,529.5645141601562,300.93414306640625,485.102783203125,3.7699999809265137,186.50961303710938,9.401363372802734,24.4700984954834,83.14381408691406,660.6777954101562,85.21334838867188,196.77999877929688,403.989990234375,65.7929458618164,307.0257263183594,100.40532684326172,116.572998046875
2025-11-20,266.0010986328125,240.7899932861328,206.02000427246094,217.13999938964844,50.73633575439453,987.7123413085938,893.2899780273438,75.41947174072266,102.00981140136719,395.609130859375,12.2770357131958,124.16988372802734,636.2681274414062,28.389999389648438,297.0401306152344,70.71332550048828,31.024782180786133,527.0882568359375,302.345703125,477.3404846191406,3.7300000190734863,180.62994384765625,9.312110900878906,23.99800682067871,82.09060668945312,650.6075439453125,82.83750915527344,191.25,395.2300109863281,66.25116729736328,309.4593505859375,106.89210510253906,116.24517822265625
2025-11-21,271.2361755371094,251.85000610351562,203.77999877929688,220.69000244140625,51.29344177246094,1009.8047485351562,899.010009765625,77.39323425292969,103.57919311523438,405.758056640625,12.692535400390625,125.8090591430664,661.930908203125,28.93000030517578,296.6817321777344,72.4411849975586,32.65766525268555,539.5895385742188,307.5047302246094,471.04486083984375,3.8499999046325684,178.8700408935547,9.550119400024414,24.627464294433594,84.80310821533203,657.08837890625,86.73784637451172,197.6199951171875,391.0899963378906,67.50287628173828,317.83306884765625,105.10574340820312,116.3047866821289
2025-11-24,275.6620788574219,243.6199951171875,215.0500030517578,226.27999877929688,51.661529541015625,1014.5516967773438,886.1199951171875,77.26429748535156,101.25492095947266,401.0471496582031,12.82114315032959,124.44804382324219,652.0291137695312,29.059999465942383,296.6618347167969,72.08369445800781,33.135581970214844,537.0432739257812,303.0812683105469,472.92059326171875,3.809999942779541,182.5398406982422,9.639373779296875,24.80449867248535,82.80598449707031,666.759765625,83.68885040283203,199.05999755859375,417.7799987792969,66.60879516601562,316.919189453125,103.84830474853516,115.20213317871094
2025-11-25,276.7110900878906,249.22999572753906,206.1300048828125,229.6699981689453,52.208683013916016,1024.781982421875,894.3300170898438,77.82964324951172,102.61570739746094,415.9368591308594,13.028892517089844,126.2859115600586,646.8786010742188,29.139999389648438,301.6393737792969,72.10356140136719,34.21089553833008,545.6503295898438,308.5981750488281,475.90374755859375,3.759999990463257,177.8101043701172,9.817879676818848,25.296260833740234,85.35952758789062,673.03125,85.70831298828125,200.25999450683594,419.3999938964844,67.31288146972656,324.1009216308594,106.7823257446289,113.75180053710938
2025-11-26,277.29052734375,247.85000610351562,214.24000549316406,229.16000366210938,52.71604919433594,1035.0220947265625,908.260009765625,79.20829772949219,102.73490905761719,413.9150390625,13.048678398132324,126.67334747314453,627.9734497070312,29.420000076293945,306.258544921875,72.37167358398438,34.907859802246094,544.1126708984375,310.5365295410156,484.3943786621094,3.759999990463257,180.2499542236328,9.788128852844238,25.28642463684082,86.14445495605469,677.6775512695312,88.8958969116211,202.44000244140625,426.5799865722656,67.27935028076172,327.50799560546875,108.87805938720703,114.01007843017578
2025-11-28,278.5893249511719,250.0,217.52999877929688,233.22000122070312,53.37263870239258,1042.22705078125,913.5900268554688,79.7042236328125,103.7679214477539,417.93878173828125,13.137714385986328,125.0143051147461,632.914306640625,29.829999923706055,311.6741027832031,72.61000061035156,34.65894317626953,549.704345703125,309.9599914550781,490.88958740234375,3.640000104904175,176.99014282226562,9.77821159362793,25.31593132019043,86.55183410644531,681.3765869140625,89.7076416015625,201.8699951171875,430.1700134277344,67.7152099609375,327.5675964355469,110.28519439697266,115.1524658203125
2025-12-01,282.8353576660156,257.42999267578125,219.75999450683594,233.8800048828125,52.96475601196289,1034.902587890625,911.9600219726562,78.45449829101562,106.05245971679688,422.1417541503906,13.019000053405762,123.51421356201172,630.4588623046875,29.889999389648438,307.5328063964844,71.94999694824219,34.619117736816406,543.1541137695312,303.57000732421875,485.6315612792969,3.6500000953674316,179.9099884033203,9.708792686462402,24.853675842285156,84.36593627929688,678.2658081054688,90.440185546875,199.22000122070312,430.1400146484375,67.4469985961914,321.0514221191406,111.30311584472656,115.8577651977539
2025-12-02,285.9224548339844,261.0199890136719,215.24000549316406,234.4199981689453,52.91501235961914,1033.5889892578125,922.030029296875,76.98657989501953,104.12550354003906,422.9285888671875,12.82114315032959,123.09696960449219,634.4614868164062,30.049999237060547,306.4974670410156,70.66999816894531,35.27625274658203,545.0911865234375,300.7200012207031,488.8841552734375,3.6700000762939453,181.4499053955078,9.421197891235352,24.73565101623535,84.65406799316406,679.5220947265625,89.55915069580078,196.99000549316406,429.239990234375,66.53055572509766,322.3725280761719,112.18132781982422,114.61603546142578
2025-12-03,283.8843688964844,272.8500061035156,217.60000610351562,232.3800048828125,53.81036376953125,1074.6392822265625,922.260009765625,74.3879623413086,105.02938079833984,429.9501647949219,12.949749946594238,124.17981719970703,646.4893188476562,29.8700008392334,310.7283935546875,70.80999755859375,35.525169372558594,552.8994750976562,307.7099914550781,476.64208984375,3.740000009536743,179.5800018310547,9.817879676818848,25.148731231689453,86.55183410644531,681.8751220703125,90.0046157836914,195.44000244140625,446.739990234375,66.34056854248047,337.44122314453125,114.17726135253906,117.02001953125
2025-12-04,280.4375915527344,269.3399963378906,215.97999572753906,229.11000061035156,53.880001068115234,1070.3699951171875,895.8599853515625,76.1236801147461,104.76119995117188,425.3487854003906,12.999214172363281,121.81543731689453,661.8610229492188,29.739999771118164,314.6805725097656,70.44999694824219,35.654605865478516,541.4966430664062,308.5400085449219,479.7449951171875,3.740000009536743,183.3800048828125,9.74846076965332,25.27659034729004,84.45535278320312,682.3736572265625,90.6678695678711,198.27000427246094,454.5299987792969,66.06117248535156,331.26275634765625,114.60637664794922,116.36438751220703
2025-12-05,278.5193786621094,266.5899963378906,217.97000122070312,229.52999877929688,53.95000076293945,1072.1600341796875,894.6799926757812,75.0128173828125,104.59234619140625,414.8711853027344,12.890392303466797,120.42462158203125,672.3916015625,29.899999618530273,313.6253356933594,70.0,37.68574905395508,544.7018432617188,311.2300109863281,482.0597229003906,3.740000009536743,182.41000366210938,9.688959121704102,25.601154327392578,84.5745849609375,683.6697998046875,91.26183319091797,196.55999755859375,455.0,66.47467803955078,328.6999816894531,114.8758316040039,115.76836395263672
2025-12-08,277.6302185058594,266.5,221.11000061035156,226.88999938964844,53.900001525878906,1062.02001953125,887.52001953125,75.90547180175781,106.90667724609375,416.783447265625,12.999214172363281,120.39482116699219,655.0335693359375,29.920000076293945,313.7945556640625,70.25,37.78532028198242,539.6294555664062,309.7900085449219,489.9018249511719,3.569999933242798,185.5500030517578,9.758378028869629,25.34543800354004,82.87554168701172,681.6159057617188,92.1230697631836,195.2100067138672,439.5799865722656,61.80312728881836,323.6199951171875,113.3289794921875,115.21207427978516
2025-12-09,276.9208679199219,269.5299987792969,221.6199951171875,227.9199981689453,53.540000915527344,1071.31005859375,888.4400024414062,77.60151672363281,106.30077362060547,415.50860595703125,12.93985652923584,118.57682800292969,654.5444946289062,29.700000762939453,299.16058349609375,70.08999633789062,37.98445129394531,536.7437744140625,310.7900085449219,490.8995361328125,3.5299999713897705,184.97000122070312,9.9170503616333,24.91268539428711,81.75277709960938,681.027587890625,92.67743682861328,196.33999633789062,445.1700134277344,63.55498504638672,323.6000061035156,114.825927734375,117.467041015625
2025-12-10,278.5193786621094,272.2200012207031,221.4199981689453,231.77999877929688,54.08000183105469,1083.3599853515625,874.4099731445312,78.3255615234375,108.09861755371094,417.1918029785156,13.266321182250977,120.54383087158203,661.2122192382812,29.610000610351562,308.7174377441406,70.20999908447266,39.657161712646484,538.0517578125,310.5299987792969,477.4701843261719,3.4800000190734863,183.77999877929688,9.847631454467773,25.35527229309082,83.3127212524414,685.5443115234375,93.66736602783203,200.77999877929688,451.45001220703125,63.376346588134766,328.3699951171875,112.94976043701172,118.74849700927734
2025-12-11,277.77008056640625,270.3699951171875,221.42999267578125,230.27999877929688,54.560001373291016,1101.8399658203125,884.47998046875,80.1703872680664,110.7109375,431.9222106933594,13.483963966369629,122.40156555175781,674.7672119140625,29.540000915527344,315.9548034667969,69.11000061035156,40.56321334838867,562.5250244140625,309.7099914550781,482.3690185546875,3.450000047683716,180.92999267578125,10.155059814453125,25.374942779541016,84.19701385498047,687.1395263671875,95.99370574951172,203.55999755859375,446.8900146484375,64.32907104492188,336.7300109863281,115.28499603271484,118.74849700927734
2025-12-12,278.0198669433594,271.55999755859375,210.77999877929688,226.19000244140625,55.13999938964844,1089.0899658203125,884.469970703125,78.77188873291016,110.8499984741211,429.9900207519531,13.612571716308594,119.61000061035156,669.6965942382812,29.440000534057617,317.0896911621094,70.5199966430664,40.9913444519043,571.0722045898438,316.7200012207031,477.4402770996094,3.430000066757202,175.02000427246094,10.145142555236816,25.42411994934082,84.80310821533203,679.7514038085938,96.11249542236328,208.1199951171875,458.9599914550781,64.44816589355469,341.8399963378906,116.69999694824219,118.03326416015625
2025-12-15,273.8537292480469,274.6600036621094,207.5800018310547,222.5399932861328,55.33000183105469,1082.1600341796875,860.5599975585938,79.03968811035156,110.48999786376953,437.5,13.50374984741211,119.77999877929688,653.3965454101562,28.850000381469727,318.58294677734375,70.97000122070312,41.53895950317383,568.2764282226562,318.7300109863281,473.73870849609375,3.5,176.2899932861328,10.055890083312988,25.994564056396484,84.85279083251953,678.7244262695312,96.57776641845703,214.80999755859375,475.30999755859375,64.54740905761719,341.1000061035156,116.79000091552734,116.98028564453125
2025-12-16,274.353271484375,272.0400085449219,209.1699981689453,222.55999755859375,54.810001373291016,1068.1400146484375,860.3900146484375,77.65111541748047,111.62000274658203,433.8999938964844,13.52353572845459,118.77999877929688,668.1194458007812,28.850000381469727,314.1330261230469,70.37000274658203,41.987003326416016,565.1710815429688,314.5,475.3051452636719,3.450000047683716,177.72000122070312,10.24431324005127,25.109392166137695,84.53484344482422,676.8699340820312,96.68665313720703,214.4199981689453,489.8800048828125,63.84278869628906,334.20001220703125,115.41999816894531,113.9206771850586
2025-12-17,271.58587646484375,273.739990234375,198.11000061035156,221.27000427246094,54.54999923706055,1065.0,862.6500244140625,77.24445343017578,110.62999725341797,438.4200134277344,13.16739273071289,121.36000061035156,659.5652465820312,28.600000381469727,313.5655822753906,70.66999816894531,40.80216979980469,564.6218872070312,318.69000244140625,475.0357360839844,3.4600000381469727,170.94000244140625,10.462488174438477,24.627464294433594,84.66400909423828,669.4219360351562,97.60729217529297,214.24000549316406,467.260009765625,65.07339477539062,331.6300048828125,115.66000366210938,116.63260650634766
2025-12-18,271.935546875,269.9599914550781,201.05999755859375,226.75999450683594,54.2599983215332,1064.989990234375,857.5900268554688,77.15518951416016,111.87000274658203,431.3699951171875,13.177285194396973,121.47000122070312,667.6503295898438,28.799999237060547,311.594482421875,70.36000061035156,40.553253173828125,565.3607788085938,319.6499938964844,482.87786865234375,3.380000114440918,174.13999938964844,10.38315200805664,24.627464294433594,88.84703063964844,674.4769287109375,98.05276489257812,216.0800018310547,483.3699951171875,64.70619201660156,328.1400146484375,114.83000183105469,115.76836395263672
2025-12-19,273.4141845703125,272.25,213.42999267578125,227.35000610351562,55.27000045776367,1060.1700439453125,855.6199951171875,77.08576202392578,111.23999786376953,431.510009765625,13.325678825378418,124.29000091552734,670.0658569335938,28.81999969482422,315.7855529785156,70.05999755859375,41.08095169067383,571.3717041015625,315.8399963378906,484.8134460449219,3.369999885559082,180.99000549316406,10.53190803527832,24.774993896484375,87.7640151977539,680.5900268554688,97.02323913574219,219.3800048828125,481.20001220703125,64.6069564819336,327.4200134277344,114.36000061035156,115.91736602783203
2025-12-22,270.7166748046875,270.6700134277344,214.9499969482422,228.42999267578125,55.880001068115234,1088.2099609375,850.0,77.72054290771484,112.37999725341797,427.8900146484375,13.31578540802002,124.16000366210938,673.96875,29.09000015258789,321.63916015625,70.20999908447266,42.05670166015625,574.8365478515625,316.2200012207031,483.81573486328125,3.4200000762939453,183.69000244140625,10.541825294494629,24.794662475585938,85.61785125732422,684.8300170898438,94.24152374267578,219.50999450683594,488.7300109863281,64.468017578125,325.1600036621094,112.5999984741211,117.3676986694336
2025-12-23,272.1053771972656,270.7699890136719,214.89999389648438,232.13999938964844,55.970001220703125,1086.550048828125,854.7899780273438,77.40315246582031,113.22000122070312,426.17999267578125,13.14760684967041,125.19000244140625,672.9006958007812,29.079999923706055,324.4664001464844,69.87000274658203,41.37965393066406,575.4855346679688,310.8399963378906,485.7413330078125,3.380000114440918,189.2100067138672,10.53190803527832,24.4700984954834,83.3226547241211,687.9600219726562,93.35059356689453,219.24000549316406,485.55999755859375,65.23218536376953,324.79998779296875,110.9000015258789,118.62928771972656
2025-12-24,273.55401611328125,269.9800109863281,215.0399932861328,232.3800048828125,56.25,1088.9599609375,871.8599853515625,78.4743423461914,114.4800033569336,425.42999267578125,13.216856956481934,125.66999816894531,673.5894165039062,29.170000076293945,327.6918640136719,70.11000061035156,41.29999923706055,578.5809326171875,313.3299865722656,486.90863037109375,3.390000104904175,188.61000061035156,10.551742553710938,24.617630004882812,84.02810668945312,690.3800048828125,95.55813598632812,216.72999572753906,485.3999938964844,65.4902114868164,327.5799865722656,111.61000061035156,118.43061828613281
2025-12-26,273.1444091796875,271.0899963378906,214.99000549316406,232.52000427246094,56.16999816894531,1088.1099853515625,873.3499755859375,78.96034240722656,113.55999755859375,425.55999755859375,13.16739273071289,124.69999694824219,675.3062133789062,29.399999618530273,326.4375305175781,69.87000274658203,41.279998779296875,578.7306518554688,310.67999267578125,486.599365234375,3.430000066757202,190.52999877929688,10.650912284851074,24.676639556884766,84.53484344482422,690.3099975585938,98.54773712158203,216.6199951171875,475.19000244140625,65.67877197265625,331.8299865722656,111.73999786376953,118.32134246826172
2025-12-29,273.50408935546875,271.3399963378906,215.61000061035156,232.07000732421875,55.349998474121094,1088.4000244140625,867.8400268554688,79.36698913574219,114.19000244140625,421.25,13.137714385986328,124.91000366210938,672.9107055664062,29.270000457763672,322.29620361328125,70.16000366210938,41.119998931884766,577.0332641601562,308.5299987792969,485.9907531738281,3.4800000190734863,188.22000122070312,10.611244201660156,24.588123321533203,85.02169799804688,687.8499755859375,97.1123275756836,216.44000244140625,459.6400146484375,65.2718734741211,328.94000244140625,112.52999877929688,119.73194122314453
2025-12-30,272.82470703125,270.0,215.33999633789062,232.52999877929688,55.279998779296875,1083.31005859375,865.6500244140625,79.19837951660156,114.79000091552734,421.9200134277344,13.088249206542969,123.18000030517578,668.6484985351562,28.709999084472656,321.96771240234375,70.06999969482422,41.27000045776367,576.553955078125,308.0299987792969,486.3699035644531,3.4200000762939453,187.5399932861328,10.56165885925293,24.57828712463379,84.70375061035156,687.010009765625,96.4490737915039,214.85000610351562,454.42999267578125,65.12301635742188,332.1600036621094,111.91999816894531,120.18889617919922
2025-12-31,271.6058349609375,268.29998779296875,214.16000366210938,230.82000732421875,55.0,1070.3399658203125,862.3400268554688,78.7123794555664,113.7699966430664,416.82000732421875,12.9794282913208,122.73999786376953,661.2022094726562,28.700000762939453,320.7730712890625,69.91000366210938,41.33000183105469,570.0238037109375,305.6300048828125,482.5186767578125,3.440000057220459,186.5,10.482321739196777,24.489770889282227,83.67041015625,681.9199829101562,96.76585388183594,214.05999755859375,449.7200012207031,64.9046859741211,330.1099853515625,111.41000366210938,119.54319763183594
2026-01-02,270.75665283203125,259.95001220703125,223.47000122070312,226.5,55.95000076293945,1085.06005859375,854.5,79.4760971069336,111.8499984741211,425.2799987792969,13.197071075439453,121.5999984741211,628.3028564453125,29.530000686645508,324.0184326171875,69.12000274658203,41.29999923706055,562.285400390625,303.260009765625,471.8630065917969,3.369999885559082,188.85000610351562,10.24431324005127,24.76515769958496,83.43195343017578,683.1699829101562,99.4980697631836,217.8699951171875,438.07000732421875,64.55733489990234,336.3999938964844,112.76000213623047,121.83790588378906
2026-01-05,267.0101623535156,263.9800109863281,221.0800018310547,233.05999755859375,56.88999938964844,1119.760009765625,875.739990234375,79.76372528076172,114.06999969482422,411.44000244140625,13.325678825378418,118.30000305175781,632.6748046875,29.649999618530273,332.5400085449219,67.94000244140625,42.439998626708984,567.7172241210938,299.8599853515625,471.773193359375,3.4100000858306885,188.1199951171875,9.996386528015137,24.755321502685547,86.00535583496094,687.719970703125,101.07205200195312,218.86000061035156,451.6700134277344,63.25725555419922,342.0199890136719,112.70999908447266,124.52996063232422
2026-01-06,262.1147155761719,275.92999267578125,214.35000610351562,240.92999267578125,57.25,1112.280029296875,889.0999755859375,80.04144287109375,114.56999969482422,406.5,13.652142524719238,121.36000061035156,646.0101928710938,29.600000381469727,334.6099853515625,67.83999633789062,42.47999954223633,579.4696044921875,302.7699890136719,477.4203186035156,3.450000047683716,187.24000549316406,10.055890083312988,25.01103973388672,88.88677215576172,691.8099975585938,103.24990844726562,215.27000427246094,432.9599914550781,63.99165344238281,348.9700012207031,114.33999633789062,120.24850463867188
2026-01-07,260.08660888671875,273.9800109863281,210.02000427246094,241.55999755859375,55.63999938964844,1075.0899658203125,882.5800170898438,79.13887023925781,112.91000366210938,405.5,13.592785835266113,124.3499984741211,649.9529418945312,29.030000686645508,326.989990234375,67.54000091552734,42.63999938964844,579.0501708984375,304.1600036621094,482.3690185546875,3.759999990463257,189.11000061035156,10.115391731262207,24.863510131835938,86.13452911376953,689.5800170898438,102.62625122070312,213.3300018310547,431.4100036621094,62.14573669433594,341.70001220703125,112.72000122070312,117.7054443359375
2026-01-08,258.7978515625,281.82000732421875,204.67999267578125,246.2899932861328,56.18000030517578,1087.9200439453125,915.3099975585938,79.9422607421875,114.16999816894531,406.5799865722656,14.24571418762207,120.66999816894531,651.5499877929688,29.670000076293945,329.7900085449219,69.37000274658203,42.91999816894531,579.2000122070312,308.8800048828125,477.0212097167969,3.9000000953674316,185.0399932861328,10.38315200805664,24.87334632873535,87.61497497558594,689.510009765625,105.25946807861328,214.72999572753906,435.79998779296875,62.86028289794922,346.8500061035156,113.06999969482422,122.09618377685547
2026-01-09,259.1275329589844,280.6700134277344,203.1699981689453,247.3800048828125,55.849998474121094,1085.0999755859375,924.8800048828125,79.64471435546875,115.87999725341797,405.0899963378906,14.047857284545898,121.0999984741211,646.9000244140625,29.450000762939453,329.19000244140625,70.51000213623047,44.52000045776367,575.5399780273438,307.32000732421875,478.1885681152344,3.9100000858306885,184.86000061035156,10.51207447052002,25.06021499633789,88.31048583984375,694.0700073242188,104.4576187133789,221.52000427246094,445.010009765625,63.713768005371094,343.9800109863281,114.52999877929688,123.78492736816406
2026-01-12,260.0067138671875,280.9599914550781,207.69000244140625,246.47000122070312,55.189998626708984,1089.260009765625,943.0800170898438,79.7042236328125,112.81999969482422,415.95001220703125,13.879677772521973,122.5999984741211,635.4400024414062,30.729999542236328,324.489990234375,70.5,43.849998474121094,566.280029296875,306.75,476.09332275390625,3.9600000381469727,184.94000244140625,10.502157211303711,24.853675842285156,89.3835678100586,695.1599731445312,105.07138061523438,222.58999633789062,448.9599914550781,63.93210220336914,340.510009765625,117.97000122070312,123.2087631225586
2026-01-13,260.8059387207031,276.79998779296875,220.97000122070312,242.60000610351562,54.540000915527344,1089.5400390625,941.9299926757812,80.0216064453125,112.9800033569336,410.9100036621094,13.83021354675293,121.76000213623047,605.280029296875,29.8799991607666,310.8999938964844,71.23999786376953,43.20000076293945,544.989990234375,309.44000244140625,469.5981750488281,4.059999942779541,185.80999755859375,10.44265365600586,24.73565101623535,89.97972106933594,693.77001953125,107.53630828857422,229.02999877929688,447.20001220703125,64.2099838256836,333.92999267578125,120.36000061035156,125.7021484375
2026-01-14,259.71697998046875,288.5400085449219,223.60000610351562,236.64999389648438,52.47999954223633,1091.8499755859375,950.97998046875,78.68262481689453,113.52999877929688,407.3800048828125,13.6917142868042,124.06999969482422,566.5999755859375,29.829999923706055,307.8699951171875,71.44000244140625,42.54999923706055,546.8200073242188,308.1300048828125,458.3338928222656,4.059999942779541,183.13999938964844,10.56165885925293,25.158567428588867,90.56594848632812,690.3599853515625,108.7143325805664,227.3000030517578,439.20001220703125,64.83521270751953,334.9599914550781,120.04000091552734,129.33790588378906
2026-01-15,257.9685974121094,287.7699890136719,227.9199981689453,238.17999267578125,52.59000015258789,1156.6500244140625,956.75,80.69606018066406,113.41000366210938,409.0899963378906,13.662035942077637,121.26000213623047,554.5800170898438,29.40999984741211,309.260009765625,70.4800033569336,43.099998474121094,542.6500244140625,308.6199951171875,455.6200866699219,4.090000152587891,187.0500030517578,10.650912284851074,25.463459014892578,92.68229675292969,692.239990234375,110.01113891601562,232.3300018310547,438.57000732421875,63.72369384765625,338.9599914550781,119.19999694824219,128.27500915527344
2026-01-16,255.29112243652344,286.2099914550781,231.8300018310547,239.1199951171875,52.970001220703125,1163.1700439453125,963.6099853515625,77.95858001708984,111.19999694824219,400.2799987792969,13.454285621643066,124.91000366210938,545.2899780273438,28.899999618530273,312.4700012207031,70.44000244140625,43.119998931884766,539.489990234375,307.42999267578125,458.8127746582031,4.090000152587891,186.22999572753906,10.422820091247559,25.227413177490234,92.39414978027344,691.6599731445312,110.15962982177734,231.4199981689453,437.5,64.02142333984375,331.0199890136719,119.69999694824219,129.02996826171875
2026-01-20,246.46937561035156,272.7099914550781,231.9199981689453,231.0,52.099998474121094,1110.050048828125,964.260009765625,79.43641662597656,110.33999633789062,387.6400146484375,13.137714385986328,124.13999938964844,528.9500122070312,28.3799991607666,302.739990234375,71.75,42.380001068115234,531.739990234375,302.8399963378906,453.48492431640625,4.059999942779541,178.07000732421875,9.907133102416992,25.09955596923828,93.05986785888672,677.5800170898438,108.2391586303711,220.47000122070312,419.25,64.4084701538086,338.42999267578125,118.70999908447266,129.59620666503906
2026-01-21,247.41848754882812,280.7200012207031,249.8000030517578,231.30999755859375,52.06999969482422,1127.8499755859375,982.8599853515625,80.82499694824219,113.19000244140625,398.9200134277344,13.622464179992676,129.11000061035156,524.9199829101562,29.06999969482422,302.0400085449219,72.01000213623047,42.849998474121094,527.5700073242188,305.69000244140625,443.0986328125,4.090000152587891,183.32000732421875,10.105474472045898,25.463459014892578,95.8121109008789,685.4000244140625,104.9723892211914,227.74000549316406,431.44000244140625,64.33900451660156,347.75,119.36000061035156,132.725341796875
2026-01-22,248.1178436279297,285.0899963378906,253.72999572753906,234.33999633789062,52.45000076293945,1139.719970703125,976.1699829101562,82.68000030517578,113.20999908447266,405.3299865722656,13.56310749053955,131.13999938964844,547.6900024414062,30.0,303.6300048828125,71.87000274658203,42.439998626708984,532.8599853515625,306.0299987792969,450.1126403808594,4.010000228881836,184.83999633789062,10.264147758483887,25.670000076293945,95.21595764160156,688.97998046875,105.4277572631836,227.0399932861328,449.3599853515625,65.03369903564453,354.4700012207031,117.83000183105469,132.75514221191406
2026-01-23,247.80812072753906,281.07000732421875,259.67999267578125,239.16000366210938,51.720001220703125,1129.9100341796875,983.25,83.01000213623047,110.9800033569336,411.5,13.414714813232422,135.92999267578125,563.969970703125,29.84000015258789,297.7200012207031,72.87999725341797,41.95000076293945,524.739990234375,309.25,464.888916015625,4.059999942779541,187.6699981689453,10.135226249694824,25.649999618530273,96.99449157714844,689.22998046875,107.01165008544922,226.27999877929688,449.05999755859375,66.49256134033203,356.260009765625,117.7300033569336,134.0763397216797
2026-01-26,255.17123413085938,280.7099914550781,251.30999755859375,238.4199981689453,52.02000045776367,1121.5400390625,977.6699829101562,83.87000274658203,111.30999755859375,413.9100036621094,13.295999526977539,137.77999877929688,561.77001953125,29.780000686645508,301.0400085449219,72.55999755859375,42.029998779296875,527.3599853515625,312.95001220703125,469.20904541015625,4.039999961853027,186.47000122070312,10.204645156860352,25.8799991607666,95.71275329589844,692.72998046875,102.913330078125,225.6199951171875,435.20001220703125,66.80021667480469,351.6400146484375,117.63999938964844,133.9471893310547
2026-01-27,258.0285339355469,275.79998779296875,252.02999877929688,244.67999267578125,52.16999816894531,1106.68994140625,970.280029296875,72.0,110.61000061035156,413.8699951171875,13.780750274658203,140.97000122070312,545.4000244140625,29.5,300.30999755859375,73.55000305175781,41.34000015258789,520.4099731445312,314.1300048828125,479.485595703125,4.099999904632568,188.52000427246094,10.085640907287598,26.5,95.1066665649414,695.489990234375,103.05191802978516,224.1199951171875,430.8999938964844,67.04832458496094,282.70001220703125,116.94000244140625,135.92401123046875
2026-01-28,256.2002868652344,270.42999267578125,252.74000549316406,243.00999450683594,51.810001373291016,1121.6700439453125,960.780029296875,74.02999877929688,109.55999755859375,405.3699951171875,13.671928405761719,139.72000122070312,538.7000122070312,29.229999542236328,300.7699890136719,73.05999755859375,40.86000061035156,521.3699951171875,312.79998779296875,480.533203125,4.190000057220459,191.52000427246094,10.04597282409668,25.860000610351562,94.55025482177734,695.4199829101562,100.71568298339844,218.88999938964844,431.4599914550781,66.026123046875,294.0199890136719,116.56999969482422,136.66905212402344
2026-01-29,258.0385437011719,261.2200012207031,252.17999267578125,241.72999572753906,53.08000183105469,1127.780029296875,952.8900146484375,74.44000244140625,111.58000183105469,407.0799865722656,13.850000381469727,139.5500030517578,502.9800109863281,29.06999969482422,306.4200134277344,73.43000030517578,48.5,543.72998046875,315.510009765625,432.5128173828125,4.21999979019165,192.50999450683594,10.155059814453125,26.100000381469727,93.27845001220703,694.0399780273438,101.80460357666016,227.07000732421875,416.55999755859375,67.01854705810547,292.2900085449219,117.41000366210938,139.57965087890625
2026-01-30,259.2374267578125,263.6400146484375,236.72999572753906,239.3000030517578,53.20000076293945,1118.93994140625,940.25,74.5199966430664,112.80000305175781,410.3299865722656,13.73128604888916,141.9499969482422,498.9200134277344,28.479999542236328,305.8900146484375,74.80999755859375,47.52000045776367,538.7899780273438,315.0,429.31011962890625,4.159999847412109,191.1300048828125,10.343483924865723,26.440000534057617,91.3608169555664,691.969970703125,104.40812683105469,226.86000061035156,430.4100036621094,67.8422622680664,286.92999267578125,119.13999938964844,140.4637451171875
2026-02-02,269.7575988769531,266.7900085449219,246.27000427246094,242.9600067138672,54.029998779296875,1119.6600341796875,968.3599853515625,75.41999816894531,104.44999694824219,409.2200012207031,13.662035942077637,142.88999938964844,487.1199951171875,28.530000686645508,308.1400146484375,75.33000183105469,49.63999938964844,555.3699951171875,318.5299987792969,422.4058837890625,4.179999828338623,185.61000061035156,10.44265365600586,26.65999984741211,91.10248565673828,695.4099731445312,108.42725372314453,231.5800018310547,421.80999755859375,68.24915313720703,285.5899963378906,124.05999755859375,137.48361206054688
2026-02-03,269.22808837890625,241.2100067138672,242.11000061035156,238.6199951171875,54.45000076293945,1070.0799560546875,977.9199829101562,76.83000183105469,104.22000122070312,401.1099853515625,13.582892417907715,143.27999877929688,434.0899963378906,28.040000915527344,314.8500061035156,76.88999938964844,51.189998626708984,550.719970703125,319.4800109863281,410.2735595703125,4.239999771118164,180.33999633789062,10.343483924865723,25.770000457763672,92.44383239746094,689.530029296875,110.17943572998047,231.4199981689453,421.9599914550781,68.62628173828125,284.17999267578125,127.70999908447266,142.7783203125
2026-02-04,276.23150634765625,241.64999389648438,200.19000244140625,232.99000549316406,55.380001068115234,1076.1600341796875,978.3499755859375,75.23999786376953,107.05000305175781,401.7300109863281,13.671928405761719,146.22999572753906,445.6400146484375,27.549999237060547,317.2699890136719,77.3499984741211,52.59000015258789,553.52001953125,323.69000244140625,413.2467956542969,4.159999847412109,174.19000244140625,10.44265365600586,26.780000686645508,96.3486557006836,686.1900024414062,112.9809341430664,241.38999938964844,406.010009765625,70.25386047363281,275.9200134277344,128.0,146.61276245117188
2026-02-05,275.6520690917969,233.5800018310547,192.5,222.69000244140625,54.939998626708984,1054.800048828125,989.2899780273438,76.33000183105469,104.97000122070312,393.42999267578125,13.572999954223633,149.3699951171875,434.9100036621094,27.31999969482422,310.1600036621094,78.51000213623047,52.5099983215332,551.8900146484375,323.4800109863281,392.7735290527344,4.170000076293945,171.8800048828125,10.492238998413086,26.489999771118164,95.45442199707031,677.6199951171875,109.73396301269531,237.19000244140625,397.2099914550781,71.0279541015625,268.54998779296875,126.94000244140625,145.11277770996094
2026-02-06,277.8599853515625,240.6199951171875,208.44000244140625,210.32000732421875,56.529998779296875,1056.3800048828125,1001.1599731445312,78.3499984741211,108.69999694824219,394.8800048828125,13.652142524719238,152.5,443.7699890136719,28.06999969482422,322.3999938964844,79.02999877929688,54.2599983215332,548.739990234375,327.1600036621094,400.22650146484375,4.260000228881836,185.41000366210938,10.690580368041992,27.219999313354492,98.81275939941406,690.6199951171875,114.38664245605469,244.22000122070312,411.1099853515625,71.57379150390625,276.6499938964844,131.17999267578125,148.0631103515625
2026-02-09,274.6199951171875,236.75999450683594,216.0,208.72000122070312,56.40999984741211,1079.9000244140625,997.5900268554688,75.7699966430664,107.12999725341797,392.1600036621094,13.444393157958984,151.67999267578125,437.5,28.010000228881836,322.1000061035156,77.97000122070312,53.36000061035156,535.3300170898438,325.6000061035156,412.65814208984375,4.25,190.0399932861328,10.56165885925293,27.049999237060547,98.34577941894531,693.9500122070312,114.35694122314453,242.38999938964844,417.32000732421875,70.81954193115234,275.70001220703125,129.02000427246094,150.20880126953125
2026-02-10,273.67999267578125,240.86000061035156,213.57000732421875,206.9600067138672,55.38999938964844,1087.780029296875,971.22998046875,75.69999694824219,109.95999908447266,389.7300109863281,13.424606323242188,147.22999572753906,421.3900146484375,28.350000381469727,318.2799987792969,76.80999755859375,54.06999969482422,540.3900146484375,325.9700012207031,412.328857421875,4.320000171661377,188.5399932861328,10.690580368041992,27.610000610351562,96.90506744384766,692.1199951171875,112.09000396728516,238.24000549316406,425.2099914550781,71.4249267578125,273.2200012207031,126.69999694824219,150.58628845214844
2026-02-11,275.5,230.42999267578125,213.5800018310547,204.0800018310547,53.849998474121094,1082.8800048828125,978.1400146484375,77.0199966430664,108.12000274658203,384.0,13.701607704162598,155.8000030517578,399.69000244140625,28.270000457763672,310.82000732421875,78.5999984741211,51.43000030517578,537.4600219726562,323.2099914550781,403.4491271972656,4.5,190.0500030517578,10.264147758483887,27.729999542236328,98.48487854003906,691.9600219726562,114.61000061035156,242.80999755859375,428.2699890136719,72.71507263183594,278.9100036621094,128.77000427246094,154.52999877929688
2026-02-12,261.7300109863281,222.0500030517578,205.94000244140625,199.60000610351562,52.52000045776367,1055.6300048828125,998.8599853515625,77.93000030517578,102.37999725341797,381.7799987792969,13.850000381469727,151.80999755859375,397.9599914550781,27.520000457763672,302.6400146484375,79.0,50.83000183105469,527.4600219726562,332.0799865722656,400.9248962402344,4.460000038146973,186.94000244140625,10.085640907287598,27.469999313354492,96.13999938964844,681.27001953125,112.69000244140625,241.63999938964844,417.07000732421875,72.90364074707031,284.3699951171875,133.63999938964844,149.92999267578125
2026-02-13,255.77999877929688,224.22999572753906,207.32000732421875,198.7899932861328,52.54999923706055,1071.510009765625,1018.47998046875,78.4800033569336,105.44999694824219,375.5,14.119999885559082,154.97999572753906,399.3999938964844,27.139999389648438,302.54998779296875,78.68000030517578,51.11000061035156,518.3599853515625,327.5799865722656,400.4060974121094,4.539999961853027,182.80999755859375,10.164977073669434,27.579999923706055,93.79000091552734,681.75,115.76000213623047,248.2899932861328,417.44000244140625,74.02507781982422,293.19000244140625,133.88999938964844,148.4499969482422
2026-02-17,263.8800048828125,219.88999938964844,203.0800018310547,201.14999389648438,52.7400016784668,1072.6700439453125,1012.0499877929688,78.19999694824219,105.44000244140625,373.5,14.130000114440918,155.27000427246094,379.1700134277344,27.329999923706055,307.1300048828125,79.55999755859375,54.2599983215332,521.9299926757812,327.6199951171875,395.95623779296875,4.619999885559082,184.97000122070312,10.155059814453125,27.3700008392334,95.38999938964844,682.8499755859375,116.54000091552734,245.50999450683594,410.6300048828125,73.39984893798828,289.0899963378906,128.85000610351562,146.19000244140625
2026-02-18,264.3500061035156,223.61000061035156,200.1199951171875,204.7899932861328,53.36000061035156,1092.260009765625,996.0800170898438,77.75,107.0999984741211,382.989990234375,13.850000381469727,152.74000549316406,389.57000732421875,27.40999984741211,308.7799987792969,79.48999786376953,54.79999923706055,527.97998046875,327.8900146484375,398.69000244140625,4.730000019073486,187.97999572753906,11.02776050567627,27.3700008392334,95.76000213623047,686.2899780273438,115.66000366210938,243.1999969482422,411.32000732421875,71.87151336669922,288.20001220703125,126.62000274658203,150.67999267578125
2026-02-19,260.5799865722656,214.9499969482422,203.3699951171875,204.86000061035156,52.77000045776367,1081.280029296875,987.8200073242188,77.31999969482422,106.0,385.1300048828125,13.779999732971191,151.1199951171875,381.5400085449219,27.270000457763672,308.04998779296875,78.91000366210938,52.08000183105469,520.260009765625,327.1099853515625,398.4599914550781,4.829999923706055,187.89999389648438,10.541825294494629,26.860000610351562,95.80000305175781,684.47998046875,115.66000366210938,241.64999389648438,411.7099914550781,71.4646224975586,289.92999267578125,124.87000274658203,150.97000122070312
2026-02-20,264.5799865722656,215.35000610351562,200.14999389648438,210.11000061035156,53.060001373291016,1093.6400146484375,985.27001953125,76.69000244140625,105.58000183105469,384.6099853515625,14.010000228881836,151.39999389648438,380.54998779296875,27.40999984741211,310.7900085449219,79.83999633789062,52.09000015258789,526.4099731445312,329.2300109863281,397.2300109863281,4.929999828338623,189.82000732421875,10.422820091247559,26.649999618530273,97.48999786376953,689.4299926757812,116.69000244140625,239.60000610351562,411.82000732421875,72.67538452148438,290.0,122.98999786376953,147.27999877929688
2026-02-23,266.17999267578125,201.17999267578125,196.60000610351562,205.27000427246094,51.06999969482422,1071.010009765625,986.02001953125,77.0,104.41000366210938,400.3599853515625,13.640000343322754,149.8300018310547,359.54998779296875,27.229999542236328,297.6700134277344,80.55999755859375,50.900001525878906,496.0299987792969,334.55999755859375,384.4700012207031,4.920000076293945,191.5500030517578,10.293898582458496,27.059999465942383,94.77999877929688,682.3900146484375,113.33999633789062,238.02999877929688,399.8299865722656,73.4197006225586,282.3399963378906,125.80999755859375,150.75999450683594
2026-02-24,272.1400146484375,196.72999572753906,213.83999633789062,208.55999755859375,50.40999984741211,1081.050048828125,998.4299926757812,74.18000030517578,106.05000305175781,414.20001220703125,14.199999809265137,147.63999938964844,358.7099914550781,27.520000457763672,297.29998779296875,80.72000122070312,50.63999938964844,498.0,333.04998779296875,389.0,5.0,192.85000610351562,10.541825294494629,27.139999389648438,96.51000213623047,687.3499755859375,115.5199966430664,238.63999938964844,409.3800048828125,74.02507781982422,273.95001220703125,126.75,149.25999450683594
2026-02-25,274.2300109863281,191.5,210.86000061035156,210.63999938964844,51.689998626708984,1093.780029296875,994.760009765625,76.19000244140625,105.05000305175781,403.94000244140625,14.430000305175781,147.1199951171875,381.2300109863281,27.540000915527344,303.29998779296875,80.47000122070312,49.88999938964844,509.3900146484375,333.010009765625,400.6000061035156,5.039999961853027,195.55999755859375,10.571576118469238,27.09000015258789,97.93000030517578,693.1500244140625,116.44000244140625,241.72999572753906,417.3999938964844,72.6456069946289,284.20001220703125,125.75,149.05999755859375
2026-02-26,272.95001220703125,207.3800048828125,203.67999267578125,207.9199981689453,52.29999923706055,1090.27001953125,986.739990234375,78.01000213623047,105.55000305175781,399.2900085449219,14.40999984741211,143.77000427246094,394.4200134277344,26.979999542236328,306.1300048828125,80.5,50.93000030517578,514.77001953125,334.5299987792969,401.7200012207031,5.400000095367432,184.88999938964844,10.760000228881836,27.100000381469727,98.08000183105469,689.2999877929688,114.79000091552734,242.6199951171875,408.5799865722656,72.7249984741211,286.6600036621094,124.41999816894531,148.5399932861328
2026-02-27,264.17999267578125,208.72000122070312,200.2100067138672,210.0,49.83000183105469,1063.22998046875,1010.7899780273438,79.9000015258789,106.04000091552734,402.510009765625,14.09000015258789,148.9499969482422,409.0299987792969,26.530000686645508,300.29998779296875,81.55999755859375,49.2599983215332,517.2100219726562,341.05999755859375,392.739990234375,5.730000019073486,177.19000244140625,10.729999542236328,27.649999618530273,98.0199966430664,685.989990234375,113.79000091552734,242.3800048828125,402.510009765625,73.75,293.2699890136719,127.94999694824219,152.5
2026-03-02,264.7200012207031,205.92999267578125,198.6199951171875,208.38999938964844,49.810001373291016,1068.31005859375,1002.77001953125,81.66000366210938,104.33000183105469,401.3699951171875,13.390000343322754,150.02999877929688,419.05999755859375,26.350000381469727,297.55999755859375,80.22000122070312,48.27000045776367,521.0,334.82000732421875,398.54998779296875,5.960000038146973,182.47999572753906,10.770000457763672,27.260000228881836,96.76000213623047,686.3800048828125,113.16999816894531,243.66000366210938,403.32000732421875,71.4800033569336,294.92999267578125,127.0999984741211,154.22000122070312
